<?xml version="1.0" encoding="utf-8" ?>
<Defs>

  <DutyDef>
    <defName>Vote</defName>
    <hook>MediumPriority</hook>
    <thinkNode Class="ThinkNode_Priority">
      <subNodes>
        <!-- Reach the party area -->
        <li Class="Psychology.JobGiver_Vote"/>
		
        <li Class="ThinkNode_ConditionalInGatheringArea">
          <subNodes>
            <!-- Stand where you are and be socially active -->
            <li Class="ThinkNode_ConditionalRandom">
              <chance>0.35</chance>
              <subNodes>
                <li Class="JobGiver_StandAndBeSociallyActive">
                  <ticksRange>
                    <min>350</min>
                    <max>750</max>
                  </ticksRange>
                </li>
              </subNodes>
            </li>
            
            <!-- Wander -->
            <li Class="JobGiver_WanderInGatheringArea">
              <ticksBetweenWandersRange>
                <min>50</min>
                <max>250</max>
              </ticksBetweenWandersRange>
            </li>
          </subNodes>
        </li>
      </subNodes>
    </thinkNode>
  </DutyDef>
  
  <DutyDef>
    <defName>Meeting</defName>
    <thinkNode Class="ThinkNode_Priority">
      <subNodes>
		
        <li Class="ThinkNode_ConditionalInGatheringArea">
          <subNodes>
            <!-- Eat -->
            <li Class="ThinkNode_ConditionalRandom">
              <chance>0.05</chance>
              <subNodes>
                <li Class="JobGiver_EatInGatheringArea" />
              </subNodes>
            </li>
			
            <!-- Stand where you are and be socially active -->
            <li Class="ThinkNode_ConditionalRandom">
              <chance>0.35</chance>
              <subNodes>
                <li Class="JobGiver_StandAndBeSociallyActive">
                  <ticksRange>
                    <min>350</min>
                    <max>750</max>
                  </ticksRange>
                </li>
              </subNodes>
            </li>
            
            <!-- Wander -->
            <li Class="JobGiver_WanderInGatheringArea">
              <ticksBetweenWandersRange>
                <min>50</min>
                <max>250</max>
              </ticksBetweenWandersRange>
            </li>
          </subNodes>
        </li>
		
        <!-- Reach the party area -->
        <li Class="JobGiver_WanderInGatheringArea">
          <ticksBetweenWandersRange>
            <min>50</min>
            <max>250</max>
          </ticksBetweenWandersRange>
          <locomotionUrgency>Jog</locomotionUrgency>
        </li>
      </subNodes>
    </thinkNode>
  </DutyDef>
  
  <DutyDef>
    <defName>HangOut</defName>
    <thinkNode Class="ThinkNode_Priority">
		<subNodes>
			<li Class="ThinkNode_ConditionalStarving">
				<subNodes>
					<li Class="JobGiver_GetFood" />
				</subNodes>
			</li>
			<li Class="Psychology.JobGiver_SpendTimeTogether"/>
			<li Class="JobGiver_StandAndBeSociallyActive">
			  <ticksRange>
				<min>250</min>
				<max>750</max>
			  </ticksRange>
			</li>
		</subNodes>
    </thinkNode>
  </DutyDef>
  
  <DutyDef>
    <defName>Funeral</defName>
    <hook>MediumPriority</hook>
    <thinkNode Class="ThinkNode_Priority">
      <subNodes>
		
        <li Class="ThinkNode_ConditionalInGatheringArea">
          <subNodes>
            <!-- Eat -->
            <li Class="ThinkNode_ConditionalRandom">
              <chance>0.05</chance>
              <subNodes>
                <li Class="JobGiver_EatInGatheringArea" />
              </subNodes>
            </li>
			
            <!-- Wander -->
            <li Class="ThinkNode_ConditionalRandom">
              <chance>0.05</chance>
              <subNodes>
				<li Class="JobGiver_WanderInGatheringArea">
				  <ticksBetweenWandersRange>
					<min>50</min>
					<max>250</max>
				  </ticksBetweenWandersRange>
				</li>
              </subNodes>
            </li>
            
            <!-- Stand where you are and be socially active -->
			<li Class="JobGiver_StandAndBeSociallyActive">
			  <ticksRange>
				<min>400</min>
				<max>1000</max>
			  </ticksRange>
			</li>
          </subNodes>
        </li>
		
        <!-- Reach the party area -->
        <li Class="JobGiver_WanderInGatheringArea">
          <ticksBetweenWandersRange>
            <min>50</min>
            <max>250</max>
          </ticksBetweenWandersRange>
          <locomotionUrgency>Jog</locomotionUrgency>
        </li>
      </subNodes>
    </thinkNode>
  </DutyDef>
  
 <!-- <DutyDef>
    <defName>WardenTour</defName>
    <thinkNode Class="ThinkNode_Priority">
		<subNodes>
			<li Class="Psychology.JobGiver_WardenTour"/>
			<li Class="Psychology.JobGiver_FollowWarden"/>
		</subNodes>
    </thinkNode>
  </DutyDef> -->

</Defs>