<?xml version="1.0" encoding="utf-8" ?>
<Patch>
	<Operation Class="PatchOperationFindMod">
		<success>Always</success>
		<mods>
			<li>Prosthetic Combat Framework</li>
		</mods>
		<match Class="PatchOperationSequence">
			<operations>
				<li Class="PatchOperationFindMod">
					<success>Always</success>
					<mods>
						<li>Ultratech: Altered Carbon Remastered</li>
					</mods>
					<match Class="EvolvedOrgansRedux.PatchOperationChooseWorkbench">
						<modname>Ultratech: Altered Carbon Remastered</modname>
						<operations>
							<li Class="PatchOperationAdd">
								<xpath>/Defs</xpath>
								<value>
									<RecipeDef Name="UT_EVOR_Limbs4" ParentName="UT_EVOR_140protein2mechanites" Abstract="True">
										<researchPrerequisite>EVOR_Research_Limbs4</researchPrerequisite>
									</RecipeDef>
									<RecipeDef ParentName="UT_EVOR_Limbs4">
										<defName>UT_EVOR_MaggotBolter</defName>
										<label>voracious maggot bolter</label>
										<descriptionHyperlinks>
											<ThingDef>EVOR_Item_MaggotBolter</ThingDef>
										</descriptionHyperlinks>
										<products>
											<EVOR_Item_MaggotBolter>1</EVOR_Item_MaggotBolter>
										</products>
									</RecipeDef>
									<RecipeDef ParentName="UT_EVOR_Limbs4">
										<defName>UT_EVOR_VenomCrystal</defName>
										<label>venom crystal cannon</label>
										<descriptionHyperlinks>
											<ThingDef>EVOR_Item_VenomCrystal</ThingDef>
										</descriptionHyperlinks>
										<products>
											<EVOR_Item_VenomCrystal>1</EVOR_Item_VenomCrystal>
										</products>
									</RecipeDef>
									<RecipeDef ParentName="UT_EVOR_Limbs4">
										<defName>UT_EVOR_CryoSlime</defName>
										<label>cryogenic slime cannon</label>
										<descriptionHyperlinks>
											<ThingDef>EVOR_Item_CryoSlime</ThingDef>
										</descriptionHyperlinks>
										<products>
											<EVOR_Item_CryoSlime>1</EVOR_Item_CryoSlime>
										</products>
									</RecipeDef>
									<RecipeDef ParentName="UT_EVOR_Limbs4">
										<defName>UT_EVOR_ImpulseShock</defName>
										<label>impulse shock blaster</label>
										<descriptionHyperlinks>
											<ThingDef>EVOR_Item_ImpulseShock</ThingDef>
										</descriptionHyperlinks>
										<products>
											<EVOR_Item_ImpulseShock>1</EVOR_Item_ImpulseShock>
										</products>
									</RecipeDef>
									<RecipeDef ParentName="UT_EVOR_Limbs4">
										<defName>UT_EVOR_KaboomSpore</defName>
										<label>volatile spore array</label>
										<descriptionHyperlinks>
											<ThingDef>EVOR_Item_KaboomSpore</ThingDef>
										</descriptionHyperlinks>
										<products>
											<EVOR_Item_KaboomSpore>1</EVOR_Item_KaboomSpore>
										</products>
									</RecipeDef>
								</value>
							</li>
							<li Class="PatchOperationAdd">
								<xpath>/Defs/ThingDef[defName="UT_OrganIncubator"]/recipes</xpath>
								<value>
									<!-- Put here all the new recipe names for the organs -->
									<li>UT_EVOR_MaggotBolter</li>
									<li>UT_EVOR_VenomCrystal</li>
									<li>UT_EVOR_CryoSlime</li>
									<li>UT_EVOR_ImpulseShock</li>
									<li>UT_EVOR_KaboomSpore</li>
								</value>
							</li>
						</operations>
					</match>
				</li>
			</operations>
		</match>
	</Operation>

</Patch>




