<?xml version="1.0" encoding="utf-8" ?>
<Patch>


<Operation Class="PatchOperationConditional">
    <xpath>Defs/BodyPartDef[defName="Tongue"]/beautyRelated</xpath>
    <match Class="PatchOperationReplace">
		<xpath>/Defs/BodyPartDef[defName="Tongue"]/beautyRelated</xpath>
        <value>
			<beautyRelated>false</beautyRelated>
        </value>
    </match>
</Operation>

	<!--<Operation Class="PatchOperationReplace">
		<xpath>/Defs/BodyPartDef[defName="Tongue"]/beautyRelated</xpath>
		<value>
			<beautyRelated>false</beautyRelated>
		</value>
	</Operation>-->
</Patch>

