<?xml version="1.0" encoding="utf-8" ?>
<Patch>
	<Operation Class="PatchOperationFindMod">
		<success>Always</success>
		<mods>
			<li>Questionable Ethics Enhanced</li>
			<li>Questionable Ethics Enhanced (Continued)</li>
		</mods>
		<match Class="PatchOperationSequence">
			<operations>
				<li Class ="PatchOperationAddModExtension">
					<xpath>Defs/HediffDef[contains(defName, "EVOR_Hediff_") and not(contains(defName, "EVOR_Hediff_Damage_"))]</xpath>
					<value>
						<li Class="QEthics.HediffTemplateProperties">
							<includeInGenomeTemplate>true</includeInGenomeTemplate>
							<includeInBrainTemplate>false</includeInBrainTemplate>
						</li>
					</value>
				</li>
			</operations>
		</match>
	</Operation>
	<Operation Class="PatchOperationFindMod">
		<success>Always</success>
		<mods>
			<li>Questionable Ethics Enhanced</li>
			<li>Questionable Ethics Enhanced (Continued)</li>
		</mods>
		<match Class="EvolvedOrgansRedux.PatchOperationChooseWorkbench">
			<modname>Questionable Ethics Enhanced</modname>
			<operations>
				<li Class="PatchOperationAdd">
					<xpath>/Defs/ResearchProjectDef[defName="EVOR_Research_Start3"]/prerequisites</xpath>
					<value>
						<li>QE_OrganVat</li>
					</value>
				</li>
				<li Class="PatchOperationRemove">
					<xpath>/Defs/RecipeDef[defName="EVOR_Production_Protein"]</xpath>
				</li>
                <li Class="PatchOperationRemove">
					<xpath>/Defs/RecipeDef[defName="EVOR_Production_Protein_Humie"]</xpath>
				</li>
				<li Class="PatchOperationRemove">
					<xpath>/Defs/RecipeDef[defName="EVOR_Production_Protein_Bulk"]</xpath>
				</li>
                <li Class="PatchOperationRemove">
					<xpath>/Defs/RecipeDef[defName="EVOR_Production_Protein_Humie_Bulk"]</xpath>
				</li>
				<li Class="PatchOperationRemove">
					<xpath>/Defs/ThingDef[defName="EVOR_Building_Cellbench"]</xpath>
				</li>
				<li Class="PatchOperationRemove">
					<xpath>/Defs/WorkGiverDef[defName="EVOR_DoBills_Cellbench"]</xpath>
				</li>
				<li Class="PatchOperationRemove">
					<xpath>/Defs/ThingDef[defName="EVOR_Item_Base"]/recipeMaker</xpath>
				</li>

				<!--Removes the initial research to make protein, this will be covered by QEE-->
				<li Class="PatchOperationRemove">
					<xpath>/Defs/ResearchProjectDef[defName="EVOR_Research_Start1"]</xpath>
				</li>

				<!--Replaces the reference to Start1 in Start2-->
				<li Class="PatchOperationReplace">
					<xpath>/Defs/ResearchProjectDef[defName="EVOR_Research_Start2"]/prerequisites</xpath>
					<value>
						<prerequisites>
							<li>Fabrication</li>
							<li>VitalsMonitor</li>
							<li>Bionics</li>
							<li>BiofuelRefining</li>
						</prerequisites>
					</value>
				</li>
				<li Class="PatchOperationAdd">
					<xpath>/Defs</xpath>
					<value>
						<RecipeDef Name="QE_NaturalOrganGrowerRecipeBase" Abstract="True">
							<descriptionHyperlinks>
								<ThingDef>QE_ProteinMash</ThingDef>
								<ThingDef>QE_NutrientSolution</ThingDef>
								<ThingDef>EVOR_Resource_Mechanites</ThingDef>
							</descriptionHyperlinks>
							<workAmount>300000</workAmount>
							<recipeUsers>
								<li>QE_Building_OrganVat</li>
							</recipeUsers>
							<modExtensions>
								<li Class="QEthics.RecipeGraphicProperties">
									<productGraphic>
										<graphicClass>Graphic_Single</graphicClass>
										<texPath>Effects/Organs/Shinzy_Organ</texPath>
										<shaderType>MoteGlow</shaderType>
										<drawRotated>false</drawRotated>
									</productGraphic>
								</li>
							</modExtensions>
						</RecipeDef>
						<!--A special recipe to make more Mechanites -->
						<RecipeDef ParentName="QE_NaturalOrganGrowerRecipeBase">
							<defName>EVOR_Propagate_Mechanites</defName>
							<label>propagate mechanites</label>
							<description>Stimulate a few nano mechanites to reproduce. Takes a long time.</description>
							<jobString>Making nano mechanites.</jobString>
							<workSpeedStat>ButcheryMechanoidSpeed</workSpeedStat>
							<effectWorking>ButcherMechanoid</effectWorking>
							<soundWorking>Recipe_ButcherCorpseMechanoid</soundWorking>
							<workAmount>100000</workAmount>
							<ingredients>
								<li>
								<filter>
									<thingDefs>
									<li>EVOR_Resource_Mechanites</li>
									</thingDefs>
								</filter>
								<count>5</count>
								</li>
								<li>
								<filter>
									<thingDefs>
									<li>Plasteel</li>
									</thingDefs>
								</filter>
								<count>25</count>
								</li>
								<li>
								<filter>
									<thingDefs>
									<li>Gold</li>
									</thingDefs>
								</filter>
								<count>5</count>
								</li>
								<li>
								<filter>
									<thingDefs>
									<li>QE_NutrientSolution</li>
									</thingDefs>
								</filter>
								<count>25</count>
								</li>
							</ingredients>
							<products>
								<EVOR_Resource_Mechanites>20</EVOR_Resource_Mechanites>
							</products>
							<researchPrerequisite>EVOR_Research_Start2</researchPrerequisite>
							<skillRequirements>
								<Crafting>10</Crafting>
							</skillRequirements>
							<workSkill>Crafting</workSkill>
						</RecipeDef>
						<RecipeDef Name="EVOR_Grower_90protein1mechanites" ParentName="QE_NaturalOrganGrowerRecipeBase" Abstract="True">
							<ingredients>
								<li>
									<filter>
										<thingDefs>
											<li>QE_NutrientSolution</li>
										</thingDefs>
									</filter>
									<count>180</count>
								</li>
								<li>
									<filter>
										<thingDefs>
											<li>QE_ProteinMash</li>
										</thingDefs>
									</filter>
									<count>15</count>
								</li>
								<li>
									<filter>
										<thingDefs>
											<li>EVOR_Resource_Mechanites</li>
										</thingDefs>
									</filter>
									<count>2</count>
								</li>
							</ingredients>
						</RecipeDef>
						<RecipeDef Name="EVOR_Grower_120protein2mechanites" ParentName="QE_NaturalOrganGrowerRecipeBase" Abstract="True">
							<ingredients>
								<li>
									<filter>
										<thingDefs>
											<li>QE_NutrientSolution</li>
										</thingDefs>
									</filter>
									<count>240</count>
								</li>
								<li>
									<filter>
										<thingDefs>
											<li>QE_ProteinMash</li>
										</thingDefs>
									</filter>
									<count>60</count>
								</li>
								<li>
									<filter>
										<thingDefs>
											<li>EVOR_Resource_Mechanites</li>
										</thingDefs>
									</filter>
									<count>2</count>
								</li>
							</ingredients>
						</RecipeDef>
						<RecipeDef Name="EVOR_Grower_150protein3mechanites" ParentName="QE_NaturalOrganGrowerRecipeBase" Abstract="True">
							<ingredients>
								<li>
									<filter>
										<thingDefs>
											<li>QE_NutrientSolution</li>
										</thingDefs>
									</filter>
									<count>300</count>
								</li>
								<li>
									<filter>
										<thingDefs>
											<li>QE_ProteinMash</li>
										</thingDefs>
									</filter>
									<count>75</count>
								</li>
								<li>
									<filter>
										<thingDefs>
											<li>EVOR_Resource_Mechanites</li>
										</thingDefs>
									</filter>
									<count>3</count>
								</li>
							</ingredients>
						</RecipeDef>
						<RecipeDef Name="EVOR_Grower_170protein4mechanites" ParentName="QE_NaturalOrganGrowerRecipeBase" Abstract="True">
							<ingredients>
								<li>
									<filter>
										<thingDefs>
											<li>QE_NutrientSolution</li>
										</thingDefs>
									</filter>
									<count>340</count>
								</li>
								<li>
									<filter>
										<thingDefs>
											<li>QE_ProteinMash</li>
										</thingDefs>
									</filter>
									<count>85</count>
								</li>
								<li>
									<filter>
										<thingDefs>
											<li>EVOR_Resource_Mechanites</li>
										</thingDefs>
									</filter>
									<count>4</count>
								</li>
							</ingredients>
						</RecipeDef>
						<RecipeDef Name="EVOR_Grower_300protein6mechanites" ParentName="QE_NaturalOrganGrowerRecipeBase" Abstract="True">
							<ingredients>
								<li>
									<filter>
										<thingDefs>
											<li>QE_NutrientSolution</li>
										</thingDefs>
									</filter>
									<count>600</count>
								</li>
								<li>
									<filter>
										<thingDefs>
											<li>QE_ProteinMash</li>
										</thingDefs>
									</filter>
									<count>200</count>
								</li>
								<li>
									<filter>
										<thingDefs>
											<li>EVOR_Resource_Mechanites</li>
										</thingDefs>
									</filter>
									<count>6</count>
								</li>
							</ingredients>
						</RecipeDef>
						<RecipeDef Name="EVOR_Grower_500protein10mechanites" ParentName="QE_NaturalOrganGrowerRecipeBase" Abstract="True">
							<ingredients>
								<li>
									<filter>
										<thingDefs>
											<li>QE_NutrientSolution</li>
										</thingDefs>
									</filter>
									<count>1000</count>
								</li>
								<li>
									<filter>
										<thingDefs>
											<li>QE_ProteinMash</li>
										</thingDefs>
									</filter>
									<count>250</count>
								</li>
								<li>
									<filter>
										<thingDefs>
											<li>EVOR_Resource_Mechanites</li>
										</thingDefs>
									</filter>
									<count>10</count>
								</li>
							</ingredients>
						</RecipeDef>

						<RecipeDef ParentName="EVOR_Grower_120protein2mechanites">
							<defName>EVOR_QEE_Heart_TriwovenPrimaryHeart</defName>
							<label>&lt;color=#00FFF7&gt;triwoven primary heart&lt;/color&gt;</label>
							<products>
								<EVOR_Item_Heart_TriwovenPrimaryHeart>1</EVOR_Item_Heart_TriwovenPrimaryHeart>
							</products>
							<researchPrerequisite>EVOR_Research_Organs1</researchPrerequisite>
						</RecipeDef>
						<RecipeDef ParentName="EVOR_Grower_120protein2mechanites">
							<defName>EVOR_QEE_Kidney_TripleFilterPassKidney</defName>
							<label>&lt;color=#00FFF7&gt;triple filter pass kidney&lt;/color&gt;</label>
							<products>
								<EVOR_Item_Kidney_TripleFilterPassKidney>1</EVOR_Item_Kidney_TripleFilterPassKidney>
							</products>
							<researchPrerequisite>EVOR_Research_Organs1</researchPrerequisite>
						</RecipeDef>
						<RecipeDef ParentName="EVOR_Grower_120protein2mechanites">
							<defName>EVOR_QEE_Kidney_PerspirationCleansingKidney</defName>
							<label>&lt;color=#00FFF7&gt;perspiration cleansing kidney&lt;/color&gt;</label>
							<products>
								<EVOR_Item_Kidney_PerspirationCleansingKidney>1</EVOR_Item_Kidney_PerspirationCleansingKidney>
							</products>
							<researchPrerequisite>EVOR_Research_Organs1</researchPrerequisite>
						</RecipeDef>
						<RecipeDef ParentName="EVOR_Grower_120protein2mechanites">
							<defName>EVOR_QEE_Lung_NanoAlveoliLung</defName>
							<label>&lt;color=#00FFF7&gt;nano-alveoli lung&lt;/color&gt;</label>
							<products>
								<EVOR_Item_Lung_NanoAlveoliLung>1</EVOR_Item_Lung_NanoAlveoliLung>
							</products>
							<researchPrerequisite>EVOR_Research_Organs2</researchPrerequisite>
						</RecipeDef>
						<RecipeDef ParentName="EVOR_Grower_120protein2mechanites">
							<defName>EVOR_QEE_Stomach_MultichamberStomach</defName>
							<label>&lt;color=#00FFF7&gt;multichamber stomach&lt;/color&gt;</label>
							<products>
								<EVOR_Item_Stomach_MultichamberStomach>1</EVOR_Item_Stomach_MultichamberStomach>
							</products>
							<researchPrerequisite>EVOR_Research_Organs1</researchPrerequisite>
						</RecipeDef>
						<RecipeDef ParentName="EVOR_Grower_120protein2mechanites">
							<defName>EVOR_QEE_Liver_QuadlobeLiver</defName>
							<label>&lt;color=#00FFF7&gt;quadlobe liver&lt;/color&gt;</label>
							<products>
								<EVOR_Item_Liver_QuadlobeLiver>1</EVOR_Item_Liver_QuadlobeLiver>
							</products>
							<researchPrerequisite>EVOR_Research_Organs1</researchPrerequisite>
						</RecipeDef>
						<RecipeDef ParentName="EVOR_Grower_120protein2mechanites">
							<defName>EVOR_QEE_Liver_RegenerativeLiver</defName>
							<label>&lt;color=#00FFF7&gt;regenerative liver&lt;/color&gt;</label>
							<products>
								<EVOR_Item_Liver_RegenerativeLiver>1</EVOR_Item_Liver_RegenerativeLiver>
							</products>
							<researchPrerequisite>EVOR_Research_Organs3</researchPrerequisite>
						</RecipeDef>
						<RecipeDef ParentName="EVOR_Grower_120protein2mechanites">
							<defName>EVOR_QEE_Spine_NeuroAcceleratedSpine</defName>
							<label>&lt;color=#00FFF7&gt;neuro accelerated spine&lt;/color&gt;</label>
							<products>
								<EVOR_Item_Spine_NeuroAcceleratedSpine>1</EVOR_Item_Spine_NeuroAcceleratedSpine>
							</products>
							<researchPrerequisite>EVOR_Research_Organs3</researchPrerequisite>
						</RecipeDef>
						<RecipeDef ParentName="EVOR_Grower_90protein1mechanites">
							<defName>EVOR_QEE_Eye_MultispectrumEye</defName>
							<label>&lt;color=#00FFF7&gt;multispectrum eye&lt;/color&gt;</label>
							<products>
								<EVOR_Item_Eye_MultispectrumEye>1</EVOR_Item_Eye_MultispectrumEye>
							</products>
							<researchPrerequisite>EVOR_Research_Organs2</researchPrerequisite>
						</RecipeDef>
						<RecipeDef ParentName="EVOR_Grower_90protein1mechanites">
							<defName>EVOR_QEE_Eye_IridescentEye</defName>
							<label>&lt;color=#00FFF7&gt;iridescent eye&lt;/color&gt;</label>
							<products>
								<EVOR_Item_Eye_IridescentEye>1</EVOR_Item_Eye_IridescentEye>
							</products>
							<researchPrerequisite>EVOR_Research_Organs2</researchPrerequisite>
						</RecipeDef>
						<RecipeDef ParentName="EVOR_Grower_90protein1mechanites">
							<defName>EVOR_QEE_MicroAnalyzerNose</defName>
							<label>&lt;color=#00FFF7&gt;micro analyzer nose&lt;/color&gt;</label>
							<products>
								<EVOR_Item_Nose_MicroAnalyzerNose>1</EVOR_Item_Nose_MicroAnalyzerNose>
							</products>
							<researchPrerequisite>EVOR_Research_Organs2</researchPrerequisite>
						</RecipeDef>
						<RecipeDef ParentName="EVOR_Grower_90protein1mechanites">
							<defName>EVOR_QEE_Nose_PheromoneReleaserNose</defName>
							<label>&lt;color=#00FFF7&gt;pheromone releaser nose&lt;/color&gt;</label>
							<products>
								<EVOR_Item_Nose_PheromoneReleaserNose>1</EVOR_Item_Nose_PheromoneReleaserNose>
							</products>
							<researchPrerequisite>EVOR_Research_Organs2</researchPrerequisite>
						</RecipeDef>
						<RecipeDef ParentName="EVOR_Grower_90protein1mechanites">
							<defName>EVOR_QEE_Ear_MultifrequencyEar</defName>
							<label>&lt;color=#00FFF7&gt;multifrequency ear&lt;/color&gt;</label>
							<products>
								<EVOR_Item_Ear_MultifrequencyEar>1</EVOR_Item_Ear_MultifrequencyEar>
							</products>
							<researchPrerequisite>EVOR_Research_Organs2</researchPrerequisite>
						</RecipeDef>
						<RecipeDef ParentName="EVOR_Grower_90protein1mechanites">
							<defName>EVOR_QEE_Jaw_DistendableJaw</defName>
							<label>&lt;color=#00FFF7&gt;distendable jaw&lt;/color&gt;</label>
							<products>
								<EVOR_Item_Jaw_DistendableJaw>1</EVOR_Item_Jaw_DistendableJaw>
							</products>
							<researchPrerequisite>EVOR_Research_Organs2</researchPrerequisite>
						</RecipeDef>
						<RecipeDef ParentName="EVOR_Grower_90protein1mechanites">
							<defName>EVOR_QEE_Jaw_VenomousFangs</defName>
							<label>&lt;color=#00FFF7&gt;venomous fangs&lt;/color&gt;</label>
							<products>
								<EVOR_Item_Jaw_VenomousFangs>1</EVOR_Item_Jaw_VenomousFangs>
							</products>
							<researchPrerequisite>EVOR_Research_Organs2</researchPrerequisite>
						</RecipeDef>
						<RecipeDef ParentName="EVOR_Grower_120protein2mechanites">
							<defName>EVOR_QEE_Appendage_ExtradextrousArm</defName>
							<label>&lt;color=#00FFF7&gt;extradextrous arm&lt;/color&gt;</label>
							<products>
								<EVOR_Item_Appendage_ExtradextrousArm>1</EVOR_Item_Appendage_ExtradextrousArm>
							</products>
							<researchPrerequisite>EVOR_Research_Limbs1</researchPrerequisite>
						</RecipeDef>
						<RecipeDef ParentName="EVOR_Grower_120protein2mechanites">
							<defName>EVOR_QEE_Appendage_RendingClaw</defName>
							<label>&lt;color=#00FFF7&gt;rending claw&lt;/color&gt;</label>
							<products>
								<EVOR_Item_Appendage_RendingClaw>1</EVOR_Item_Appendage_RendingClaw>
							</products>
							<researchPrerequisite>EVOR_Research_Limbs2</researchPrerequisite>
						</RecipeDef>
						<RecipeDef ParentName="EVOR_Grower_120protein2mechanites">
							<defName>EVOR_QEE_Appendage_HighPressurePincer</defName>
							<label>&lt;color=#00FFF7&gt;high pressure pincer&lt;/color&gt;</label>
							<products>
								<EVOR_Item_Appendage_HighPressurePincer>1</EVOR_Item_Appendage_HighPressurePincer>
							</products>
							<researchPrerequisite>EVOR_Research_Limbs2</researchPrerequisite>
						</RecipeDef>
						<RecipeDef ParentName="EVOR_Grower_120protein2mechanites">
							<defName>EVOR_QEE_Appendage_SonicImpactMace</defName>
							<label>&lt;color=#00FFF7&gt;sonic impact mace&lt;/color&gt;</label>
							<products>
								<EVOR_Item_Appendage_SonicImpactMace>1</EVOR_Item_Appendage_SonicImpactMace>
							</products>
							<researchPrerequisite>EVOR_Research_ExpandedLimbBattleUtility</researchPrerequisite>
						</RecipeDef>
						<RecipeDef ParentName="EVOR_Grower_120protein2mechanites">
							<defName>EVOR_QEE_Appendage_VenopillarArm</defName>
							<label>&lt;color=#00FFF7&gt;reinforced leg&lt;/color&gt;</label>
							<products>
								<EVOR_Item_Appendage_VenopillarArm>1</EVOR_Item_Appendage_VenopillarArm>
							</products>
							<researchPrerequisite>EVOR_Research_ExpandedLimbBattleUtility</researchPrerequisite>
						</RecipeDef>
						<RecipeDef ParentName="EVOR_Grower_150protein3mechanites">
							<defName>EVOR_QEE_Appendage_FrostMantisHook</defName>
							<label>&lt;color=#00FFF7&gt;frost mantis hook&lt;/color&gt;</label>
							<products>
								<EVOR_Item_Appendage_FrostMantisHook>1</EVOR_Item_Appendage_FrostMantisHook>
							</products>
							<researchPrerequisite>EVOR_Research_ExpandedLimbBattleUtility</researchPrerequisite>
						</RecipeDef>
						<RecipeDef ParentName="EVOR_Grower_150protein3mechanites">
							<defName>EVOR_QEE_Appendage_SalamanderWhip</defName>
							<label>&lt;color=#00FFF7&gt;salamander whip&lt;/color&gt;</label>
							<products>
								<EVOR_Item_Appendage_SalamanderWhip>1</EVOR_Item_Appendage_SalamanderWhip>
							</products>
							<researchPrerequisite>EVOR_Research_ExpandedLimbBattleUtility</researchPrerequisite>
						</RecipeDef>
						<RecipeDef ParentName="EVOR_Grower_120protein2mechanites">
							<defName>EVOR_QEE_Appendage_OssifiedBoneSaber</defName>
							<label>&lt;color=#00FFF7&gt;ossified bone saber&lt;/color&gt;</label>
							<products>
								<EVOR_Item_Appendage_OssifiedBoneSaber>1</EVOR_Item_Appendage_OssifiedBoneSaber>
							</products>
							<researchPrerequisite>EVOR_Research_Limbs1</researchPrerequisite>
						</RecipeDef>
						<RecipeDef ParentName="EVOR_Grower_120protein2mechanites">
							<defName>EVOR_QEE_Appendage_TriPlacedLimb</defName>
							<label>&lt;color=#00FFF7&gt;tri plated limb&lt;/color&gt;</label>
							<products>
								<EVOR_Item_Appendage_TriPlacedLimb>1</EVOR_Item_Appendage_TriPlacedLimb>
							</products>
							<researchPrerequisite>EVOR_Research_Limbs1</researchPrerequisite>
						</RecipeDef>
						<RecipeDef ParentName="EVOR_Grower_120protein2mechanites">
							<defName>EVOR_QEE_Appendage_ReinforcedLeg</defName>
							<label>&lt;color=#00FFF7&gt;reinforced leg&lt;/color&gt;</label>
							<products>
								<EVOR_Item_Appendage_ReinforcedLeg>1</EVOR_Item_Appendage_ReinforcedLeg>
							</products>
							<researchPrerequisite>EVOR_Research_Limbs1</researchPrerequisite>
						</RecipeDef>
						<RecipeDef ParentName="EVOR_Grower_120protein2mechanites">
							<defName>EVOR_QEE_Appendage_GraspingLeg</defName>
							<label>&lt;color=#00FFF7&gt;grasping leg&lt;/color&gt;</label>
							<products>
								<EVOR_Item_Appendage_GraspingLeg>1</EVOR_Item_Appendage_GraspingLeg>
							</products>
							<researchPrerequisite>EVOR_Research_Limbs1</researchPrerequisite>
						</RecipeDef>
						<RecipeDef ParentName="EVOR_Grower_120protein2mechanites">
							<defName>EVOR_QEE_Appendage_ShireHorseLeg</defName>
							<label>&lt;color=#00FFF7&gt;shire horse leg&lt;/color&gt;</label>
							<products>
								<EVOR_Item_Appendage_ShireHorseLeg>1</EVOR_Item_Appendage_ShireHorseLeg>
							</products>
							<researchPrerequisite>EVOR_Research_Limbs2</researchPrerequisite>
						</RecipeDef>
						<RecipeDef ParentName="EVOR_Grower_120protein2mechanites">
							<defName>EVOR_QEE_Appendage_WeightedTail</defName>
							<label>&lt;color=#00FFF7&gt;weigthed tail&lt;/color&gt;</label>
							<products>
								<EVOR_Item_Appendage_WeightedTail>1</EVOR_Item_Appendage_WeightedTail>
							</products>
							<researchPrerequisite>EVOR_Research_Limbs3</researchPrerequisite>
						</RecipeDef>
						<RecipeDef ParentName="EVOR_Grower_120protein2mechanites">
							<defName>EVOR_QEE_Tail_VenomousStinger</defName>
							<label>&lt;color=#00FFF7&gt;venomous stinger&lt;/color&gt;</label>
							<products>
								<EVOR_Item_Tail_VenomousStinger>1</EVOR_Item_Tail_VenomousStinger>
							</products>
							<researchPrerequisite>EVOR_Research_ExpandedLimbBattleUtility</researchPrerequisite>
						</RecipeDef>
						<RecipeDef ParentName="EVOR_Grower_120protein2mechanites">
							<defName>EVOR_QEE_Skull_PsychicResonanceTissue</defName>
							<label>&lt;color=#00FFF7&gt;psychic resonance tissue&lt;/color&gt;</label>
							<products>
								<EVOR_Item_Protection_Skull_PsychicResonanceTissue>1</EVOR_Item_Protection_Skull_PsychicResonanceTissue>
							</products>
							<researchPrerequisite>EVOR_Research_Outer1</researchPrerequisite>
						</RecipeDef>
						<RecipeDef ParentName="EVOR_Grower_120protein2mechanites">
							<defName>EVOR_QEE_Skull_InterferenceShielding</defName>
							<label>&lt;color=#00FFF7&gt;interference shielding&lt;/color&gt;</label>
							<products>
								<EVOR_Item_Protection_Skull_InterferenceShielding>1</EVOR_Item_Protection_Skull_InterferenceShielding>
							</products>
							<researchPrerequisite>EVOR_Research_Outer1</researchPrerequisite>
						</RecipeDef>
						<RecipeDef ParentName="EVOR_Grower_120protein2mechanites">
							<defName>EVOR_QEE_Skull_CranialPlating</defName>
							<label>&lt;color=#00FFF7&gt;cranial plating&lt;/color&gt;</label>
							<products>
								<EVOR_Item_Protection_Skull_CranialPlating>1</EVOR_Item_Protection_Skull_CranialPlating>
							</products>
							<researchPrerequisite>EVOR_Research_Outer1</researchPrerequisite>
						</RecipeDef>
						<RecipeDef ParentName="EVOR_Grower_120protein2mechanites">
							<defName>EVOR_QEE_Torso_MultilayeredDermalPlating</defName>
							<label>&lt;color=#00FFF7&gt;multilayered dermal plating&lt;/color&gt;</label>
							<products>
								<EVOR_Item_Protection_Torso_MultilayeredDermalPlating>1</EVOR_Item_Protection_Torso_MultilayeredDermalPlating>
							</products>
							<researchPrerequisite>EVOR_Research_Outer1</researchPrerequisite>
						</RecipeDef>
						<RecipeDef ParentName="EVOR_Grower_120protein2mechanites">
							<defName>EVOR_QEE_FlameRetardantSkin</defName>
							<label>&lt;color=#00FFF7&gt;flame retardant skin&lt;/color&gt;</label>
							<products>
								<EVOR_Item_Protection_Skin_FlameRetardantSkin>1</EVOR_Item_Protection_Skin_FlameRetardantSkin>
							</products>
							<researchPrerequisite>EVOR_Research_Outer1</researchPrerequisite>
						</RecipeDef>
						<RecipeDef ParentName="EVOR_Grower_120protein2mechanites">
							<defName>EVOR_QEE_Skin_VariableInsulationSkin</defName>
							<label>&lt;color=#00FFF7&gt;variable insulation skin&lt;/color&gt;</label>
							<products>
								<EVOR_Item_Protection_Skin_VariableInsulationSkin>1</EVOR_Item_Protection_Skin_VariableInsulationSkin>
							</products>
							<researchPrerequisite>EVOR_Research_Outer1</researchPrerequisite>
						</RecipeDef>
						<RecipeDef ParentName="EVOR_Grower_120protein2mechanites">
							<defName>EVOR_QEE_Skin_ShimmeringSkin</defName>
							<label>&lt;color=#00FFF7&gt;shimmering skin&lt;/color&gt;</label>
							<products>
								<EVOR_Item_Protection_Skin_ShimmeringSkin>1</EVOR_Item_Protection_Skin_ShimmeringSkin>
							</products>
							<researchPrerequisite>EVOR_Research_Outer1</researchPrerequisite>
						</RecipeDef>
						<RecipeDef ParentName="EVOR_Grower_120protein2mechanites">
							<defName>EVOR_QEE_Skin_RadiationAbsorbingSkin</defName>
							<label>&lt;color=#00FFF7&gt;radiation absorbing skin&lt;/color&gt;</label>
							<products>
								<EVOR_Item_Protection_Skin_RadiationAbsorbingSkin>1</EVOR_Item_Protection_Skin_RadiationAbsorbingSkin>
							</products>
							<researchPrerequisite>EVOR_Research_Outer1</researchPrerequisite>
						</RecipeDef>
						<RecipeDef ParentName="EVOR_Grower_120protein2mechanites">
							<defName>EVOR_QEE_Skin_PhytoplanktonSkin</defName>
							<label>&lt;color=#00FFF7&gt;phytoplankton skin&lt;/color&gt;</label>
							<products>
								<EVOR_Item_Protection_Skin_PhytoplanktonSkin>1</EVOR_Item_Protection_Skin_PhytoplanktonSkin>
							</products>
							<researchPrerequisite>EVOR_Research_Outer1</researchPrerequisite>
						</RecipeDef>
						<RecipeDef ParentName="EVOR_Grower_120protein2mechanites">
							<defName>EVOR_QEE_Ribcage_CalciumAlloyRibcage</defName>
							<label>&lt;color=#00FFF7&gt;calcium alloy ribcage&lt;/color&gt;</label>
							<products>
								<EVOR_Item_Protection_Ribcage_CalciumAlloyRibcage>1</EVOR_Item_Protection_Ribcage_CalciumAlloyRibcage>
							</products>
							<researchPrerequisite>EVOR_Research_Outer1</researchPrerequisite>
						</RecipeDef>
						<RecipeDef ParentName="EVOR_Grower_120protein2mechanites">
							<defName>EVOR_QEE_ReinforcedNeckMuscles</defName>
							<label>&lt;color=#00FFF7&gt;reinforced neck muscles&lt;/color&gt;</label>
							<products>
								<EVOR_Item_Protection_Neck_ReinforcedNeckMuscles>1</EVOR_Item_Protection_Neck_ReinforcedNeckMuscles>
							</products>
							<researchPrerequisite>EVOR_Research_Outer1</researchPrerequisite>
						</RecipeDef>
						<RecipeDef ParentName="EVOR_Grower_120protein2mechanites">
							<defName>EVOR_QEE_AbdominalAndChestcavity_ExtraNanofilterLung</defName>
							<label>&lt;color=#00FFF7&gt;extra nanofilter lung&lt;/color&gt;</label>
							<products>
								<EVOR_Item_AbdominalAndChestcavity_ExtraNanofilterLung>1</EVOR_Item_AbdominalAndChestcavity_ExtraNanofilterLung>
							</products>
							<researchPrerequisite>EVOR_Research_AdditionalOrgans</researchPrerequisite>
						</RecipeDef>
						<RecipeDef ParentName="EVOR_Grower_120protein2mechanites">
							<defName>EVOR_QEE_AbdominalAndChestcavity_AuxilaryHeart</defName>
							<label>&lt;color=#00FFF7&gt;auxilary heart&lt;/color&gt;</label>
							<products>
								<EVOR_Item_AbdominalAndChestcavity_AuxilaryHeart>1</EVOR_Item_AbdominalAndChestcavity_AuxilaryHeart>
							</products>
							<researchPrerequisite>EVOR_Research_AdditionalOrgans</researchPrerequisite>
						</RecipeDef>
						<RecipeDef ParentName="EVOR_Grower_120protein2mechanites">
							<defName>EVOR_QEE_AbdominalAndChestcavity_CombatSerumGland</defName>
							<label>&lt;color=#00FFF7&gt;combat serum gland&lt;/color&gt;</label>
							<products>
								<EVOR_Item_AbdominalAndChestcavity_CombatSerumGland>1</EVOR_Item_AbdominalAndChestcavity_CombatSerumGland>
							</products>
							<researchPrerequisite>EVOR_Research_AdditionalOrgans</researchPrerequisite>
						</RecipeDef>
						<RecipeDef ParentName="EVOR_Grower_120protein2mechanites">
							<defName>EVOR_QEE_AbdominalAndChestcavity_HormoneRegulator</defName>
							<label>&lt;color=#00FFF7&gt;hormone regulator&lt;/color&gt;</label>
							<products>
								<EVOR_Item_AbdominalAndChestcavity_HormoneRegulator>1</EVOR_Item_AbdominalAndChestcavity_HormoneRegulator>
							</products>
							<researchPrerequisite>EVOR_Research_AdditionalOrgans</researchPrerequisite>
						</RecipeDef>
						<RecipeDef ParentName="EVOR_Grower_120protein2mechanites">
							<defName>EVOR_QEE_AbdominalAndChestcavity_LymphaticProliferator</defName>
							<label>&lt;color=#00FFF7&gt;lymphatic proliferator&lt;/color&gt;</label>
							<products>
								<EVOR_Item_AbdominalAndChestcavity_LymphaticProliferator>1</EVOR_Item_AbdominalAndChestcavity_LymphaticProliferator>
							</products>
							<researchPrerequisite>EVOR_Research_AdditionalOrgans</researchPrerequisite>
						</RecipeDef>
						<RecipeDef ParentName="EVOR_Grower_120protein2mechanites">
							<defName>EVOR_QEE_AbdominalAndChestcavity_RasVacoule</defName>
							<label>&lt;color=#00FFF7&gt;ras vacoule&lt;/color&gt;</label>
							<products>
								<EVOR_Item_AbdominalAndChestcavity_RasVacoule>1</EVOR_Item_AbdominalAndChestcavity_RasVacoule>
							</products>
							<researchPrerequisite>EVOR_Research_AdditionalOrgans</researchPrerequisite>
						</RecipeDef>
						<RecipeDef ParentName="EVOR_Grower_170protein4mechanites">
							<defName>EVOR_QEE_Back_FeatheredWings</defName>
							<label>&lt;color=#00FFF7&gt;feathered wings&lt;/color&gt;</label>
							<products>
								<EVOR_Item_Back_FeatheredWings>1</EVOR_Item_Back_FeatheredWings>
							</products>
							<researchPrerequisite>EVOR_Research_Limbs3</researchPrerequisite>
						</RecipeDef>
						<RecipeDef ParentName="EVOR_Grower_300protein6mechanites">
							<defName>EVOR_QEE_Back_LeatheryWings</defName>
							<label>&lt;color=#00FFF7&gt;leathery wings&lt;/color&gt;</label>
							<products>
								<EVOR_Item_Back_LeatheryWings>1</EVOR_Item_Back_LeatheryWings>
							</products>
							<researchPrerequisite>EVOR_Research_Limbs3</researchPrerequisite>
						</RecipeDef>
						<RecipeDef ParentName="EVOR_Grower_170protein4mechanites">
							<defName>EVOR_QEE_Back_TentacleCluster</defName>
							<label>&lt;color=#00FFF7&gt;tentacle cluster&lt;/color&gt;</label>
							<products>
								<EVOR_Item_Back_TentacleCluster>1</EVOR_Item_Back_TentacleCluster>
							</products>
							<researchPrerequisite>EVOR_Research_Limbs3</researchPrerequisite>
						</RecipeDef>
						<RecipeDef ParentName="EVOR_Grower_170protein4mechanites">
							<defName>EVOR_QEE_Back_MusculatureBraces</defName>
							<label>&lt;color=#00FFF7&gt;musculature braces&lt;/color&gt;</label>
							<products>
								<EVOR_Item_Back_MusculatureBraces>1</EVOR_Item_Back_MusculatureBraces>
							</products>
							<researchPrerequisite>EVOR_Research_Limbs3</researchPrerequisite>
						</RecipeDef>
						<RecipeDef ParentName="EVOR_Grower_170protein4mechanites">
							<defName>EVOR_QEE_Back_PeltGrowth</defName>
							<label>&lt;color=#00FFF7&gt;pelt growth&lt;/color&gt;</label>
							<products>
								<EVOR_Item_Back_PeltGrowth>1</EVOR_Item_Back_PeltGrowth>
							</products>
							<researchPrerequisite>EVOR_Research_Limbs3</researchPrerequisite>
						</RecipeDef>
						<RecipeDef ParentName="EVOR_Grower_170protein4mechanites">
							<defName>EVOR_QEE_Back_WaterFilledGrowth</defName>
							<label>&lt;color=#00FFF7&gt;water filled growth&lt;/color&gt;</label>
							<products>
								<EVOR_Item_Back_WaterFilledGrowth>1</EVOR_Item_Back_WaterFilledGrowth>
							</products>
							<researchPrerequisite>EVOR_Research_Limbs3</researchPrerequisite>
						</RecipeDef>
						<RecipeDef ParentName="EVOR_Grower_500protein10mechanites">
							<defName>EVOR_QEE_Brain_NeuralHyperthreader</defName>
							<label>&lt;color=#00FFF7&gt;neural hyperthreader&lt;/color&gt;</label>
							<products>
								<EVOR_Item_Brain_NeuralHyperthreader>1</EVOR_Item_Brain_NeuralHyperthreader>
							</products>
							<researchPrerequisite>EVOR_Research_Brain1</researchPrerequisite>
						</RecipeDef>
						<RecipeDef ParentName="EVOR_Grower_500protein10mechanites">
							<defName>EVOR_QEE_Brain_ButchersNails</defName>
							<label>&lt;color=#00FFF7&gt;butchers nails&lt;/color&gt;</label>
							<products>
								<EVOR_Item_Brain_ButchersNails>1</EVOR_Item_Brain_ButchersNails>
							</products>
							<researchPrerequisite>EVOR_Research_Brain1</researchPrerequisite>
						</RecipeDef>
						<RecipeDef ParentName="EVOR_Grower_500protein10mechanites">
							<defName>EVOR_QEE_Brain_ReptilianFrontalCortex</defName>
							<label>&lt;color=#00FFF7&gt;reptilian frontal cortex&lt;/color&gt;</label>
							<products>
								<EVOR_Item_Brain_ReptilianFrontalCortex>1</EVOR_Item_Brain_ReptilianFrontalCortex>
							</products>
							<researchPrerequisite>EVOR_Research_Brain1</researchPrerequisite>
						</RecipeDef>
						<RecipeDef ParentName="EVOR_Grower_170protein4mechanites">
							<defName>EVOR_QEE_Sternum_PlagueLesions</defName>
							<label>&lt;color=#00FFF7&gt;plague lesions&lt;/color&gt;</label>
							<products>
								<EVOR_Item_Sternum_PlagueLesions>1</EVOR_Item_Sternum_PlagueLesions>
							</products>
							<researchPrerequisite>EVOR_Research_Artifact_Lesions</researchPrerequisite>
						</RecipeDef>
						<RecipeDef ParentName="EVOR_Grower_170protein4mechanites">
							<defName>EVOR_QEE_Sternum_ReinforcedTortoiseShell</defName>
							<label>&lt;color=#00FFF7&gt;reinforced tortoise shell&lt;/color&gt;</label>
							<products>
								<EVOR_Item_Sternum_ReinforcedTortoiseShell>1</EVOR_Item_Sternum_ReinforcedTortoiseShell>
							</products>
							<researchPrerequisite>EVOR_Research_Artifact_Tortoise</researchPrerequisite>
						</RecipeDef>
					</value>
				</li>
			</operations>
		</match>
	</Operation>
</Patch>