<?xml version="1.0" encoding="utf-8" ?>
<Patch>
	<Operation Class="PatchOperationFindMod">
		<success>Always</success>
		<mods>
			<li>Elite Bionics Framework</li>
		</mods>
		<match Class="PatchOperationSequence">
			<success>Always</success>
			<operations>
				<!-- Just giving all Hediffs a baseline -->
				<li Class="PatchOperationAdd">
					<success>Always</success>
					<xpath>/Defs/HediffDef[contains(defName, "EVOR_Hediff_") and not(contains(defName, "EVOR_Hediff_Damage_"))]/comps</xpath>
					<value>
						<li Class="EBF.Hediffs.HediffCompProperties_MaxHPAdjust">
							<linearAdjustment>5</linearAdjustment>
							<scaleAdjustment>0.2</scaleAdjustment>
						</li>
					</value>
				</li>
				<!-- Give Limbs a bit more added HP and less multiplicative HP -->
				<li Class="PatchOperationReplace">
					<success>Always</success>
					<xpath>/Defs/HediffDef[contains(defName, "EVOR_Hediff_Appendage_")]/comps/li[@Class="EBF.Hediffs.HediffCompProperties_MaxHPAdjust"]</xpath>
					<value>
						<li Class="EBF.Hediffs.HediffCompProperties_MaxHPAdjust">
							<linearAdjustment>15</linearAdjustment>
							<scaleAdjustment>0.1</scaleAdjustment>
						</li>
					</value>
				</li>
				<!-- Give Tails a bit more added HP and less multiplicative HP -->
				<li Class="PatchOperationReplace">
					<success>Always</success>
					<xpath>/Defs/HediffDef[contains(defName, "EVOR_Hediff_Tail_")]/comps/li[@Class="EBF.Hediffs.HediffCompProperties_MaxHPAdjust"]</xpath>
					<value>
						<li Class="EBF.Hediffs.HediffCompProperties_MaxHPAdjust">
							<linearAdjustment>15</linearAdjustment>
							<scaleAdjustment>0.1</scaleAdjustment>
						</li>
					</value>
				</li>
				<!-- Implants that are specifically for protection gain even more -->
				<li Class="PatchOperationReplace">
					<success>Always</success>
					<xpath>/Defs/HediffDef[contains(defName, "EVOR_Hediff_Protection_")]/comps/li[@Class="EBF.Hediffs.HediffCompProperties_MaxHPAdjust"]</xpath>
					<value>
						<li Class="EBF.Hediffs.HediffCompProperties_MaxHPAdjust">
							<linearAdjustment>20</linearAdjustment>
							<scaleAdjustment>0.2</scaleAdjustment>
						</li>
					</value>
				</li>
				<!-- Give the tri plated limb a bit extra -->
				<li Class="PatchOperationReplace">
					<success>Always</success>
					<xpath>/Defs/HediffDef[defName="EVOR_Hediff_Appendage_TriPlacedLimb"]/comps/li[@Class="EBF.Hediffs.HediffCompProperties_MaxHPAdjust"]</xpath>
					<value>
						<li Class="EBF.Hediffs.HediffCompProperties_MaxHPAdjust">
							<linearAdjustment>10</linearAdjustment>
							<scaleAdjustment>0.2</scaleAdjustment>
						</li>
					</value>
				</li>
				<!-- Give the combat related brain implants a bit extra -->
				<li Class="PatchOperationReplace">
					<success>Always</success>
					<xpath>/Defs/HediffDef[defName="EVOR_Hediff_Brain_ButchersNails"]/comps/li[@Class="EBF.Hediffs.HediffCompProperties_MaxHPAdjust"]</xpath>
					<value>
						<li Class="EBF.Hediffs.HediffCompProperties_MaxHPAdjust">
							<linearAdjustment>10</linearAdjustment>
							<scaleAdjustment>0.2</scaleAdjustment>
						</li>
					</value>
				</li>
				<li Class="PatchOperationReplace">
					<success>Always</success>
					<xpath>/Defs/HediffDef[defName="EVOR_Hediff_Brain_ReptilianFrontalCortex"]/comps/li[@Class="EBF.Hediffs.HediffCompProperties_MaxHPAdjust"]</xpath>
					<value>
						<li Class="EBF.Hediffs.HediffCompProperties_MaxHPAdjust">
							<linearAdjustment>10</linearAdjustment>
							<scaleAdjustment>0.2</scaleAdjustment>
						</li>
					</value>
				</li>
			</operations>
		</match>
	</Operation>
</Patch>