<?xml version="1.0" encoding="utf-8" ?>
<Defs>
  <!-- https://steamcommunity.com/sharedfiles/filedetails/?id=2045064990 -->

  <BionicIconsTextureDef>
    <defName>connBionic</defName>
    <texture>Things/Item/Health/HealthItem</texture>
    <onlyForColor>(189,169,118)</onlyForColor>
    <replacement>BionicIcons/Boxes/BionicAdvanced</replacement>
    <onlyForMod>kikohi.cybernetic</onlyForMod>
  </BionicIconsTextureDef>
  <BionicIconsTextureDef>
    <defName>connProsthetic</defName>
    <texture>Things/Item/Health/HealthItem</texture>
    <onlyForColor>(154,124,104)</onlyForColor>
    <replacement>BionicIcons/Boxes/ProstheticAdvanced</replacement>
    <onlyForMod>kikohi.cybernetic</onlyForMod>
  </BionicIconsTextureDef>
</Defs>
