<?xml version="1.0" encoding="utf-8" ?>

<SkinSet>
  
  <lifeStage>
    <appliesToAll>true</appliesToAll>
    <variants>
	  <skin>
	    <commonality>1</commonality>
        <texName>AA_MeadowAve_1</texName>
      </skin>
	  <skin>
	    <commonality>1</commonality>
        <texName>AA_MeadowAve_2</texName>
      </skin>
	  <skin>
	    <commonality>1</commonality>
        <texName>AA_MeadowAve_3</texName>
      </skin>
	  <skin>
	    <commonality>1</commonality>
        <texName>AA_MeadowAve_4</texName>
      </skin>
	  <skin>
	    <commonality>1</commonality>
        <texName>AA_MeadowAve_5</texName>
      </skin>
	  <skin>
	    <commonality>1</commonality>
        <texName>AA_MeadowAve_6</texName>
      </skin>
	  <skin>
	    <commonality>1</commonality>
        <texName>AA_MeadowAve_7</texName>
      </skin>
	  <skin>
	    <commonality>1</commonality>
        <texName>AA_MeadowAve_8</texName>
      </skin>
	  <skin>
	    <commonality>1</commonality>
        <texName>AA_MeadowAve_9</texName>
      </skin>
    </variants>
    <winterCoat>
      <useWinterCoat>false</useWinterCoat>
    </winterCoat>
  </lifeStage>
  
</SkinSet>