<?xml version="1.0" encoding="utf-8" ?>
<Defs>
	<RecipeDef Name="EVOR_SurgeryInstallImplant_Base" ParentName="SurgeryInstallImplantBase" Abstract="True">
		<workAmount>3000</workAmount>
		<workerClass>Recipe_InstallArtificialBodyPart</workerClass>
		<ingredients>
			<li>
				<filter>
					<categories>
						<li>Medicine</li>
					</categories>
				</filter>
				<count>2</count>
			</li>
		</ingredients>
		<fixedIngredientFilter>
			<categories>
				<li>Medicine</li>
			</categories>
		</fixedIngredientFilter>
		<recipeUsers>
			<li>Human</li>
		</recipeUsers>
	</RecipeDef>
	
	<RecipeDef Name="EVOR_SurgeryInstallBodyPartArtificial_Base" ParentName="EVOR_SurgeryInstallImplant_Base" Abstract="True">
		<workerClass>Recipe_InstallArtificialBodyPart</workerClass>
	</RecipeDef>
</Defs>