<?xml version="1.0" encoding="utf-8" ?>
<Defs>
    <WorkGiverDef>
		<defName>WorkGiver_DestroyItem</defName>
		<label>destroy item</label>
		<verb>destroy</verb>
		<gerund>destroying</gerund>
		<giverClass>DestroyItem.WorkGiver_DestroyItem</giverClass>
		<scanThings>true</scanThings>
		<scanCells>false</scanCells>
		<workType>Hauling</workType>
		<priorityInType>50</priorityInType>
		<requiredCapacities>
			<li>Manipulation</li>
		</requiredCapacities>
    </WorkGiverDef>
</Defs>
