<?xml version="1.0" encoding="utf-8" ?>
<Patch>
	<Operation Class="PatchOperationAdd">
		<xpath>Defs/HediffDef[defName="EVOR_Hediff_AbdominalAndChestcavity_RasVacoule"]/comps</xpath>
		<value>
			<li Class="EvolvedOrgansRedux.EVOR_HediffCompProperties_AddTrait">
				<traitDef>EVOR_RasVacoule</traitDef>
			</li>
		</value>
	</Operation>
	<Operation Class="PatchOperationAdd">
		<xpath>Defs/ThoughtDef[defName="AgeReversalDemanded"]</xpath>
		<value>
			<nullifyingTraits>
				<li>EVOR_RasVacoule</li>
			</nullifyingTraits>
		</value>
	</Operation>
</Patch>