<?xml version="1.0" encoding="utf-8" ?>
<Patch>
	<Operation Class="PatchOperationFindMod">
		<success>Always</success>
		<mods>
			<li>Ultratech: Altered Carbon Remastered</li>
		</mods>
		<match Class="EvolvedOrgansRedux.PatchOperationChooseWorkbench">
			<modname>Ultratech: Altered Carbon Remastered</modname>
			<operations>
				<li Class="PatchOperationAdd">
					<xpath>/Defs</xpath>
					<value>
						<RecipeDef ParentName="EVOR_UT_Organs2">
							<defName>UT_EVOR_Eye_EyeOfTheVoid</defName>
							<label>&lt;color=#00FFF7&gt;eye of the void&lt;/color&gt;</label>
							<descriptionHyperlinks>
								<RecipeDef>EVOR_SurgeryInstall_Eye_EyeOfTheVoid</RecipeDef>
								<HediffDef>EVOR_Hediff_Eye_EyeOfTheVoid</HediffDef>
							</descriptionHyperlinks>
							<products>
								<EVOR_Item_Eye_EyeOfTheVoid>1</EVOR_Item_Eye_EyeOfTheVoid>
							</products>
						</RecipeDef>
					</value>
				</li>
				<li Class="PatchOperationAdd">
					<xpath>/Defs/ThingDef[defName="UT_OrganIncubator"]/recipes</xpath>
					<value>
						<!-- Put here all the new recipe names for the organs -->
						<li>UT_EVOR_Eye_EyeOfTheVoid</li>
					</value>
				</li>
			</operations>
		</match>
	</Operation>
</Patch>