<?xml version="1.0" encoding="utf-8" ?>
<Patch>
	<Operation Class="PatchOperationFindMod">
		<success>Always</success>
		<mods>
			<li>Questionable Ethics Enhanced</li>
			<li>Questionable Ethics Enhanced (Continued)</li>
		</mods>
		<match Class="PatchOperationSequence">
			<operations>
				<li Class ="PatchOperationAddModExtension">
					<xpath>Defs/HediffDef[contains(defName, "EVOR_Hediff_") and not(contains(defName, "EVOR_Hediff_Damage_"))]</xpath>
					<value>
						<li Class="QEthics.HediffTemplateProperties">
							<includeInGenomeTemplate>true</includeInGenomeTemplate>
							<includeInBrainTemplate>false</includeInBrainTemplate>
						</li>
					</value>
				</li>
			</operations>
		</match>
	</Operation>
	<Operation Class="PatchOperationFindMod">
		<success>Always</success>
		<mods>
			<li>Questionable Ethics Enhanced</li>
			<li>Questionable Ethics Enhanced (Continued)</li>
		</mods>
		<match Class="EvolvedOrgansRedux.PatchOperationChooseWorkbench">
			<modname>Questionable Ethics Enhanced</modname>
			<operations>
				<li Class="PatchOperationAdd">
					<xpath>/Defs</xpath>
					<value>
						<RecipeDef ParentName="EVOR_Grower_90protein1mechanites">
							<defName>EVOR_QEE_Eye_EyeOfTheVoid</defName>
							<label>&lt;color=#00FFF7&gt;eye of the void&lt;/color&gt;</label>
							<products>
								<EVOR_Item_Eye_EyeOfTheVoid>1</EVOR_Item_Eye_EyeOfTheVoid>
							</products>
							<researchPrerequisite>EVOR_Research_Organs2</researchPrerequisite>
						</RecipeDef>
					</value>
				</li>
			</operations>
		</match>
	</Operation>
</Patch>