<?xml version="1.0"?>
<Defs>

  <RecipeDef>
    <defName>MakeMendingKit</defName>
    <label>make mending kits</label>
    <description>Crafts mending kits from materials. Produces enough to re-stock the mending table.</description>
    <jobString>Crafting mending kit.</jobString>
    <workAmount>500</workAmount>
    <workSpeedStat>GeneralLaborSpeed</workSpeedStat>
    <effectWorking>Smith</effectWorking>
    <soundWorking>Recipe_Smith</soundWorking>
    <ingredients>
      <li>
        <filter>
          <thingDefs>
            <li>Steel</li>
          </thingDefs>
        </filter>
        <count>45</count>
      </li>
      <li>
        <filter>
          <categories>
            <li>Textiles</li>
          </categories>
        </filter>
        <count>30</count>
      </li>
    </ingredients>
    <fixedIngredientFilter>
      <thingDefs>
        <li>Steel</li>
      </thingDefs>
      <categories>
        <li>Textiles</li>
      </categories>
    </fixedIngredientFilter>
    <products>
      <MendingKit>5</MendingKit>
    </products>
    <skillRequirements>
      <Crafting>4</Crafting>
    </skillRequirements>
    <workSkill>Crafting</workSkill>
    <recipeUsers>
      <li>ElectricTailoringBench</li>
      <li>HandTailoringBench</li>
    </recipeUsers>
  </RecipeDef>

</Defs>
