﻿<?xml version="1.0" encoding="utf-8" ?>
<Defs>

  <ThingDef Name="BaseMakeableMakeshiftGun" ParentName="BaseGun" Abstract="True">
    <recipeMaker>
      <workSpeedStat>GeneralLaborSpeed</workSpeedStat>
      <workSkill>Crafting</workSkill>
      <effectWorking>Smith</effectWorking>
      <soundWorking>Recipe_Smith</soundWorking>
      <recipeUsers>
        <li>CraftingSpot</li>
      </recipeUsers>
      <unfinishedThingDef>UnfinishedGun</unfinishedThingDef>
      <researchPrerequisite>VWE_MakeshiftWeapons</researchPrerequisite>
    </recipeMaker>
    <weaponTags>
      <li>MakeshiftGun</li>
    </weaponTags>
  </ThingDef>

  <ThingDef ParentName="BaseMakeableMakeshiftGun">
    <defName>VWE_Gun_MakeshiftPistol</defName>
    <label>makeshift pistol</label>
    <description>An improvised, rough, ancient-design pattern blowback-operated self-loading pistol. It lacks stopping power and range and is prone to jamming.</description>
    <graphicData>
      <texPath>Things/Item/Equipment/WeaponRanged/MakeshiftPistol</texPath>
      <graphicClass>Graphic_Single</graphicClass>
    </graphicData>
    <uiIconScale>1.5</uiIconScale>
    <soundInteract>Interact_Autopistol</soundInteract>
    <recipeMaker>
      <skillRequirements>
        <Crafting>4</Crafting>
      </skillRequirements>
    </recipeMaker>
    <weaponTags>
      <li>MakeshiftGun</li>
    </weaponTags>
    <statBases>
      <WorkToMake>1000</WorkToMake>
      <Mass>1.2</Mass>
      <AccuracyTouch>0.70</AccuracyTouch>
      <AccuracyShort>0.60</AccuracyShort>
      <AccuracyMedium>0.30</AccuracyMedium>
      <AccuracyLong>0.20</AccuracyLong>
      <RangedWeapon_Cooldown>0.7</RangedWeapon_Cooldown>
    </statBases>
    <costList>
      <ComponentIndustrial>2</ComponentIndustrial>
    </costList>
    <verbs>
      <li>
        <verbClass>VWEMakeshift.Verb_MakeshiftShoot</verbClass>
        <hasStandardCommand>true</hasStandardCommand>
        <defaultProjectile>VWE_Bullet_MakeshiftPistol</defaultProjectile>
        <warmupTime>0.6</warmupTime>
        <range>19.9</range>
        <ticksBetweenBurstShots>10</ticksBetweenBurstShots>
        <soundCast>Shot_Autopistol</soundCast>
        <soundCastTail>GunTail_Light</soundCastTail>
        <muzzleFlashScale>9</muzzleFlashScale>
      </li>
    </verbs>
    <tools>
      <li>
        <label>grip</label>
        <capacities>
          <li>Blunt</li>
        </capacities>
        <power>9</power>
        <cooldownTime>2</cooldownTime>
      </li>
      <li>
        <label>barrel</label>
        <capacities>
          <li>Blunt</li>
          <li>Poke</li>
        </capacities>
        <power>9</power>
        <cooldownTime>2</cooldownTime>
      </li>
    </tools>
	<modExtensions>
		<li Class="VWEMakeshift.MoteProperties">
			<fleckDef>DustPuffThick</fleckDef>
			<size>0.5</size> <!-- Multiplier -->
			<velocity>2</velocity> <!-- Fixed amount -->
			<angleRange>-15~15</angleRange> <!-- Negative: Counter-clockwise Positive: Clockwise -->
			<rotationRange>-5~5</rotationRange> <!-- Negative: Counter-clockwise Positive: Clockwise -->
			<numTimesThrown>1</numTimesThrown> <!-- Fixed amount -->
		</li>
		<li Class="VWEMakeshift.MakeshiftProperties">
			<shots>0~1</shots>
		</li>
	</modExtensions>
  </ThingDef>
  <ThingDef ParentName="BaseBullet">
    <defName>VWE_Bullet_MakeshiftPistol</defName>
    <label>makeshift pistol bullet</label>
    <graphicData>
      <texPath>Things/Projectile/Bullet_Small</texPath>
      <graphicClass>Graphic_Single</graphicClass>
    </graphicData>
    <projectile>
      <damageDef>Bullet</damageDef>
      <damageAmountBase>8</damageAmountBase>
      <speed>55</speed>
    </projectile>
  </ThingDef>
  
  <ThingDef ParentName="BaseMakeableMakeshiftGun">
    <defName>VWE_Gun_MakeshiftSMG</defName>
    <label>makeshift SMG</label>
    <description>A small, home-made micro-submachine gun. It's short range and very prone to jamming due to the rough design and faulty elements. Its rate of fire tends to make up for its weakness.</description>
    <graphicData>
      <texPath>Things/Item/Equipment/WeaponRanged/MakeshiftSMG</texPath>
      <graphicClass>Graphic_Single</graphicClass>
    </graphicData>
    <uiIconScale>1.4</uiIconScale>
    <soundInteract>Interact_SMG</soundInteract>
    <recipeMaker>
      <skillRequirements>
        <Crafting>5</Crafting>
      </skillRequirements>
    </recipeMaker>
    <statBases>
      <WorkToMake>2000</WorkToMake>
      <Mass>2.5</Mass>
      <AccuracyTouch>0.90</AccuracyTouch>
      <AccuracyShort>0.70</AccuracyShort>
      <AccuracyMedium>0.20</AccuracyMedium>
      <AccuracyLong>0.05</AccuracyLong>
      <RangedWeapon_Cooldown>0.4</RangedWeapon_Cooldown>
    </statBases>
    <costList>
      <ComponentIndustrial>3</ComponentIndustrial>
    </costList>
    <verbs>
      <li>
        <verbClass>VWEMakeshift.Verb_MakeshiftShoot</verbClass>
        <hasStandardCommand>true</hasStandardCommand>
        <defaultProjectile>VWE_Bullet_MakeshiftSMG</defaultProjectile>
        <warmupTime>1</warmupTime>
        <range>19.9</range>
        <ticksBetweenBurstShots>7</ticksBetweenBurstShots>
        <soundCast>Shot_MachinePistol</soundCast>
        <soundCastTail>GunTail_Light</soundCastTail>
        <muzzleFlashScale>9</muzzleFlashScale>
      </li>
    </verbs>
    <tools>
      <li>
        <label>grip</label>
        <capacities>
          <li>Blunt</li>
        </capacities>
        <power>9</power>
        <cooldownTime>2</cooldownTime>
      </li>
      <li>
        <label>barrel</label>
        <capacities>
          <li>Blunt</li>
          <li>Poke</li>
        </capacities>
        <power>9</power>
        <cooldownTime>2</cooldownTime>
      </li>
    </tools>
	<modExtensions>
		<li Class="VWEMakeshift.MoteProperties">
			<fleckDef>DustPuffThick</fleckDef>
			<size>0.5</size> <!-- Multiplier -->
			<velocity>2</velocity> <!-- Fixed amount -->
			<angleRange>-15~15</angleRange> <!-- Negative: Counter-clockwise Positive: Clockwise -->
			<rotationRange>-5~5</rotationRange> <!-- Negative: Counter-clockwise Positive: Clockwise -->
			<numTimesThrown>1</numTimesThrown> <!-- Fixed amount -->
		</li>
		<li Class="VWEMakeshift.MakeshiftProperties">
			<shots>0~3</shots>
		</li>
	</modExtensions>
  </ThingDef>
  <ThingDef ParentName="BaseBullet">
    <defName>VWE_Bullet_MakeshiftSMG</defName>
    <label>makeshift SMG bullet</label>
    <graphicData>
      <texPath>Things/Projectile/Bullet_Small</texPath>
      <graphicClass>Graphic_Single</graphicClass>
    </graphicData>
    <projectile>
      <damageDef>Bullet</damageDef>
      <damageAmountBase>6</damageAmountBase>
      <speed>55</speed>
    </projectile>
  </ThingDef>

  <ThingDef ParentName="BaseMakeableMakeshiftGun">
    <defName>VWE_Gun_MakeshiftRifle</defName>
    <label>makeshift rifle</label>
    <description>A general-purpose gas-operated improvised assault rifle, utilising various salvaged components mounted on a militia rifle receiver. It has good range, decent power, and good accuracy, but is prone to jamming.</description>
    <graphicData>
      <texPath>Things/Item/Equipment/WeaponRanged/MakeshiftRifle</texPath>
      <graphicClass>Graphic_Single</graphicClass>
    </graphicData>
    <soundInteract>Interact_Rifle</soundInteract>
    <recipeMaker>
      <skillRequirements>
        <Crafting>6</Crafting>
      </skillRequirements>
    </recipeMaker>
    <statBases>
      <WorkToMake>5000</WorkToMake>
      <Mass>3.5</Mass>
      <AccuracyTouch>0.50</AccuracyTouch>
      <AccuracyShort>0.65</AccuracyShort>
      <AccuracyMedium>0.65</AccuracyMedium>
      <AccuracyLong>0.60</AccuracyLong>
      <RangedWeapon_Cooldown>1.70</RangedWeapon_Cooldown>
    </statBases>
    <costList>
      <ComponentIndustrial>4</ComponentIndustrial>
    </costList>
    <verbs>
      <li>
        <verbClass>VWEMakeshift.Verb_MakeshiftShoot</verbClass>
        <hasStandardCommand>true</hasStandardCommand>
        <defaultProjectile>Bullet_AssaultRifle</defaultProjectile>
        <warmupTime>1.2</warmupTime>
        <range>28.9</range>
        <ticksBetweenBurstShots>10</ticksBetweenBurstShots>
        <soundCast>Shot_AssaultRifle</soundCast>
        <soundCastTail>GunTail_Medium</soundCastTail>
        <muzzleFlashScale>9</muzzleFlashScale>
      </li>
    </verbs>
    <tools>
      <li>
        <label>stock</label>
        <capacities>
          <li>Blunt</li>
        </capacities>
        <power>9</power>
        <cooldownTime>2</cooldownTime>
      </li>
      <li>
        <label>barrel</label>
        <capacities>
          <li>Blunt</li>
          <li>Poke</li>
        </capacities>
        <power>9</power>
        <cooldownTime>2</cooldownTime>
      </li>
    </tools>
	<modExtensions>
		<li Class="VWEMakeshift.MoteProperties">
			<fleckDef>DustPuffThick</fleckDef>
			<size>0.5</size> <!-- Multiplier -->
			<velocity>2</velocity> <!-- Fixed amount -->
			<angleRange>-15~15</angleRange> <!-- Negative: Counter-clockwise Positive: Clockwise -->
			<rotationRange>-5~5</rotationRange> <!-- Negative: Counter-clockwise Positive: Clockwise -->
			<numTimesThrown>1</numTimesThrown> <!-- Fixed amount -->
		</li>
		<li Class="VWEMakeshift.MakeshiftProperties">
			<shots>1~5</shots>
		</li>
	</modExtensions>
  </ThingDef>
  <ThingDef ParentName="BaseBullet">
    <defName>VWE_Bullet_MakeshiftRifle</defName>
    <label>makeshift rifle bullet</label>
    <graphicData>
      <texPath>Things/Projectile/Bullet_Small</texPath>
      <graphicClass>Graphic_Single</graphicClass>
    </graphicData>
    <projectile>
      <damageDef>Bullet</damageDef>
      <damageAmountBase>10</damageAmountBase>
      <speed>70</speed>
    </projectile>
  </ThingDef>
  
  <ThingDef ParentName="BaseMakeableMakeshiftGun">
    <defName>VWE_Gun_MakeshiftShotgun</defName>
    <label>makeshift shotgun</label>
    <description>An improvised design powerful shotgun that emits a large barrage of pellets. Deadly, but short range. Due to numerous faults in design, the amount of pellets fired varies shot by shot.</description>
    <graphicData>
      <texPath>Things/Item/Equipment/WeaponRanged/MakeshiftShotgun</texPath>
      <graphicClass>Graphic_Single</graphicClass>
    </graphicData>
    <soundInteract>Interact_Shotgun</soundInteract>
    <statBases>
      <WorkToMake>3000</WorkToMake>
      <Mass>3.4</Mass>
      <AccuracyTouch>0.70</AccuracyTouch>
      <AccuracyShort>0.77</AccuracyShort>
      <AccuracyMedium>0.67</AccuracyMedium>
      <AccuracyLong>0.67</AccuracyLong>
      <RangedWeapon_Cooldown>1.5</RangedWeapon_Cooldown>
    </statBases>
    <costList>
      <ComponentIndustrial>3</ComponentIndustrial>
    </costList>
    <recipeMaker>
      <skillRequirements>
        <Crafting>6</Crafting>
      </skillRequirements>
    </recipeMaker>
    <verbs>
      <li>
        <verbClass>VWEMakeshift.Verb_MakeshiftShoot</verbClass>
        <hasStandardCommand>true</hasStandardCommand>
        <defaultProjectile>VWE_Bullet_MakeshiftShotgun</defaultProjectile>
        <warmupTime>1.1</warmupTime>
        <range>15.9</range>
        <ticksBetweenBurstShots>1</ticksBetweenBurstShots>
        <soundCast>Shot_Shotgun</soundCast>
        <soundCastTail>GunTail_Heavy</soundCastTail>
        <muzzleFlashScale>9</muzzleFlashScale>
      </li>
    </verbs>
    <tools>
      <li>
        <label>stock</label>
        <capacities>
          <li>Blunt</li>
        </capacities>
        <power>9</power>
        <cooldownTime>2</cooldownTime>
      </li>
      <li>
        <label>barrel</label>
        <capacities>
          <li>Blunt</li>
          <li>Poke</li>
        </capacities>
        <power>9</power>
        <cooldownTime>2</cooldownTime>
      </li>
    </tools>
	<modExtensions>
		<li Class="VWEMakeshift.MoteProperties">
			<fleckDef>DustPuffThick</fleckDef>
			<size>0.5</size> <!-- Multiplier -->
			<velocity>2</velocity> <!-- Fixed amount -->
			<angleRange>-15~15</angleRange> <!-- Negative: Counter-clockwise Positive: Clockwise -->
			<rotationRange>-5~5</rotationRange> <!-- Negative: Counter-clockwise Positive: Clockwise -->
			<numTimesThrown>1</numTimesThrown> <!-- Fixed amount -->
		</li>
		<li Class="VWEMakeshift.MakeshiftProperties">
			<shots>1~5</shots>
		</li>
	</modExtensions>
  </ThingDef>

  <ThingDef ParentName="BaseBullet">
    <defName>VWE_Bullet_MakeshiftShotgun</defName>
    <label>makeshift shotgun pellet</label>
    <graphicData>
      <texPath>Things/Projectile/Bullet_Small</texPath>
      <graphicClass>Graphic_Single</graphicClass>
    </graphicData>
    <projectile>
      <damageDef>Bullet</damageDef>
      <damageAmountBase>4</damageAmountBase>
      <stoppingPower>3</stoppingPower>
      <armorPenetrationBase>0.14</armorPenetrationBase>
      <speed>55</speed>
    </projectile>
  </ThingDef>
  
  <ThingDef ParentName="BaseMakeableMakeshiftGun">
    <defName>VWE_Gun_MakeshiftLMG</defName>
    <label>makeshift LMG</label>
    <description>An improvised, gas-operated light machine gun. Unwieldy and inaccurate, it is also very prone to jamming. Its long bursts of fire are effective against groups of enemies, but their shot counts are completely random.</description>
    <graphicData>
      <texPath>Things/Item/Equipment/WeaponRanged/MakeshiftLMG</texPath>
      <graphicClass>Graphic_Single</graphicClass>
    </graphicData>
    <soundInteract>Interact_Rifle</soundInteract>
    <recipeMaker>
      <skillRequirements>
        <Crafting>7</Crafting>
      </skillRequirements>
    </recipeMaker>
    <statBases>
      <WorkToMake>5000</WorkToMake>
      <Mass>8.5</Mass>
      <AccuracyTouch>0.40</AccuracyTouch>
      <AccuracyShort>0.44</AccuracyShort>
      <AccuracyMedium>0.32</AccuracyMedium>
      <AccuracyLong>0.21</AccuracyLong>
      <RangedWeapon_Cooldown>2.1</RangedWeapon_Cooldown>
    </statBases>
    <costList>
      <ComponentIndustrial>5</ComponentIndustrial>
    </costList>
    <verbs>
      <li>
        <verbClass>VWEMakeshift.Verb_MakeshiftShoot</verbClass>
        <hasStandardCommand>true</hasStandardCommand>
        <defaultProjectile>VWE_Bullet_MakeshiftLMG</defaultProjectile>
        <warmupTime>1.8</warmupTime>
        <range>24.9</range>
        <ticksBetweenBurstShots>7</ticksBetweenBurstShots>
        <soundCast>Shot_Minigun</soundCast>
        <soundCastTail>GunTail_Medium</soundCastTail>
        <muzzleFlashScale>9</muzzleFlashScale>
      </li>
    </verbs>
    <tools>
      <li>
        <label>stock</label>
        <capacities>
          <li>Blunt</li>
        </capacities>
        <power>9</power>
        <cooldownTime>2</cooldownTime>
      </li>
      <li>
        <label>barrel</label>
        <capacities>
          <li>Blunt</li>
          <li>Poke</li>
        </capacities>
        <power>9</power>
        <cooldownTime>2</cooldownTime>
      </li>
    </tools>
	<modExtensions>
		<li Class="VWEMakeshift.MoteProperties">
			<fleckDef>DustPuffThick</fleckDef>
			<size>0.5</size> <!-- Multiplier -->
			<velocity>2</velocity> <!-- Fixed amount -->
			<angleRange>-15~15</angleRange> <!-- Negative: Counter-clockwise Positive: Clockwise -->
			<rotationRange>-5~5</rotationRange> <!-- Negative: Counter-clockwise Positive: Clockwise -->
			<numTimesThrown>1</numTimesThrown> <!-- Fixed amount -->
		</li>
		<li Class="VWEMakeshift.MakeshiftProperties">
			<shots>3~12</shots>
		</li>
	</modExtensions>
  </ThingDef>
  <ThingDef ParentName="BaseBullet">
    <defName>VWE_Bullet_MakeshiftLMG</defName>
    <label>makeshift LMG bullet</label>
    <graphicData>
      <texPath>Things/Projectile/Bullet_Small</texPath>
      <graphicClass>Graphic_Single</graphicClass>
    </graphicData>
    <projectile>
      <damageDef>Bullet</damageDef>
      <damageAmountBase>9</damageAmountBase>
      <stoppingPower>1</stoppingPower>
      <speed>46</speed>
    </projectile>
  </ThingDef>


</Defs>