<?xml version="1.0" encoding="utf-8"?>
<ModMetaData>
  <packageId>rwmt.Multiplayer</packageId>
  <name>Multiplayer</name>
  <supportedVersions>
    <li>1.2</li>
    <li>1.3</li>
    <li>1.4</li>
  </supportedVersions>
  <author>RimWorld Multiplayer Team</author>
  <url>https://github.com/rwmt/Multiplayer</url>
  <description>&lt;color=red&gt;&lt;b&gt;Important: &lt;/b&gt; This mod should be placed right below Core and expansions in the mod list to work properly!
Requires >= Rimworld v1.4.3555&lt;/color&gt;\n
Multiplayer mod for RimWorld.
This is version 0.7.2.
    
FAQ - https://hackmd.io/@rimworldmultiplayer/docs/
Discord - https://discord.gg/S4bxXpv
  </description>
  <modDependencies>
    <li>
      <packageId>brrainz.harmony</packageId>
      <displayName>Harmony</displayName>
      <downloadUrl>https://github.com/pardeike/HarmonyRimWorld/releases/</downloadUrl>
      <steamWorkshopUrl>steam://url/CommunityFilePage/2009463077</steamWorkshopUrl>
    </li>
  </modDependencies>
  <loadAfter>
    <li>Ludeon.RimWorld</li>
    <li>Ludeon.RimWorld.Royalty</li>
    <li>Ludeon.RimWorld.Ideology</li>
    <li>Ludeon.RimWorld.Biotech</li>
    <li>brrainz.harmony</li>
  </loadAfter>
  <loadBefore>
    <li>UnlimitedHugs.HugsLib</li>
  </loadBefore>
</ModMetaData>
