﻿<?xml version="1.0" encoding="utf-8"?>
<Defs>
	<HediffDef Name="TreatmentBase" Abstract="True">
		<hediffClass>HediffWithComps</hediffClass>
		<defaultLabelColor>(0.1, 0.66, 0.1)</defaultLabelColor>
		<initialSeverity>1</initialSeverity>
		<description>HediffWithComps</description>
		<maxSeverity>1</maxSeverity>
		<tendable>true</tendable>
		<stages>
			<li>
				<statOffsets>
					<MentalBreakThreshold>0.02</MentalBreakThreshold>
				</statOffsets>
			</li>
		</stages>
		<comps>
			<li Class="HediffCompProperties_TendDuration">
				<baseTendDurationHours>96</baseTendDurationHours>
				<severityPerDayTended>0.12</severityPerDayTended>
			</li>
			<li Class="HediffCompProperties_SeverityPerDay">
				<severityPerDay>-0.1</severityPerDay>
			</li>
		</comps>
	</HediffDef>

	<HediffDef ParentName="TreatmentBase">
		<defName>RecoveringPyromaniac</defName>
		<label>recovering pyromaniac</label>
		<description>Recovering Pyromaniac</description>
	</HediffDef>

	<HediffDef ParentName="TreatmentBase">
		<defName>DrugFree</defName>
		<label>drug free</label>
		<description>Drug Free</description>
	</HediffDef>

	<HediffDef ParentName="TreatmentBase">
		<defName>Antidepressants</defName>
		<label>antidepressants</label>
		<description>Antidepressants effect</description>
	</HediffDef>

	<HediffDef ParentName="TreatmentBase">
		<defName>SleepingPills</defName>
		<label>prescribed sedatives</label>
		<description>Sleeping Pills effect</description>
	</HediffDef>

	<HediffDef ParentName="DiseaseBase">
		<defName>Anxiety</defName>
		<hediffClass>Psychology.Hediff_Anxiety</hediffClass>
		<label>anxiety</label>
		<initialSeverity>1.1</initialSeverity>
		<description>Anxiety</description>
		<minSeverity>0.05</minSeverity>
		<maxSeverity>1.2</maxSeverity>
		<chanceToCauseNoPain>1</chanceToCauseNoPain>
		<tendable>true</tendable>
		<stages>
			<li>
				<label>managed</label>
				<statOffsets>
					<MentalBreakThreshold>0.005</MentalBreakThreshold>
				</statOffsets>
			</li>
			<li>
				<minSeverity>0.15</minSeverity>
				<label>minor</label>
				<restFallFactor>1.1</restFallFactor>
				<capMods>
					<li>
						<capacity>Talking</capacity>
						<offset>-0.10</offset>
					</li>
				</capMods>
				<statOffsets>
					<MentalBreakThreshold>0.01</MentalBreakThreshold>
				</statOffsets>
				<mentalStateGivers>
					<li>
						<mentalState>PanicAttack</mentalState>
						<mtbDays>5</mtbDays>
          </li>
        </mentalStateGivers>
			</li>
			<li>
				<minSeverity>0.4</minSeverity>
				<label>moderate</label>
				<restFallFactor>1.25</restFallFactor>
				<capMods>
					<li>
						<capacity>Talking</capacity>
						<offset>-0.20</offset>
					</li>
				</capMods>
				<statOffsets>
					<MentalBreakThreshold>0.02</MentalBreakThreshold>
				</statOffsets>
				<mentalStateGivers>
					<li>
						<mentalState>PanicAttack</mentalState>
						<mtbDays>4</mtbDays>
          </li>
        </mentalStateGivers>
			</li>
			<li>
				<minSeverity>0.6</minSeverity>
				<label>major</label>
				<restFallFactor>1.5</restFallFactor>
				<capMods>
					<li>
						<capacity>Talking</capacity>
						<offset>-0.40</offset>
					</li>
				</capMods>
				<statOffsets>
					<MentalBreakThreshold>0.05</MentalBreakThreshold>
				</statOffsets>
				<mentalStateGivers>
					<li>
						<mentalState>PanicAttack</mentalState>
						<mtbDays>3</mtbDays>
          </li>
        </mentalStateGivers>
			</li>
			<li>
				<minSeverity>0.8</minSeverity>
				<label>severe</label>
				<restFallFactor>1.75</restFallFactor>
				<capMods>
					<li>
						<capacity>Talking</capacity>
						<offset>-0.60</offset>
					</li>
				</capMods>
				<statOffsets>
					<MentalBreakThreshold>0.075</MentalBreakThreshold>
				</statOffsets>
				<mentalStateGivers>
					<li>
						<mentalState>PanicAttack</mentalState>
						<mtbDays>2</mtbDays>
          </li>
        </mentalStateGivers>
			</li>
			<li>
				<minSeverity>1</minSeverity>
				<label>extreme</label>
				<restFallFactor>2.0</restFallFactor>
				<capMods>
					<li>
						<capacity>Talking</capacity>
						<offset>-0.80</offset>
					</li>
				</capMods>
				<statOffsets>
					<MentalBreakThreshold>0.12</MentalBreakThreshold>
				</statOffsets>
				<mentalStateGivers>
					<li>
						<mentalState>PanicAttack</mentalState>
						<mtbDays>1</mtbDays>
          </li>
        </mentalStateGivers>
			</li>
		</stages>
		<comps>
			<li Class="HediffCompProperties_TendDuration">
				<baseTendDurationHours>120</baseTendDurationHours>
				<severityPerDayTended>-0.003425</severityPerDayTended>
			</li>
			<li Class="HediffCompProperties_Immunizable">
				<severityPerDayNotImmune>0.0002</severityPerDayNotImmune>
				<severityPerDayNotImmuneRandomFactor>
					<min>0.4</min>
					<max>4</max>
				</severityPerDayNotImmuneRandomFactor>
			</li>
		</comps>
	</HediffDef>

</Defs>