﻿<?xml version="1.0" encoding="utf-8" ?>
<Defs>
  <MentalStateDef Abstract="True" Name="BaseMentalState">
    <minTicksBeforeRecovery>10000</minTicksBeforeRecovery>
    <recoveryMtbDays>0.3</recoveryMtbDays>
  </MentalStateDef>
  
  <MentalBreakDef>
    <defName>PsychologyBerserk_Psycho</defName>
    <mentalState>Berserk</mentalState>
    <baseCommonality>0.75</baseCommonality>
    <intensity>Extreme</intensity>
	<requiredTrait>Psychopath</requiredTrait>
  </MentalBreakDef>
  
  <MentalBreakDef>
    <defName>PsychologyBerserk_Bloodlust</defName>
    <mentalState>Berserk</mentalState>
    <baseCommonality>1.25</baseCommonality>
    <intensity>Extreme</intensity>
	<requiredTrait>Bloodlust</requiredTrait>
  </MentalBreakDef>
  
  <MentalBreakDef>
    <defName>PsychologyBerserk_Brawler</defName>
    <mentalState>Berserk</mentalState>
    <baseCommonality>0.5</baseCommonality>
    <intensity>Extreme</intensity>
	<requiredTrait>Brawler</requiredTrait>
  </MentalBreakDef>
  
  <MentalBreakDef>
    <defName>PsychologyBerserk</defName>
    <mentalState>Berserk</mentalState>
    <baseCommonality>0.25</baseCommonality>
    <intensity>Extreme</intensity>
  </MentalBreakDef>
  
  <MentalBreakDef>
    <defName>PsychologySlaughterer_Bloodlust</defName>
    <mentalState>Slaughterer</mentalState>
    <baseCommonality>1.25</baseCommonality>
    <intensity>Extreme</intensity>
	<requiredTrait>Bloodlust</requiredTrait>
  </MentalBreakDef>
  
  <MentalBreakDef>
    <defName>PsychologySlaughterer_Psycho</defName>
    <mentalState>Slaughterer</mentalState>
    <baseCommonality>0.5</baseCommonality>
    <intensity>Extreme</intensity>
	<requiredTrait>Psychopath</requiredTrait>
  </MentalBreakDef>
  
  <MentalBreakDef>
    <defName>PsychologyJailbreaker_BleedingHeart</defName>
    <mentalState>Jailbreaker</mentalState>
    <baseCommonality>1.25</baseCommonality>
    <intensity>Extreme</intensity>
	<requiredTrait>BleedingHeart</requiredTrait>
  </MentalBreakDef>
  
  <MentalBreakDef>
    <defName>PsychologyCatatonic_HeavySleeper</defName>
	<label>catatonic</label>
    <baseCommonality>1.25</baseCommonality>
    <intensity>Extreme</intensity>
	<requiredTrait>HeavySleeper</requiredTrait>
    <workerClass>MentalBreakWorker_Catatonic</workerClass>
  </MentalBreakDef>
  
  <MentalBreakDef>
    <defName>PsychologyCatatonic_Insomniac</defName>
	<label>catatonic</label>
    <baseCommonality>0.75</baseCommonality>
    <intensity>Extreme</intensity>
	<requiredTrait>Insomniac</requiredTrait>
    <workerClass>MentalBreakWorker_Catatonic</workerClass>
  </MentalBreakDef>
  
  <MentalBreakDef>
    <defName>PsychologyRunWild_Outdoorsy</defName>
    <label>run wild</label>
    <baseCommonality>0.25</baseCommonality>
    <intensity>Extreme</intensity>
	<requiredTrait>Outdoorsy</requiredTrait>
    <workerClass>MentalBreakWorker_RunWild</workerClass>
  </MentalBreakDef>
  
  <MentalBreakDef>
    <defName>PsychologySadisticRage_Extreme</defName>
    <mentalState>SadisticRage</mentalState>
    <baseCommonality>0.21</baseCommonality>
    <intensity>Extreme</intensity>
  </MentalBreakDef>
  
  <MentalBreakDef>
    <defName>PsychologySadisticRage_BloodlustExtreme</defName>
    <mentalState>SadisticRage</mentalState>
    <baseCommonality>1</baseCommonality>
	<requiredTrait>Bloodlust</requiredTrait>
    <intensity>Extreme</intensity>
  </MentalBreakDef>
  
  <MentalBreakDef>
    <defName>PsychologySadisticRage_BrawlerExtreme</defName>
    <mentalState>SadisticRage</mentalState>
    <baseCommonality>0.4</baseCommonality>
	<requiredTrait>Brawler</requiredTrait>
    <intensity>Extreme</intensity>
  </MentalBreakDef>
  
  <MentalBreakDef>
    <defName>Fell_Psycho</defName>
    <mentalState>FellPlotting</mentalState>
    <baseCommonality>1.25</baseCommonality>
    <intensity>Extreme</intensity>
	<requiredTrait>Psychopath</requiredTrait>
  </MentalBreakDef>
  
  <MentalBreakDef>
    <defName>Fell_Bloodlust</defName>
    <mentalState>FellPlotting</mentalState>
    <baseCommonality>0.5</baseCommonality>
    <intensity>Extreme</intensity>
	<requiredTrait>Bloodlust</requiredTrait>
  </MentalBreakDef>
  
  <MentalBreakDef>
    <defName>FellPlotting</defName>
    <mentalState>FellPlotting</mentalState>
    <baseCommonality>0.25</baseCommonality>
    <intensity>Extreme</intensity>
  </MentalBreakDef>
  
  <MentalStateDef ParentName="BaseMentalState">
    <defName>FellPlotting</defName>
    <stateClass>Psychology.MentalState_FellPlotting</stateClass>
	<workerClass>Psychology.MentalStateWorker_FellPlotting</workerClass>
	<colonistsOnly>true</colonistsOnly>
    <label>scheming madly</label>
    <category>Misc</category>
    <moodRecoveryThought>Catharsis</moodRecoveryThought>
    <blockNormalThoughts>true</blockNormalThoughts>
    <nameColor>(0.9,0.2,0.5)</nameColor>
    <beginLetterLabel>fell plotting</beginLetterLabel>
    <beginLetter>{0} is retiring to [PAWN_possessive] room to scheme!</beginLetter>
    <beginLetterDef>NegativeEvent</beginLetterDef>
    <minTicksBeforeRecovery>20000</minTicksBeforeRecovery>
    <maxTicksBeforeRecovery>60000</maxTicksBeforeRecovery>
    <recoveryMessage>{0}'s fell plotting is ended.</recoveryMessage>
    <baseInspectLine>Mental state: Fell plotting</baseInspectLine>
    <stateEffecter>Berserk</stateEffecter>
    <tale>MentalStateFellPlotting</tale>
    <recoverFromSleep>true</recoverFromSleep>
    <unspawnedCanDo>false</unspawnedCanDo>
  </MentalStateDef>
  
  
  <MentalBreakDef>
    <defName>SelfHarm_Masochist</defName>
    <mentalState>SelfHarm</mentalState>
    <baseCommonality>0.5</baseCommonality>
    <intensity>Extreme</intensity>
	<requiredTrait>Masochist</requiredTrait>
  </MentalBreakDef>
  
  <MentalBreakDef>
    <defName>SelfHarm</defName>
    <mentalState>SelfHarm</mentalState>
    <baseCommonality>1.0</baseCommonality>
    <intensity>Extreme</intensity>
  </MentalBreakDef>
  
  <MentalStateDef ParentName="BaseMentalState">
    <defName>SelfHarm</defName>
    <stateClass>Psychology.MentalState_SelfHarm</stateClass>
    <label>self-harming</label>
    <category>Misc</category>
    <moodRecoveryThought>Catharsis</moodRecoveryThought>
    <blockNormalThoughts>true</blockNormalThoughts>
    <nameColor>(0.65, 0.9, 0.93)</nameColor>
    <beginLetterLabel>self-harm</beginLetterLabel>
    <beginLetter>{0} has slit [PAWN_possessive] wrists and is hiding in [PAWN_possessive] room.</beginLetter>
    <beginLetterDef>NegativeEvent</beginLetterDef>
    <maxTicksBeforeRecovery>60000</maxTicksBeforeRecovery>
    <recoveryMessage>{0} has stopped self-harming.</recoveryMessage>
    <baseInspectLine>Mental state: Self-harming</baseInspectLine>
    <tale>MentalStateSelfHarm</tale>
    <recoverFromSleep>true</recoverFromSleep>
    <unspawnedCanDo>true</unspawnedCanDo>
  </MentalStateDef>
  
  <MentalBreakDef>
    <defName>Paranoia_TooSmart</defName>
    <mentalState>Paranoia</mentalState>
    <baseCommonality>0.75</baseCommonality>
    <intensity>Extreme</intensity>
	<requiredTrait>TooSmart</requiredTrait>
  </MentalBreakDef>

  <MentalBreakDef>
    <defName>Paranoia</defName>
    <mentalState>Paranoia</mentalState>
    <baseCommonality>0.75</baseCommonality>
    <intensity>Extreme</intensity>
  </MentalBreakDef>
  
  <MentalStateDef ParentName="BaseMentalState">
    <defName>Paranoia</defName>
    <stateClass>Psychology.MentalState_Paranoia</stateClass>
    <label>babbling</label>
    <category>Misc</category>
    <moodRecoveryThought>Catharsis</moodRecoveryThought>
    <blockNormalThoughts>true</blockNormalThoughts>
    <nameColor>(0.5, 0.9, 0.5)</nameColor>
    <beginLetterLabel>paranoia</beginLetterLabel>
    <beginLetter>{0} is absorbed by paranoid babbling.</beginLetter>
    <beginLetterDef>NegativeEvent</beginLetterDef>
    <minTicksBeforeRecovery>20000</minTicksBeforeRecovery>
    <maxTicksBeforeRecovery>60000</maxTicksBeforeRecovery>
    <recoveryMessage>{0} has overcome [PAWN_possessive] paranoia.</recoveryMessage>
    <baseInspectLine>Mental state: Paranoia</baseInspectLine>
    <stateEffecter>Berserk</stateEffecter>
    <tale>MentalStateParanoia</tale>
    <recoverFromSleep>true</recoverFromSleep>
    <unspawnedCanDo>true</unspawnedCanDo>
  </MentalStateDef>
  
  <!-- major mental breaks -->
  
  <MentalBreakDef>
    <defName>PsychologySadisticRage_Brawler</defName>
    <mentalState>SadisticRage</mentalState>
    <baseCommonality>0.2</baseCommonality>
	<requiredTrait>Brawler</requiredTrait>
    <intensity>Major</intensity>
  </MentalBreakDef>
  
  <MentalBreakDef>
    <defName>PsychologySadisticRage_Bloodlust</defName>
    <mentalState>SadisticRage</mentalState>
    <baseCommonality>0.5</baseCommonality>
	<requiredTrait>Bloodlust</requiredTrait>
    <intensity>Major</intensity>
  </MentalBreakDef>
  
  <MentalBreakDef>
    <defName>PsychologyCorpseObsession_Psycho</defName>
    <mentalState>CorpseObsession</mentalState>
    <baseCommonality>1</baseCommonality>
	<requiredTrait>Psychopath</requiredTrait>
    <intensity>Major</intensity>
  </MentalBreakDef>
  
  <MentalBreakDef>
    <defName>PsychologyCorpseObsession_Desensitized</defName>
    <mentalState>CorpseObsession</mentalState>
    <baseCommonality>0.5</baseCommonality>
	<requiredTrait>Desensitized</requiredTrait>
    <intensity>Major</intensity>
  </MentalBreakDef>
  
  <MentalBreakDef>
    <defName>PsychologyCorpseObsession_Cannibal</defName>
    <mentalState>CorpseObsession</mentalState>
    <baseCommonality>0.5</baseCommonality>
	<requiredTrait>Cannibal</requiredTrait>
    <intensity>Major</intensity>
  </MentalBreakDef>
  
  <MentalBreakDef>
    <defName>Abuse</defName>
    <mentalState>Abuse</mentalState>
    <baseCommonality>1.0</baseCommonality>
    <intensity>Major</intensity>
  </MentalBreakDef>
  
  <MentalBreakDef>
    <defName>Abuse_Abrasive</defName>
    <mentalState>Abuse</mentalState>
    <baseCommonality>0.5</baseCommonality>
    <intensity>Major</intensity>
	<requiredTrait>Abrasive</requiredTrait>
  </MentalBreakDef>
  
  <MentalBreakDef>
    <defName>Abuse_Unstable</defName>
    <mentalState>Abuse</mentalState>
    <baseCommonality>0.25</baseCommonality>
    <intensity>Major</intensity>
	<requiredTrait>Unstable</requiredTrait>
  </MentalBreakDef>
  
  <MentalStateDef ParentName="BaseMentalState">
    <defName>Abuse</defName>
    <stateClass>Psychology.MentalState_Abuse</stateClass>
	<workerClass>Psychology.MentalStateWorker_Abuse</workerClass>
    <label>screaming</label>
    <category>Misc</category>
    <blockNormalThoughts>true</blockNormalThoughts>
    <nameColor>(0.5, 0.9, 0.5)</nameColor>
    <beginLetterLabel>verbal abuse</beginLetterLabel>
    <beginLetter>{0} has become enraged and is verbally abusing everyone in sight.</beginLetter>
    <beginLetterDef>NegativeEvent</beginLetterDef>
    <maxTicksBeforeRecovery>60000</maxTicksBeforeRecovery>
    <recoveryMessage>{0} has stopped verbally abusing people.</recoveryMessage>
    <baseInspectLine>Mental state: Abusive</baseInspectLine>
	<stateEffecter>Berserk</stateEffecter>
    <tale>MentalStateAbuse</tale>
    <recoverFromSleep>true</recoverFromSleep>
    <unspawnedCanDo>false</unspawnedCanDo>
    <moodRecoveryThought>Catharsis</moodRecoveryThought>
  </MentalStateDef>
  
  <MentalBreakDef>
    <defName>Compulsion</defName>
    <mentalState>Compulsion</mentalState>
    <baseCommonality>1.0</baseCommonality>
    <intensity>Major</intensity>
  </MentalBreakDef>
  
  <MentalStateDef ParentName="BaseMentalState">
    <minTicksBeforeRecovery>20000</minTicksBeforeRecovery>
    <defName>Compulsion</defName>
	<colonistsOnly>true</colonistsOnly>
	<workerClass>Psychology.MentalStateWorker_Compulsion</workerClass>
    <stateClass>Psychology.MentalState_Compulsion</stateClass>
    <label>compulsively cleaning</label>
    <category>Misc</category>
    <blockNormalThoughts>true</blockNormalThoughts>
    <nameColor>(0.65, 0.9, 0.93)</nameColor>
    <beginLetterLabel>compulsion</beginLetterLabel>
    <beginLetter>{0} is obsessively cleaning [PAWN_possessive] surroundings with little regard for [PAWN_possessive] own wellbeing.</beginLetter>
    <beginLetterDef>NegativeEvent</beginLetterDef>
    <recoveryMessage>{0} has stopped compulsively tidying [PAWN_possessive] surroundings.</recoveryMessage>
    <baseInspectLine>Mental state: Compulsively cleaning</baseInspectLine>
    <tale>MentalStateCompulsion</tale>
    <recoverFromSleep>true</recoverFromSleep>
    <unspawnedCanDo>false</unspawnedCanDo>
    <allowBeatfire>true</allowBeatfire>
    <moodRecoveryThought>Catharsis</moodRecoveryThought>
  </MentalStateDef>
  
  <!-- minor mental breaks -->
  
  <MentalBreakDef>
    <defName>Antisocial</defName>
    <mentalState>Antisocial</mentalState>
    <baseCommonality>1.0</baseCommonality>
    <intensity>Minor</intensity>
  </MentalBreakDef>
  
  <MentalStateDef ParentName="BaseMentalState">
    <minTicksBeforeRecovery>12000</minTicksBeforeRecovery>
    <defName>Antisocial</defName>
	<colonistsOnly>true</colonistsOnly>
    <stateClass>Psychology.MentalState_Antisocial</stateClass>
    <label>avoiding people</label>
    <category>Misc</category>
	<moodRecoveryThought>Catharsis</moodRecoveryThought>
    <blockNormalThoughts>true</blockNormalThoughts>
    <nameColor>(0.65, 0.9, 0.93)</nameColor>
    <beginLetterLabel>antisocial</beginLetterLabel>
    <beginLetter>{0} is avoiding [PAWN_possessive] fellow colonists.</beginLetter>
    <beginLetterDef>NegativeEvent</beginLetterDef>
    <recoveryMessage>{0} has stopped being antisocial.</recoveryMessage>
    <baseInspectLine>Mental state: Antisocial</baseInspectLine>
    <tale>MentalStateAntisocial</tale>
    <recoverFromSleep>true</recoverFromSleep>
    <unspawnedCanDo>true</unspawnedCanDo>
  </MentalStateDef>
  
  
  <MentalBreakDef>
    <defName>Apathy</defName>
    <mentalState>Apathy</mentalState>
    <baseCommonality>1.0</baseCommonality>
    <intensity>Minor</intensity>
  </MentalBreakDef>
  
  <MentalStateDef ParentName="BaseMentalState">
    <minTicksBeforeRecovery>14000</minTicksBeforeRecovery>
    <defName>Apathy</defName>
	<colonistsOnly>true</colonistsOnly>
    <stateClass>Psychology.MentalState_Apathy</stateClass>
    <label>slacking off</label>
    <category>Misc</category>
    <blockNormalThoughts>true</blockNormalThoughts>
    <nameColor>(0.65, 0.9, 0.93)</nameColor>
    <beginLetterLabel>apathy</beginLetterLabel>
    <beginLetter>{0} has become apathetic and is less likely to do [PAWN_possessive] assigned work.</beginLetter>
    <beginLetterDef>NegativeEvent</beginLetterDef>
    <recoveryMessage>{0} has stopped being apathetic.</recoveryMessage>
    <baseInspectLine>Mental state: Apathy</baseInspectLine>
    <tale>MentalStateApathy</tale>
    <recoverFromSleep>false</recoverFromSleep>
    <unspawnedCanDo>true</unspawnedCanDo>
    <allowBeatfire>true</allowBeatfire>
    <moodRecoveryThought>Catharsis</moodRecoveryThought>
  </MentalStateDef>
 
  <MentalBreakDef>
    <defName>Histrionic</defName>
    <mentalState>Histrionic</mentalState>
    <baseCommonality>0.5</baseCommonality>
    <intensity>Minor</intensity>
  </MentalBreakDef>
  
  <MentalBreakDef>
    <defName>Histrionic_Socialite</defName>
    <mentalState>Histrionic</mentalState>
    <baseCommonality>1</baseCommonality>
    <intensity>Minor</intensity>
	<requiredTrait>Socialite</requiredTrait>
  </MentalBreakDef>
  
  <MentalBreakDef>
    <defName>Histrionic_Lecher</defName>
    <mentalState>Histrionic</mentalState>
    <baseCommonality>0.5</baseCommonality>
    <intensity>Minor</intensity>
	<requiredTrait>Lecher</requiredTrait>
  </MentalBreakDef>
  
  <MentalStateDef ParentName="BaseMentalState">
    <minTicksBeforeRecovery>14000</minTicksBeforeRecovery>
    <defName>Histrionic</defName>
	<colonistsOnly>true</colonistsOnly>
    <stateClass>Psychology.MentalState_Histrionic</stateClass>
    <workerClass>Psychology.MentalStateWorker_Histrionic</workerClass>
    <label>behaving histrionically</label>
    <category>Misc</category>
    <blockNormalThoughts>true</blockNormalThoughts>
    <nameColor>(0.65, 0.9, 0.93)</nameColor>
    <beginLetterLabel>histrionic</beginLetterLabel>
    <beginLetter>{0} has become histrionic and is desperately seeking attention.</beginLetter>
    <beginLetterDef>NegativeEvent</beginLetterDef>
    <recoveryMessage>{0} has stopped being histrionic.</recoveryMessage>
    <baseInspectLine>Mental state: Histrionic</baseInspectLine>
    <tale>MentalStateHistrionic</tale>
    <recoverFromSleep>false</recoverFromSleep>
    <unspawnedCanDo>false</unspawnedCanDo>
    <allowBeatfire>true</allowBeatfire>
    <moodRecoveryThought>Catharsis</moodRecoveryThought>
  </MentalStateDef>
 
  <MentalBreakDef>
    <defName>HuntingTrip</defName>
    <mentalState>HuntingTrip</mentalState>
    <baseCommonality>1.0</baseCommonality>
    <intensity>Minor</intensity>
  </MentalBreakDef>
  
  <MentalBreakDef>
    <defName>HuntingTrip_Outdoorsy</defName>
    <mentalState>HuntingTrip</mentalState>
    <baseCommonality>0.8</baseCommonality>
    <intensity>Minor</intensity>
	<requiredTrait>Outdoorsy</requiredTrait>
  </MentalBreakDef>
  
  <MentalBreakDef>
    <defName>HuntingTrip_ShootingAccuracy</defName>
    <mentalState>HuntingTrip</mentalState>
    <baseCommonality>0.3</baseCommonality>
    <intensity>Minor</intensity>
	<requiredTrait>ShootingAccuracy</requiredTrait>
  </MentalBreakDef>
  
  <MentalStateDef ParentName="BaseMentalState">
    <minTicksBeforeRecovery>9000</minTicksBeforeRecovery>
    <maxTicksBeforeRecovery>30000</maxTicksBeforeRecovery>
    <defName>HuntingTrip</defName>
	<colonistsOnly>true</colonistsOnly>
    <stateClass>Psychology.MentalState_HuntingTrip</stateClass>
    <workerClass>Psychology.MentalStateWorker_HuntingTrip</workerClass>
    <label>nature retreat</label>
    <category>Misc</category>
    <blockNormalThoughts>true</blockNormalThoughts>
    <nameColor>(0.65, 0.9, 0.93)</nameColor>
    <beginLetterLabel>nature retreat</beginLetterLabel>
    <beginLetter>{0} has escaped to nature, finding relief in hunting.</beginLetter>
    <beginLetterDef>NegativeEvent</beginLetterDef>
    <recoveryMessage>{0} has decided to return from their hunting trip.</recoveryMessage>
    <baseInspectLine>Mental state: Nature retreat</baseInspectLine>
    <tale>MentalStateHuntingTrip</tale>
    <recoverFromSleep>false</recoverFromSleep>
    <unspawnedCanDo>false</unspawnedCanDo>
    <allowBeatfire>true</allowBeatfire>
    <moodRecoveryThought>Catharsis</moodRecoveryThought>
  </MentalStateDef>

 </Defs>