<?xml version="1.0" encoding="utf-8" ?>
<Defs>
  <HediffDef>
    <defName>Paniel_Joy</defName>
    <label>Sync State</label>
    <defaultLabelColor>(0.8, 0.8, 0.8)</defaultLabelColor>
    <description>State affected by recreation.\n\nA high recreation has a beneficial effect.</description>
    <isBad>false</isBad>
    <stages>
      <li>
        <label>low</label>
        <becomeVisible>true</becomeVisible>
      </li>
      <li>
        <label>low</label>
        <minSeverity>0.15</minSeverity>
        <capMods>
          <li>
            <capacity>Consciousness</capacity>
            <offset>-0.05</offset>
          </li>
        </capMods>
      </li>
      <li>
        <label>steady</label>
        <minSeverity>0.3</minSeverity>
        <capMods>
          <li>
            <capacity>Consciousness</capacity>
            <offset>0.0</offset>
          </li>
        </capMods>
      </li>
      <li>
        <label>high</label>
        <minSeverity>0.7</minSeverity>
        <capMods>
          <li>
            <capacity>Consciousness</capacity>
            <offset>0.05</offset>
          </li>
        </capMods>
      </li>
      <li>
        <label>extreme</label>
        <minSeverity>0.85</minSeverity>
        <capMods>
          <li>
            <capacity>Consciousness</capacity>
            <offset>0.1</offset>
          </li>
        </capMods>
      </li>
    </stages>
  </HediffDef>

</Defs>