﻿<?xml version="1.0" encoding="utf-8" ?>
<Defs>

  <ThingDef ParentName="MakeableDrugPillBase">
    <defName>Methadone</defName>
    <label>methadone</label>
    <description>An opioid for treating addiction. Prevents users from suffering the negative effects of withdrawal from other drugs, except luciferium. Addiction causes reduced performance and occasional drug binges. Take every day. Discontinue use after withdrawal subsides.</description>
    <graphicData>
      <texPath>Things/Item/Drug/Methadone</texPath>
      <graphicClass>Graphic_StackCount</graphicClass>
    </graphicData>
    <rotatable>false</rotatable>
    <statBases>
      <WorkToMake>500</WorkToMake>
      <MarketValue>16</MarketValue>
      <Mass>0.002</Mass>
    </statBases>
    <techLevel>Industrial</techLevel>
    <ingestible>
      <drugCategory>Medical</drugCategory>
      <outcomeDoers>
        <li Class="IngestionOutcomeDoer_GiveHediff">
          <hediffDef>MethadoneHigh</hediffDef>
          <severity>1.0</severity>
        </li>
        <li Class="IngestionOutcomeDoer_GiveHediff">
			<hediffDef>MethadoneTolerance</hediffDef>
			<severity>0.01</severity>
			<divideByBodySize>true</divideByBodySize>
		</li>
      </outcomeDoers>
    </ingestible>
    <recipeMaker>
      <researchPrerequisite>MedicineProduction</researchPrerequisite>
      <recipeUsers>
        <li>DrugLab</li>
      </recipeUsers>
    </recipeMaker>
    <costList>
      <Neutroamine>1</Neutroamine>
    </costList>
    <comps>
      <li Class="CompProperties_Drug">
        <chemical>Methadone</chemical>
        <addictiveness>0.05</addictiveness>
        <minToleranceToAddict>0.14</minToleranceToAddict>
        <existingAddictionSeverityOffset>0.1</existingAddictionSeverityOffset>
        <needLevelOffset>1</needLevelOffset>
        <listOrder>2000</listOrder>
        <overdoseSeverityOffset>
          <min>0.08</min>
          <max>0.14</max>
        </overdoseSeverityOffset>
      </li>
    </comps>
  </ThingDef>
  
  <HediffDef>
    <defName>MethadoneHigh</defName>
    <hediffClass>HediffWithComps</hediffClass>
    <label>methadone</label>
	<description>High on Methadone</description>
    <defaultLabelColor>(1,0,0.5)</defaultLabelColor>
    <scenarioCanAdd>true</scenarioCanAdd>
    <maxSeverity>1.0</maxSeverity>
    <comps>
      <li Class="HediffCompProperties_SeverityPerDay">
        <severityPerDay>-1.0</severityPerDay>
      </li>
    </comps>
  </HediffDef>

  <!-- Methadone addiction -->
  
  <ChemicalDef>
    <defName>Methadone</defName>
    <label>methadone</label>
    <addictionHediff>MethadoneAddiction</addictionHediff>
    <toleranceHediff>MethadoneTolerance</toleranceHediff>
  </ChemicalDef>
  
  <NeedDef ParentName="DrugAddictionNeedBase">
    <defName>Chemical_Methadone</defName>
    <needClass>Need_Chemical</needClass>
    <label>methadone</label>
    <description>Because of a methadone addiction, this person needs to regularly consume the drug to avoid withdrawal symptoms.</description>
    <listPriority>40</listPriority>
  </NeedDef>
  
  <HediffDef ParentName="DrugToleranceBase">
    <defName>MethadoneTolerance</defName>
    <label>methadone tolerance</label>
	<description>Developed a Methadone Tolerance</description>
    <comps>
      <li Class="HediffCompProperties_SeverityPerDay">
        <severityPerDay>-0.015</severityPerDay>
      </li>
      <li Class="HediffCompProperties_DrugEffectFactor">
        <chemical>Methadone</chemical>
      </li>
    </comps>
		<hediffGivers>
			<li Class="HediffGiver_RandomDrugEffect">
				<hediff>ChemicalDamageModerate</hediff>
				<minSeverity>0.50</minSeverity>
				<baseMtbDays>240</baseMtbDays>
				<partsToAffect>
					<li>Brain</li>
				</partsToAffect>
			</li>
		</hediffGivers>
  </HediffDef>
  
  <HediffDef ParentName="AddictionBase">
    <defName>MethadoneAddiction</defName>
    <hediffClass>Hediff_Addiction</hediffClass>
    <label>methadone addiction</label>
	<description>Developed an Addiction to Methadone</description>
    <causesNeed>Chemical_Methadone</causesNeed>
    <comps>
      <li Class="HediffCompProperties_SeverityPerDay">
        <severityPerDay>-0.0333</severityPerDay>
      </li>
    </comps>
    <stages>
      <li>
      </li>
      <li>
        <label>withdrawal</label>
        <restFallFactorOffset>0.3</restFallFactorOffset>
        <socialFightChanceFactor>2.0</socialFightChanceFactor>
        <capMods>
          <li>
            <capacity>Consciousness</capacity>
            <offset>-0.25</offset>
          </li>
          <li>
            <capacity>Sight</capacity>
            <offset>-0.15</offset>
          </li>
          <li>
            <capacity>Moving</capacity>
            <offset>-0.15</offset>
          </li>
        </capMods>
        <mentalStateGivers>
			<li>
				<mentalState>Binging_DrugExtreme</mentalState>
				<mtbDays>40</mtbDays>
			</li>
        </mentalStateGivers>
      </li>
    </stages>
  </HediffDef>

  <ThoughtDef>
    <defName>MethadoneWithdrawal</defName>
    <workerClass>ThoughtWorker_Hediff</workerClass>
    <hediff>MethadoneAddiction</hediff>
    <validWhileDespawned>true</validWhileDespawned>
    <stages>
      <li>
        <visible>false</visible>
      </li>
      <li>
        <label>methadone withdrawal</label>
        <description>I feel light-headed and sick.</description>
        <baseMoodEffect>-25</baseMoodEffect>
      </li>
    </stages>
  </ThoughtDef>
  
</Defs>