<?xml version="1.0" encoding="utf-8" ?>
<Defs>
  <!--<StyleItemCategoryDef>
    <defName>PanielHair</defName>
    <label>Paniel hair</label>
  </StyleItemCategoryDef>

  <HairDef>
    <defName>Paniel_HairA</defName>
    <label>Paniel HairA</label>
    <styleGender>Any</styleGender>
    <texPath>Paniel/Hairs/Paniel_HairA</texPath>
    <styleTags>
      <li>PanielHair</li>
    </styleTags>
  </HairDef>

  <HairDef>
    <defName>Paniel_HairB</defName>
    <label>Paniel HairB</label>
    <styleGender>Any</styleGender>
    <texPath>Paniel/Hairs/Paniel_HairB</texPath>
    <styleTags>
      <li>PanielHair</li>
    </styleTags>
  </HairDef>

  <HairDef>
    <defName>Paniel_HairC</defName>
    <label>Paniel HairC</label>
    <styleGender>Any</styleGender>
    <texPath>Paniel/Hairs/Paniel_HairC</texPath>
    <styleTags>
      <li>PanielHair</li>
    </styleTags>
  </HairDef>

  <HairDef>
    <defName>Paniel_HairD</defName>
    <label>Paniel HairD</label>
    <styleGender>Any</styleGender>
    <texPath>Paniel/Hairs/Paniel_HairD</texPath>
    <styleTags>
      <li>PanielHair</li>
    </styleTags>
  </HairDef>

  <HairDef>
    <defName>Paniel_HairE</defName>
    <label>Paniel HairE</label>
    <styleGender>Any</styleGender>
    <texPath>Paniel/Hairs/Paniel_HairE</texPath>
    <styleTags>
      <li>PanielHair</li>
    </styleTags>
  </HairDef>

  <HairDef>
    <defName>Paniel_HairF</defName>
    <label>Paniel HairF</label>
    <styleGender>Any</styleGender>
    <texPath>Paniel/Hairs/Paniel_HairF</texPath>
    <styleTags>
      <li>PanielHair</li>
    </styleTags>
  </HairDef>

  <HairDef>
    <defName>Paniel_HairG</defName>
    <label>Paniel HairG</label>
    <styleGender>Any</styleGender>
    <texPath>Paniel/Hairs/Paniel_HairG</texPath>
    <styleTags>
      <li>PanielHair</li>
    </styleTags>
  </HairDef>

  <HairDef>
    <defName>Paniel_HairH</defName>
    <label>Paniel HairH</label>
    <styleGender>Any</styleGender>
    <texPath>Paniel/Hairs/Paniel_HairH</texPath>
    <styleTags>
      <li>PanielHair</li>
    </styleTags>
  </HairDef>-->
</Defs>