﻿<?xml version="1.0" encoding="utf-8"?>
<ModMetaData>
	<author>Porohkun</author>
	<name>Concrete Walls</name>
	<packageId>Porohkun.ConcreteWalls</packageId>
	<url>https://github.com/porohkun/ConcreteWalls</url>
	<supportedVersions>
		<li>1.0</li>
		<li>1.1</li>
		<li>1.2</li>
		<li>1.3</li>
		<li>1.4</li>
	</supportedVersions>
	<modDependencies>
	  <li>
	    <packageId>UnlimitedHugs.HugsLib</packageId>
	    <displayName>HugsLib</displayName>
	    <steamWorkshopUrl>steam://url/CommunityFilePage/818773962</steamWorkshopUrl>
	  </li>
	</modDependencies>
	<loadAfter>
      <li>UnlimitedHugs.HugsLib</li>
    </loadAfter>
	<description>
Adds really strong walls, doors and embrasures.
And Concrete slabs for building this walls and other stone stuff from vanilla and other mods.
And one research for crafting it in Electric smelter.

Concrete wall about 5 times stronger than a stone wall.
	</description>
</ModMetaData>