<?xml version="1.0" encoding="utf-8" ?>
<Defs>

	<ThingDef Name="EVOR_Item_Base_Outer1_90protein1mechanites" ParentName="EVOR_Item_Base_90protein1mechanites" Abstract="True">
		<recipeMaker>
			<researchPrerequisite>EVOR_Research_Outer1</researchPrerequisite>
		</recipeMaker>
	</ThingDef>
	
	<ThingDef Name="EVOR_Item_Base_Outer1_120protein2mechanites" ParentName="EVOR_Item_Base_120protein2mechanites" Abstract="True">
		<recipeMaker>
			<researchPrerequisite>EVOR_Research_Outer1</researchPrerequisite>
		</recipeMaker>
	</ThingDef>
	
	<ThingDef Name="EVOR_Item_Base_Outer1_140protein2mechanites" ParentName="EVOR_Item_Base_140protein2mechanites" Abstract="True">
		<recipeMaker>
			<researchPrerequisite>EVOR_Research_Outer1</researchPrerequisite>
		</recipeMaker>
	</ThingDef>

  <ThingDef ParentName="EVOR_Item_Base_Outer1_120protein2mechanites">
    <defName>EVOR_Item_Skull_Shielding</defName>
    <label>interference shielding</label>
    <description>By utilizing a material that isresistant to psychic effects, we can create a Faraday cage around the brain, allowing the host to withstand any psychic assault.</description>
    <descriptionHyperlinks><RecipeDef>EVOR_Surgery_Skull_Shielding</RecipeDef></descriptionHyperlinks>
  </ThingDef>

  <ThingDef ParentName="EVOR_Item_Base_Outer1_90protein1mechanites">
    <defName>EVOR_Item_Skull_Plating</defName>
    <label>cranial plating</label>
    <description>By increasing the resilience of the skull, it becomes much more difficult to damage the brain.</description>
    <descriptionHyperlinks><RecipeDef>EVOR_Surgery_Skull_Plating</RecipeDef></descriptionHyperlinks>
  </ThingDef>

  <ThingDef ParentName="EVOR_Item_Base_Outer1_140protein2mechanites">
    <defName>EVOR_Item_Skin_Plating</defName>
    <label>multilayered dermal plating</label>
    <description>By layering chitin plates under the skin and binding cracks with rubbery flesh, resistance to small arms fire is radically increased.</description>
    <descriptionHyperlinks><RecipeDef>EVOR_Surgery_Skin_Plating</RecipeDef></descriptionHyperlinks>
  </ThingDef>

  <ThingDef ParentName="EVOR_Item_Base_Outer1_140protein2mechanites">
    <defName>EVOR_Item_Skin_Flame</defName>
    <label>flame retardant skin</label>
    <description>By lining the skin with glands that can quickly release flame retardant slime on the body as well as dissipating heat, the user becomes extremely resistant to heat and flame.</description>
    <descriptionHyperlinks><RecipeDef>EVOR_Surgery_Skin_Flame</RecipeDef></descriptionHyperlinks>
  </ThingDef>

  <ThingDef ParentName="EVOR_Item_Base_Outer1_140protein2mechanites">
    <defName>EVOR_Item_Skin_Insulation</defName>
    <label>variable insulation skin</label>
    <description>By creating skin with both high-volume sweat glands and hairs that can either retain or release heat, the user becomes comfortable in a massive range of temperatures.</description>    <descriptionHyperlinks><RecipeDef>EVOR_Surgery_Skin_Insulation</RecipeDef></descriptionHyperlinks>
  </ThingDef>

  <ThingDef ParentName="EVOR_Item_Base_Outer1_140protein2mechanites">
    <defName>EVOR_Item_Ribcage</defName>
    <label>calcium-alloy ribcage</label>
    <description>By altering the composition of the ribcage into a calcium and metal alloy, and encasing the upper body in an organic rubber analogue, the durability of the upper body is immensely increased.</description>
	<!--I have no fucking clue why it breaks when the line below gets deleted. It doesn't make any sense at all.-->
	<recipeMaker></recipeMaker>
    <descriptionHyperlinks><RecipeDef>EVOR_Surgery_Ribcage</RecipeDef></descriptionHyperlinks>
  </ThingDef>


</Defs>