<?xml version="1.0" encoding="utf-8" ?>
<Defs>

	<ThingDef Name="EVOR_Item_Base" ParentName="BodyPartBase" Abstract="True">
		<defName>EVOR_Item_Base</defName>
		<techLevel>Spacer</techLevel>
		<statBases>
			<MarketValue>2800</MarketValue>
			<Mass>0.3</Mass>
			<WorkToMake>5000</WorkToMake>
		</statBases>
		<thingCategories>
      		<li>EVOR_BodyParts</li>
   		</thingCategories>
		<recipeMaker>
			<skillRequirements>
				<Crafting>4</Crafting>
				<Medicine>12</Medicine>
			</skillRequirements>
			<recipeUsers>
				<li>EVOR_Building_Cellbench</li>
			</recipeUsers>
		</recipeMaker>
		<graphicData>
			<texPath>Things/Item/Health/EVOR_Texture_OrganBox</texPath>
			<graphicClass>Graphic_Single</graphicClass>
			<drawSize>0.80</drawSize>
		</graphicData>
		<techHediffsTags>
			<li>HediffsTag_EVOR</li>
		</techHediffsTags>
	</ThingDef>
	
	<ThingDef Name="EVOR_Item_Base_300protein6mechanites" ParentName="EVOR_Item_Base" Abstract="True">
		<costList>
			<EVOR_Resource_Protein>300</EVOR_Resource_Protein>
			<EVOR_Resource_Mechanites>6</EVOR_Resource_Mechanites>
		</costList>
	</ThingDef>

	<ThingDef Name="EVOR_Item_Base_170protein4mechanites" ParentName="EVOR_Item_Base" Abstract="True">
		<costList>
			<EVOR_Resource_Protein>170</EVOR_Resource_Protein>
			<EVOR_Resource_Mechanites>4</EVOR_Resource_Mechanites>
		</costList>
	</ThingDef>
	
	<ThingDef Name="EVOR_Item_Base_150protein2mechanites" ParentName="EVOR_Item_Base" Abstract="True">
		<costList>
			<EVOR_Resource_Protein>150</EVOR_Resource_Protein>
			<EVOR_Resource_Mechanites>2</EVOR_Resource_Mechanites>
		</costList>
	</ThingDef>
	
	<ThingDef Name="EVOR_Item_Base_140protein5mechanites" ParentName="EVOR_Item_Base" Abstract="True">
		<costList>
			<EVOR_Resource_Protein>140</EVOR_Resource_Protein>
			<EVOR_Resource_Mechanites>5</EVOR_Resource_Mechanites>
		</costList>
	</ThingDef>
	
	<ThingDef Name="EVOR_Item_Base_140protein2mechanites" ParentName="EVOR_Item_Base" Abstract="True">
		<costList>
			<EVOR_Resource_Protein>140</EVOR_Resource_Protein>
			<EVOR_Resource_Mechanites>2</EVOR_Resource_Mechanites>
		</costList>
	</ThingDef>

	<ThingDef Name="EVOR_Item_Base_120protein2mechanites" ParentName="EVOR_Item_Base" Abstract="True">
		<costList>
			<EVOR_Resource_Protein>120</EVOR_Resource_Protein>
			<EVOR_Resource_Mechanites>2</EVOR_Resource_Mechanites>
		</costList>
	</ThingDef>
	
	<ThingDef Name="EVOR_Item_Base_90protein1mechanites" ParentName="EVOR_Item_Base" Abstract="True">
		<costList>
			<EVOR_Resource_Protein>90</EVOR_Resource_Protein>
			<EVOR_Resource_Mechanites>1</EVOR_Resource_Mechanites>
		</costList>
	</ThingDef>
	
</Defs>