<?xml version="1.0" encoding="utf-8" ?>
<Defs>
	
	<ThingDef Name="EVOR_Item_Base_Other1_150protein2mechanites" ParentName="EVOR_Item_Base_150protein2mechanites" Abstract="True">
		<recipeMaker>
			<researchPrerequisite>EVOR_Research_Other1</researchPrerequisite>
		</recipeMaker>
	</ThingDef>

  <ThingDef ParentName="EVOR_Item_Base_Other1_150protein2mechanites">
    <defName>EVOR_Item_Back_Wing</defName>
    <label>feathered wings</label>
    <description>By creating wings that are powerful enough to keep the host aloft, but small enough to not intrude upon daily life, a way to rapidly increase the host speed was found.</description>
    <descriptionHyperlinks><RecipeDef>EVOR_Surgery_Back_Wing</RecipeDef></descriptionHyperlinks>
  </ThingDef>

  <ThingDef ParentName="EVOR_Item_Base_Other1_150protein2mechanites">
    <defName>EVOR_Item_Back_Muscle</defName>
    <label>musculature braces</label>
    <description>Adding extra bands of muscle, as well as supporting bone to connect to, allows the host to hit harder and carry more.</description>
    <descriptionHyperlinks><RecipeDef>EVOR_Surgery_Back_Muscle</RecipeDef></descriptionHyperlinks>
  </ThingDef>
  
</Defs>