<?xml version="1.0" encoding="utf-8" ?>
<Defs>
	
	<ThingDef Name="EVOR_Item_Base_Organs1_120protein2mechanites" ParentName="EVOR_Item_Base_120protein2mechanites" Abstract="True">
		<recipeMaker>
			<researchPrerequisite>EVOR_Research_Organs1</researchPrerequisite>
		</recipeMaker>
	</ThingDef>
	
  <ThingDef ParentName="EVOR_Item_Base_Organs1_120protein2mechanites">
    <defName>EVOR_Item_Heart</defName>
    <label>triwoven primary heart</label>
    <description>By weaving musculature in an overlapping pattern, the heart has more control and volume of blood flow, as well as increased efficiency due to the extra muscle.</description>
    <descriptionHyperlinks>
		<RecipeDef>EVOR_Surgery_Heart</RecipeDef>
	</descriptionHyperlinks>
  </ThingDef>

  <ThingDef ParentName="EVOR_Item_Base_Organs1_120protein2mechanites">
    <defName>EVOR_Item_Kidney</defName>
    <label>triple filter pass kidney</label>
    <description>By creating an ingenious system that filters blood three times without drop in performance parameters, the kidneys performance is drastically increased.</description>
    <descriptionHyperlinks>
		<RecipeDef>EVOR_Surgery_Kidney</RecipeDef>
	</descriptionHyperlinks>
  </ThingDef>

  <ThingDef ParentName="EVOR_Item_Base_Organs1_120protein2mechanites">
    <defName>EVOR_Item_Lung</defName>
    <label>nano-alveoli lung</label>
    <description>By decreasing the size of the alveoli to sizes unheard of, the internal gas transfer area of the lungs is drastically increased, as well as making it more diffucult for airborne toxins to enter the blood.</description>
    <descriptionHyperlinks>
		<RecipeDef>EVOR_Surgery_Lung</RecipeDef>
	</descriptionHyperlinks>
  </ThingDef>

  <ThingDef ParentName="EVOR_Item_Base_Organs1_120protein2mechanites">
    <defName>EVOR_Item_Stomach</defName>
    <label>multichamber stomach</label>
    <description>By seperating digestion into seperate specialized chambers, the amount of nutrients gathered from food is drastically increased, as well as digestion speed, as seperating the steps increases the speed of digestion.</description>
    <descriptionHyperlinks>
		<RecipeDef>EVOR_Surgery_Stomach</RecipeDef>
	</descriptionHyperlinks>
  </ThingDef>

  <ThingDef ParentName="EVOR_Item_Base_Organs1_120protein2mechanites">
    <defName>EVOR_Item_Liver</defName>
    <label>quadlobe liver</label>
    <description>By increasing liver cell density by a factor of two, the liver can be expanded to include twice as many independently acting lobes, increasing its functionality.</description>
    <descriptionHyperlinks>
		<RecipeDef>EVOR_Surgery_Liver</RecipeDef>
	</descriptionHyperlinks>
  </ThingDef>

  <ThingDef ParentName="EVOR_Item_Base_Organs1_120protein2mechanites">
    <defName>EVOR_Item_Spine</defName>
    <label>neuro-accelerated spine</label>
    <description>While the gila coating increases signal transmission speeds by an order of magnitude, more significant is the secondary processing nodules, which allow the spinal cord to process less complex signals on its own, lowering the load on the brain.</description>
    <costList>
      <EVOR_Resource_Mechanites>3</EVOR_Resource_Mechanites>
    </costList>
    <descriptionHyperlinks><RecipeDef>EVOR_Surgery_Spine</RecipeDef></descriptionHyperlinks>
  </ThingDef>
</Defs>