<?xml version="1.0" encoding="utf-8" ?>
<Defs>
	
	<ThingDef Name="EVOR_Item_Base_Lesions_300protein6mechanites" ParentName="EVOR_Item_Base_300protein6mechanites" Abstract="True">
		<recipeMaker>
			<researchPrerequisite>EVOR_Research_Artifact_Lesions</researchPrerequisite>
		</recipeMaker>
	</ThingDef>
	
	<ThingDef Name="EVOR_Item_Base_Tortoise_300protein6mechanites" ParentName="EVOR_Item_Base_300protein6mechanites" Abstract="True">
		<recipeMaker>
			<researchPrerequisite>EVOR_Research_Artifact_Tortoise</researchPrerequisite>
		</recipeMaker>
	</ThingDef>

  <ThingDef ParentName="EVOR_Item_Base_Lesions_300protein6mechanites">
    <defName>EVOR_Item_Artifact_Lesions</defName>
    <label>plague lesions</label>
    <description>These lesions do not close and maintain the appearance of an open wound. Once the host takes damage however, they expel a noxious plague that infects whoever damaged the host in melee.</description>
    <descriptionHyperlinks><RecipeDef>EVOR_Surgery_Artifact_Lesions</RecipeDef></descriptionHyperlinks>
  </ThingDef>

  <ThingDef ParentName="EVOR_Item_Base_Tortoise_300protein6mechanites">
    <defName>EVOR_Item_Artifact_Tortoise</defName>
    <label>reinforced tortoise shell</label>
    <description>These exceptionally durable shells line the torso of the host, providing exceptional protection. However, their weight slows down the host by a decent amount.</description>
    <descriptionHyperlinks><RecipeDef>EVOR_Surgery_Artifact_Tortoise</RecipeDef></descriptionHyperlinks>
  </ThingDef>
</Defs>