<?xml version="1.0" encoding="utf-8" ?>
<Defs>
	
	<ThingDef Name="EVOR_Item_Base_Limbs3_150protein2mechanites" ParentName="EVOR_Item_Base_150protein2mechanites" Abstract="True">
		<recipeMaker>
			<researchPrerequisite>EVOR_Research_Limbs3</researchPrerequisite>
		</recipeMaker>
	</ThingDef>
	
  <ThingDef ParentName="EVOR_Item_Base_Limbs3_150protein2mechanites">
    <defName>EVOR_Item_Back_Hand</defName>
    <label>tentacle cluster</label>
    <description>Adding a small amount of manipulator tentacles on the host backs can increase their ability to work.</description>
    <descriptionHyperlinks><RecipeDef>EVOR_Surgery_Back_Hand</RecipeDef></descriptionHyperlinks>
  </ThingDef>
  
  <ThingDef ParentName="EVOR_Item_Base_Limbs3_150protein2mechanites">
    <defName>EVOR_Item_Tail_Blade</defName>
    <label>serrated stinger tail</label>
    <description>By applying the same principles of creating a bone saber to a new limb, a tail extremity can be created that is just as deadly.</description>
    <descriptionHyperlinks><RecipeDef>EVOR_Surgery_Tail_Blade</RecipeDef></descriptionHyperlinks>
  </ThingDef>

  <ThingDef ParentName="EVOR_Item_Base_Limbs3_150protein2mechanites">
    <defName>EVOR_Item_Tail_Hand</defName>
    <label>manipulator tail</label>
    <description>A large bundle of nerves and muscles that are just as dextrous as a normal hand, this tail allows the host to have more appendages when doing manual labor.</description>
    <descriptionHyperlinks><RecipeDef>EVOR_Surgery_Tail_Hand</RecipeDef></descriptionHyperlinks>
  </ThingDef>
  
</Defs>