<?xml version="1.0" encoding="utf-8" ?>
<Defs>
  <!-- https://steamcommunity.com/sharedfiles/filedetails/?id=1742245843 -->

  <BionicIconsTextureDef>
    <defName>EvolvedOrgans</defName>
    <texture>Things/Item/Resource/EvoOrgBox</texture>
    <replacement>BionicIcons/Boxes/Evolved</replacement>
  </BionicIconsTextureDef>

  <BionicIconsIconDef><defName>EvolvedLarnyx</defName><bodyPart>Neck</bodyPart><texture>BionicIcons/BodyParts/Larnyx</texture><nameContains>Larnyx</nameContains></BionicIconsIconDef>
  <BionicIconsIconDef><defName>EvolvedSecondaryHeart</defName><bodyPart>RightChestCavity</bodyPart><texture>BionicIcons/BodyParts/SecondaryHeart</texture><nameContains>SecondHeart</nameContains></BionicIconsIconDef>
  <BionicIconsIconDef><defName>EvolvedImmortalOrgan</defName><bodyPart>RightAbdomenCavity</bodyPart><texture>BionicIcons/BodyParts/ImmortalOrgan</texture><nameContains>ImmortalOrgan</nameContains></BionicIconsIconDef>
  <BionicIconsIconDef><defName>EvolvedCombatGlands</defName><bodyPart>RightAbdomenCavity</bodyPart><texture>BionicIcons/BodyParts/Generic</texture><nameContains>CombatGlands</nameContains></BionicIconsIconDef>
  <BionicIconsIconDef><defName>EvolvedThirdLung</defName><bodyPart>LeftChestCavity</bodyPart><texture>BionicIcons/BodyParts/Lung</texture><nameContains>EvolvedThirdLung</nameContains></BionicIconsIconDef>
  <BionicIconsIconDef><defName>EvolvedPinions</defName><bodyPart>Back</bodyPart><texture>BionicIcons/BodyParts/Wing</texture><nameContains>EvolvedPinions</nameContains></BionicIconsIconDef>
  <BionicIconsIconDef><defName>EvolvedLymphaticProliferator</defName><bodyPart>LeftAbdomenCavity</bodyPart><texture>BionicIcons/BodyParts/LymphaticProliferator</texture><nameContains>LymphaticProliferator</nameContains></BionicIconsIconDef>

</Defs>
