﻿<?xml version="1.0" encoding="utf-8" ?>
<Defs>

  <TaleDef>
    <defName>TreatedPyromania</defName>
    <label>treated pyromaniac</label>
    <taleClass>Tale_DoublePawn</taleClass>
    <type>Volatile</type>
    <firstPawnSymbol>psychologist</firstPawnSymbol>
    <secondPawnSymbol>patient</secondPawnSymbol>
    <baseInterest>2.5</baseInterest>
    <rulePack>
      <rulesStrings>
        <li>tale_noun->[patient_nameShortDef]'s counseling for pyromania</li>
        <li>image->[psychologist_nameFull] sitting on the edge of [patient_nameFull]'s bed [circumstance_group]</li>
        <li>image->[psychologist_nameFull] nodding while [patient_nameFull] talks [circumstance_group]</li>
        <li>image->[psychologist_nameFull] discussing [patient_nameFull]'s urges [circumstance_group]</li>
        <li>circumstance_phrase->as [psychologist_nameShortDef] takes notes</li>
        <li>circumstance_phrase->as [psychologist_nameShortDef] writes a prescription</li>
        <li>circumstance_phrase->as a path to recovery is laid out</li>
        <li>circumstance_phrase->while seeming very understanding</li>
        <li>desc_sentence->[psychologist_nameShortDef] has a knowledgeable look on [psychologist_possessive] face.</li>
        <li>desc_sentence->[psychologist_nameShortDef] looks incredibly focused on the task.</li>
        <li>desc_sentence->[psychologist_nameShortDef] has a serious but kind demeanour.</li>
        <li>desc_sentence->[patient_nameShortDef] is smiling.</li>
        <li>desc_sentence->[patient_nameShortDef] looks like a new person.</li>
      </rulesStrings>
    </rulePack>
  </TaleDef>
  
  <TaleDef>
    <defName>TreatedDrugDesire</defName>
    <label>treated drug desire</label>
    <taleClass>Tale_DoublePawn</taleClass>
    <type>Volatile</type>
    <firstPawnSymbol>psychologist</firstPawnSymbol>
    <secondPawnSymbol>patient</secondPawnSymbol>
    <baseInterest>2.5</baseInterest>
    <rulePack>
      <rulesStrings>
        <li>tale_noun->[patient_nameShortDef]'s counseling for drug addiction</li>
        <li>image->[psychologist_nameFull] sitting on the edge of [patient_nameFull]'s bed [circumstance_group]</li>
        <li>image->[psychologist_nameFull] nodding while [patient_nameFull] talks [circumstance_group]</li>
        <li>image->[psychologist_nameFull] discussing [patient_nameFull]'s urges [circumstance_group]</li>
        <li>circumstance_phrase->as [psychologist_nameShortDef] takes notes</li>
        <li>circumstance_phrase->as [psychologist_nameShortDef] writes a prescription</li>
        <li>circumstance_phrase->as a path to recovery is laid out</li>
        <li>circumstance_phrase->while seeming very understanding</li>
        <li>desc_sentence->[psychologist_nameShortDef] has a knowledgeable look on [psychologist_possessive] face.</li>
        <li>desc_sentence->[psychologist_nameShortDef] looks incredibly focused on the task.</li>
        <li>desc_sentence->[psychologist_nameShortDef] has a serious but kind demeanour.</li>
        <li>desc_sentence->[patient_nameShortDef] is smiling.</li>
        <li>desc_sentence->[patient_nameShortDef] looks like a new person.</li>
      </rulesStrings>
    </rulePack>
  </TaleDef>
  
  <TaleDef>
    <defName>TreatedDepression</defName>
    <label>treated depression</label>
    <taleClass>Tale_DoublePawn</taleClass>
    <type>Volatile</type>
    <firstPawnSymbol>psychologist</firstPawnSymbol>
    <secondPawnSymbol>patient</secondPawnSymbol>
    <baseInterest>2.5</baseInterest>
    <rulePack>
      <rulesStrings>
        <li>tale_noun->[patient_nameShortDef]'s psychotherapy for depression</li>
        <li>image->[psychologist_nameFull] sitting on the edge of [patient_nameFull]'s bed [circumstance_group]</li>
        <li>image->[psychologist_nameFull] nodding while [patient_nameFull] talks [circumstance_group]</li>
        <li>image->[psychologist_nameFull] discussing [patient_nameFull]'s urges [circumstance_group]</li>
        <li>circumstance_phrase->as [psychologist_nameShortDef] takes notes</li>
        <li>circumstance_phrase->as [psychologist_nameShortDef] writes a prescription</li>
        <li>circumstance_phrase->as a path to normalcy is laid out</li>
        <li>circumstance_phrase->while seeming very understanding</li>
        <li>desc_sentence->[psychologist_nameShortDef] has a knowledgeable look on [psychologist_possessive] face.</li>
        <li>desc_sentence->[psychologist_nameShortDef] looks incredibly focused on the task.</li>
        <li>desc_sentence->[psychologist_nameShortDef] has a serious but kind demeanour.</li>
        <li>desc_sentence->[patient_nameShortDef] is smiling faintly.</li>
        <li>desc_sentence->[patient_nameShortDef] looks a little happier.</li>
      </rulesStrings>
    </rulePack>
  </TaleDef>
  
  <TaleDef>
    <defName>TreatedInsomnia</defName>
    <label>treated insomnia</label>
    <taleClass>Tale_DoublePawn</taleClass>
    <type>Volatile</type>
    <firstPawnSymbol>psychologist</firstPawnSymbol>
    <secondPawnSymbol>patient</secondPawnSymbol>
    <baseInterest>1.5</baseInterest>
    <rulePack>
      <rulesStrings>
        <li>tale_noun->[patient_nameShortDef]'s psychotherapy for insomnia</li>
        <li>image->[patient_nameFull] looking like a dead-eyed zombie [circumstance_group]</li>
        <li>image->[patient_nameFull] dozing off during a session with [psychologist_nameFull]</li>
        <li>image->[psychologist_nameFull] discussing [patient_nameFull]'s sleeping problems [circumstance_group]</li>
        <li>circumstance_phrase->as [psychologist_nameShortDef] takes notes</li>
        <li>circumstance_phrase->as [psychologist_nameShortDef] writes a prescription</li>
        <li>circumstance_phrase->as [psychologist_nameShortDef] hands [patient_nameShortDef] a bottle of pills</li>
        <li>circumstance_phrase->while Z's float above [patient_possessive] head</li>
        <li>desc_sentence->[psychologist_nameShortDef] has a knowledgeable look on [psychologist_possessive] face.</li>
        <li>desc_sentence->[psychologist_nameShortDef] is patting [patient_possessive] on the shoulder.</li>
        <li>desc_sentence->[psychologist_nameShortDef] has a serious but kind demeanour.</li>
        <li>desc_sentence->[patient_nameShortDef] finally gets a good night's sleep.</li>
        <li>desc_sentence->[patient_nameShortDef] seems anxious to go to bed.</li>
      </rulesStrings>
    </rulePack>
  </TaleDef>
  
  <TaleDef>
    <defName>CuredAnxiety</defName>
    <label>cured anxiety</label>
    <taleClass>Tale_DoublePawn</taleClass>
    <type>Volatile</type>
    <firstPawnSymbol>doctor</firstPawnSymbol>
    <secondPawnSymbol>patient</secondPawnSymbol>
    <baseInterest>1.5</baseInterest>
    <rulePack>
      <rulesStrings>
        <li>tale_noun->[patient_nameShortDef]'s treatment for anxiety</li>
        <li>image->[doctor_nameFull] opening a glitterworld medicine kit [circumstance_group]</li>
        <li>image->[doctor_nameFull] tinkering around in [patient_nameFull]'s head [circumstance_group]</li>
        <li>image->[patient_nameFull] looking nervously at a bunch of futuristic medical tools [circumstance_group]</li>
        <li>circumstance_phrase->with [patient_nameShortDef] seeming more anxious than ever</li>
        <li>circumstance_phrase->as [doctor_nameShortDef] comments on the difficulty of the treatment</li>
        <li>circumstance_phrase->as [doctor_nameShortDef] lauds glitterworld therapy advancements</li>
        <li>circumstance_phrase->while [patient_nameShortDef]'s personal demons float symbolically around [patient_possessive] head</li>
        <li>circumstance_phrase->while a physical manifestation of anxiety hovers behind [patient_nameShortDef]</li>
        <li>desc_sentence->[doctor_nameShortDef] has a knowledgeable look on [doctor_possessive] face.</li>
        <li>desc_sentence->[doctor_nameShortDef] is reassuring [patient_possessive].</li>
        <li>desc_sentence->[patient_nameShortDef] is struggling to imagine a life without anxiety.</li>
        <li>desc_sentence->[patient_nameShortDef]'s eyes are wide.</li>
        <li>desc_sentence->[patient_nameShortDef]'s loved ones look on from a distance.</li>
      </rulesStrings>
    </rulePack>
  </TaleDef>

  <TaleDef>
    <defName>MentalStateTantrum</defName>
    <label>destructive rage</label>
    <taleClass>Tale_SinglePawn</taleClass>
    <type>Volatile</type>
    <baseInterest>4</baseInterest>
    <rulePack>
      <rulesStrings>
        <li>tale_noun->[PAWN_nameDef] throwing a tantrum</li>
        <li>image->[PAWN_nameFull] flying into a destructive rage [circumstance_group]</li>
		<li>image->[PAWN_nameFull] taking [PAWN_possessive] anger out on furniture [circumstance_group]</li>
        <li>image->[PAWN_nameFull] stumbling into furniture with a psychotic look on [PAWN_possessive] face [circumstance_group]</li>
        <li>circumstance_phrase->while violently cursing</li>
        <li>circumstance_phrase->seemingly without reason</li>
        <li>circumstance_phrase->as others cower in fear</li>
        <li>circumstance_phrase->as others watch in horror</li>
        <li>circumstance_phrase->because of the stress</li>
        <li>circumstance_phrase->while screaming</li>
        <li>circumstance_phrase->while trembling with rage</li>
        <li>desc_sentence->[PAWN_pronoun] is shaking with ungovernable rage.</li>
        <li>desc_sentence->[PAWN_possessive] teeth are bared in a deadly snarl.</li>
        <li>desc_sentence->[PAWN_possessive] eyes are dead pools of madness.</li>
        <li>desc_sentence->[PAWN_pronoun] has bruised [PAWN_possessive] fists.</li>
        <li>desc_sentence->[PAWN_pronoun] is grimacing in misery.</li>
        <li>desc_sentence->[PAWN_pronoun] is holding a chair over [PAWN_possessive] head.</li>
        <li>desc_sentence->[PAWN_possessive] entire body is trembling with hatred.</li>
        <li>desc_sentence->A single tear rolls down [PAWN_possessive] face.</li>
      </rulesStrings>
    </rulePack>
  </TaleDef>
  
  <TaleDef>
    <defName>MentalStateSelfHarm</defName>
    <label>deep depression</label>
    <taleClass>Tale_SinglePawn</taleClass>
    <type>Volatile</type>
    <baseInterest>4</baseInterest>
    <rulePack>
      <rulesStrings>
        <li>tale_noun->[PAWN_nameDef] hurting [PAWN_pronoun]self</li>
        <li>image->[PAWN_nameFull] cutting [PAWN_possessive] wrists [circumstance_group]</li>
		<li>image->[PAWN_nameFull] sitting in a pool of [PAWN_possessive] blood [circumstance_group]</li>
        <li>image->[PAWN_nameFull] staring off into the distance [circumstance_group]</li>
        <li>circumstance_phrase->while whimpering</li>
        <li>circumstance_phrase->while cowering in [PAWN_possessive] room</li>
        <li>circumstance_phrase->without speaking a word</li>
        <li>circumstance_phrase->while crying</li>
        <li>desc_sentence->[PAWN_pronoun] looks pale and sickly.</li>
        <li>desc_sentence->[PAWN_possessive] arms are limp.</li>
		<li>desc_sentence->[PAWN_possessive] clothes are stained with blood.</li>
        <li>desc_sentence->[PAWN_pronoun] is sitting on the floor, rocking back and forth.</li>
        <li>desc_sentence->[PAWN_pronoun] has a blank look on [PAWN_possessive] face.</li>
      </rulesStrings>
    </rulePack>
  </TaleDef>
  
  <TaleDef>
    <defName>MentalStateApathy</defName>
    <label>apathy</label>
    <taleClass>Tale_SinglePawn</taleClass>
    <type>Volatile</type>
    <baseInterest>4</baseInterest>
    <rulePack>
      <rulesStrings>
        <li>tale_noun->[PAWN_nameDef] wandering around apathetically</li>
        <li>image->[PAWN_nameFull] wandering around the colony apathetically [circumstance_group]</li>
		<li>image->[PAWN_nameFull] sitting around lethargically [circumstance_group]</li>
        <li>image->[PAWN_nameFull] avoiding doing [PAWN_possessive] chores [circumstance_group]</li>
		<li>image->[PAWN_nameFull] reluctantly doing [PAWN_possessive] chores [circumstance_group]</li>
		<li>image->[PAWN_nameFull] slacking off [circumstance_group]</li>
        <li>circumstance_phrase->with an annoyed look on [PAWN_possessive] face</li>
        <li>circumstance_phrase->while pouting</li>
        <li>circumstance_phrase->while grumbling</li>
        <li>circumstance_phrase->with half-closed eyes</li>
		<li>desc_sentence->[PAWN_pronoun] looks exhausted.</li>
        <li>desc_sentence->[PAWN_possessive] arms are crossed.</li>
        <li>desc_sentence->[PAWN_pronoun] looks like [PAWN_pronoun] couldn't care less.</li>
      </rulesStrings>
    </rulePack>
  </TaleDef>
  
  <TaleDef>
    <defName>MentalStateSadism</defName>
    <label>sadism</label>
    <taleClass>Tale_SinglePawn</taleClass>
    <type>Volatile</type>
    <baseInterest>4</baseInterest>
    <rulePack>
      <rulesStrings>
        <li>tale_noun->[PAWN_nameDef] laughing sadistically</li>
        <li>image->[PAWN_nameFull] brandishing [PAWN_possessive] weapon [circumstance_group]</li>
		<li>image->[PAWN_nameFull] mumbling under their breath [circumstance_group]</li>
        <li>image->[PAWN_nameFull] looking for a victim to brutalize [circumstance_group]</li>
        <li>circumstance_phrase->while wandering around</li>
        <li>circumstance_phrase->while smiling cruelly</li>
		<li>circumstance_phrase->while grinning menacingly</li>
        <li>desc_sentence->[PAWN_pronoun] looks like [PAWN_pronoun] has lost [PAWN_possessive] mind.</li>
        <li>desc_sentence->[PAWN_possessive] left eye is twitching.</li>
		<li>desc_sentence->[PAWN_possessive] hands are shaking.</li>
      </rulesStrings>
    </rulePack>
  </TaleDef>
  
  <TaleDef>
    <defName>MentalStateCompulsion</defName>
    <label>compulsion</label>
    <taleClass>Tale_SinglePawn</taleClass>
    <type>Volatile</type>
    <baseInterest>4</baseInterest>
    <rulePack>
      <rulesStrings>
        <li>tale_noun->[PAWN_nameDef] neurotically cleaning</li>
        <li>image->[PAWN_nameFull] obsessively organizing resources [circumstance_group]</li>
		<li>image->[PAWN_nameFull] covered in dirt and grime [circumstance_group]</li>
        <li>image->[PAWN_nameFull] scrubbing the floors obsessively [circumstance_group]</li>
        <li>circumstance_phrase->while mumbling under [PAWN_possessive] breath</li>
        <li>circumstance_phrase->while sweating profusely</li>
		<li>circumstance_phrase->while struggling to stay awake</li>
        <li>desc_sentence->[PAWN_pronoun] looks like [PAWN_pronoun] hasn't slept in days.</li>
		<li>desc_sentence->[PAWN_pronoun] looks malnourished and hungry.</li>
		<li>desc_sentence->[PAWN_pronoun] looks determined and wild-eyed.</li>
		<li>desc_sentence->[PAWN_possessive] hands are trembling.</li>
      </rulesStrings>
    </rulePack>
  </TaleDef>
  
  <TaleDef>
    <defName>MentalStateAbuse</defName>
    <label>verbal abuse</label>
    <taleClass>Tale_SinglePawn</taleClass>
    <type>Volatile</type>
    <baseInterest>4</baseInterest>
    <rulePack>
      <rulesStrings>
        <li>tale_noun->[PAWN_nameDef] screaming angrily</li>
        <li>image->[PAWN_nameFull] pacing back and forth [circumstance_group]</li>
		<li>image->[PAWN_nameFull] stomping around [circumstance_group]</li>
		<li>image->[PAWN_nameFull] looking for somebody to start an argument with [circumstance_group]</li>
        <li>image->[PAWN_nameFull] looking for somebody to yell at [circumstance_group]</li>
        <li>circumstance_phrase->while others watch disapprovingly</li>
        <li>circumstance_phrase->while others shake their heads in disapproval</li>
		<li>circumstance_phrase->while others avoid making eye contact</li>
		<li>circumstance_phrase->while others flinch away from [PAWN_pronoun]</li>
		<li>circumstance_phrase->with narrowed eyes and clenched teeth</li>
		<li>desc_sentence->Spittle is flying from [PAWN_possessive] mouth.</li>
        <li>desc_sentence->[PAWN_possessive] face is bright red.</li>		
		<li>desc_sentence->[PAWN_possessive] entire body is trembling with fury.</li>
		<li>desc_sentence->[PAWN_possessive] eyes are filled with rage.</li>
      </rulesStrings>
    </rulePack>
  </TaleDef>
  
  <TaleDef>
    <defName>MentalStateAntisocial</defName>
    <label>antisocial</label>
    <taleClass>Tale_SinglePawn</taleClass>
    <type>Volatile</type>
    <baseInterest>4</baseInterest>
    <rulePack>
      <rulesStrings>
        <li>tale_noun->[PAWN_nameDef] leaving the colony</li>
        <li>image->[PAWN_nameFull] distancing [PAWN_possessive]self from the colony [circumstance_group]</li>
		<li>image->[PAWN_nameFull] avoiding interaction with other colonists [circumstance_group]</li>
		<li>image->[PAWN_nameFull] walking away [circumstance_group]</li>
		<li>image->[PAWN_nameFull] running away [circumstance_group]</li>
		<li>image->[PAWN_nameFull] walking into the wilderness [circumstance_group]</li>
		<li>image->[PAWN_nameFull] running into the wilderness [circumstance_group]</li>
        <li>circumstance_phrase->due to stress</li>
        <li>circumstance_phrase->with an emotionless look on [PAWN_possessive] face</li>
		<li>circumstance_phrase->with a paranoid look on [PAWN_possessive] face</li>
		<li>desc_sentence->[PAWN_pronoun] looks tired and weary.</li>
        <li>desc_sentence->[PAWN_possessive] face is pale.</li>		
		<li>desc_sentence->[PAWN_possessive] head is hung low.</li>
      </rulesStrings>
    </rulePack>
  </TaleDef>
  
  <TaleDef>
    <defName>MentalStateHistrionic</defName>
    <label>histrionic</label>
    <taleClass>Tale_SinglePawn</taleClass>
    <type>Volatile</type>
    <baseInterest>4</baseInterest>
    <rulePack>
      <rulesStrings>
        <li>tale_noun->[PAWN_nameDef] desperately seeking attention</li>
        <li>image->[PAWN_nameFull] chasing someone down [circumstance_group]</li>
		<li>image->[PAWN_nameFull] proposing awkwardly to another colonist [circumstance_group]</li>
		<li>image->[PAWN_nameFull] making a scene [circumstance_group]</li>
		<li>image->[PAWN_nameFull] looking for someone to talk to [circumstance_group]</li>
        <li>circumstance_phrase->with a manic look on [PAWN_possessive] face</li>
        <li>circumstance_phrase->with a pleading look on [PAWN_possessive] face</li>
		<li>circumstance_phrase->while others look on with concern</li>
		<li>circumstance_phrase->with a complete lack of self-control</li>
		<li>circumstance_phrase->with overly-dramatic flair</li>
		<li>desc_sentence->Everyone is avoiding [PAWN_pronoun].</li>
        <li>desc_sentence->[PAWN_pronoun] is wringing [PAWN_possessive] hands.</li>		
		<li>desc_sentence->[PAWN_pronoun] seems impatient and needy.</li>
		<li>desc_sentence->[PAWN_pronoun] is trying to talk to people, but they're avoiding her.</li>
		<li>desc_sentence->[PAWN_pronoun] is hitting on everything that moves.</li>
      </rulesStrings>
    </rulePack>
  </TaleDef>

  <TaleDef>
    <defName>MentalStateFellPlotting</defName>
    <label>fell plotting</label>
    <taleClass>Tale_SinglePawn</taleClass>
    <type>Volatile</type>
    <baseInterest>4</baseInterest>
    <rulePack>
      <rulesStrings>
        <li>tale_noun->[PAWN_nameDef] hatching a fell plot</li>
        <li>image->[PAWN_nameFull] scheming in [PAWN_possessive] room [circumstance_group]</li>
        <li>image->[PAWN_nameFull] hunched over a writing surface [circumstance_group]</li>
		<li>image->[PAWN_nameFull] pacing back and forth [circumstance_group]</li>
		<li>image->[PAWN_nameFull] scribbling on sheets of paper [circumstance_group]</li>
		<li>image->[PAWN_nameFull] skulking through the halls with a weapon [circumstance_group]</li>
		<li>image->[PAWN_nameFull] standing in the background behind another colonist</li>
        <li>circumstance_phrase->while muttering under [PAWN_possessive] breath</li>
        <li>circumstance_phrase->with a paranoid look on [PAWN_possessive] face</li>
		<li>circumstance_phrase->with a wild-eyed look on [PAWN_possessive] face</li>
		<li>circumstance_phrase->with a grim look on [PAWN_possessive] face</li>
		<li>circumstance_phrase->while gibbering incoherently</li>
		<li>circumstance_phrase->while whispering furiously</li>
		<li>circumstance_phrase->while talking to [PAWN_possessive]self</li>
		<li>desc_sentence->[PAWN_pronoun] is holding a stolen weapon.</li>
        <li>desc_sentence->[PAWN_pronoun] is tightening [PAWN_possessive] grip on [PAWN_possessive] weapon.</li>		
		<li>desc_sentence->[PAWN_pronoun] has a gaze filled with malice.</li>
		<li>desc_sentence->[PAWN_pronoun] seems determined.</li>
		<li>desc_sentence->[PAWN_pronoun] is staring straight at the viewer.</li>
      </rulesStrings>
    </rulePack>
  </TaleDef>

  <TaleDef>
    <defName>MentalStateParanoia</defName>
    <label>paranoia</label>
    <taleClass>Tale_SinglePawn</taleClass>
    <type>Volatile</type>
    <baseInterest>4</baseInterest>
    <rulePack>
      <rulesStrings>
        <li>tale_noun->[PAWN_nameDef] becoming consumed by paranoia</li>
        <li>image->[PAWN_nameFull] absorbed by paranoid babbling [circumstance_group]</li>
        <li>image->[PAWN_nameFull] berating another colonist [circumstance_group]</li>
		<li>image->[PAWN_nameFull] wandering senselessly around the colony [circumstance_group]</li>
		<li>image->[PAWN_nameFull] shouting warnings at passersby [circumstance_group]</li>
		<li>image->[PAWN_nameFull] rocking back and forth on the floor [circumstance_group]</li>
        <li>circumstance_phrase->with a maddened look on [PAWN_possessive] face</li>
        <li>circumstance_phrase->with a mindless look on [PAWN_possessive] face</li>
		<li>circumstance_phrase->with a terrified look on [PAWN_possessive] face</li>
		<li>circumstance_phrase->and waving [PAWN_possessive] arms wildly</li>
		<li>circumstance_phrase->and gesticulating furiously</li>
		<li>circumstance_phrase->and arguing with [PAWN_objective]self</li>
		<li>desc_sentence->[PAWN_pronoun] is screaming and sobbing.</li>
        <li>desc_sentence->[PAWN_pronoun]'s head darts back and forth fearfully.</li>		
		<li>desc_sentence->[PAWN_pronoun] has an empty-eyed stare.</li>
      </rulesStrings>
    </rulePack>
  </TaleDef>

  <TaleDef>
    <defName>MentalStateHuntingTrip</defName>
    <label>nature retreat</label>
    <taleClass>Tale_SinglePawn</taleClass>
    <type>Volatile</type>
    <baseInterest>4</baseInterest>
    <rulePack>
      <rulesStrings>
        <li>tale_noun->[PAWN_nameDef] retreating to nature to escape from the stress of the colony</li>
        <li>tale_noun->[PAWN_nameDef] running away from the colony to go hunting</li>
        <li>image->[PAWN_nameFull] stalking a wild animal [circumstance_group]</li>
        <li>image->[PAWN_nameFull] roaming through the wilderness [circumstance_group]</li>
		<li>image->[PAWN_nameFull] relaxing against in nature [circumstance_group]</li>
		<li>image->[PAWN_nameFull] walking away from the viewer, looking back, [circumstance_group]</li>
		<li>image->[PAWN_nameFull] disappearing into the wilderness [circumstance_group]</li>
        <li>circumstance_phrase->with a grim look on [PAWN_possessive] face</li>
        <li>circumstance_phrase->with a stoic look on [PAWN_possessive] face</li>
		<li>circumstance_phrase->with a blank look on [PAWN_possessive] face</li>
		<li>circumstance_phrase->and clasping a gun in [PAWN_possessive] hands</li>
		<li>circumstance_phrase->with their gaze fixed on a [Animal]</li>
		<li>circumstance_phrase->with no one else in sight</li>
		<li>desc_sentence->[PAWN_pronoun] is gripping [PAWN_possessive] weapon tightly.</li>
        <li>desc_sentence->[PAWN_pronoun] scans [PAWN_possessive] surroundings with care.</li>		
		<li>desc_sentence->[PAWN_pronoun] seems relieved to be away from it all.</li>
        <li>desc_sentence->A [Animal] creeps past while [PAWN_pronoun]'s distracted.</li>
        <li>desc_sentence->[Animal]s symbolically flank either side of [PAWN_objective].</li>
        <li>desc_sentence->There is a [TerrainFeature] in the background.</li>
      </rulesStrings>
    </rulePack>
  </TaleDef>

</Defs>