<?xml version="1.0" encoding="utf-8" ?>
<Defs>
	<HugsLib.UpdateFeatureDef Abstract="true" Name="UpdateFeatureBase_RunAndGun">
		<modNameReadable>RunAndGun</modNameReadable>
		<modIdentifier>RunAndGun</modIdentifier>
		<linkUrl>https://ludeon.com/forums/index.php?topic=36061.0</linkUrl>
	</HugsLib.UpdateFeatureDef>
	<HugsLib.UpdateFeatureDef ParentName="UpdateFeatureBase_RunAndGun">
		<defName>RunAndGun_2_0_0</defName>
		<assemblyVersion>2.0.0</assemblyVersion>
		<content>
RunAndGun has been updated to support Rimworld version 1.1 (including the expansion). Credits for this update go to Ogliss. Thanks to this amazing community my mods are being kept alive! This version also supports Rimworld 1.0, so no need to worry if you're still using that version. 
		</content>
	</HugsLib.UpdateFeatureDef>
	<HugsLib.UpdateFeatureDef ParentName="UpdateFeatureBase_RunAndGun">
		<defName>RunAndGun_3_0_0</defName>
		<assemblyVersion>3.0.0</assemblyVersion>
		<content>
RunAndGun has been updated to support Rimworld version 1.2. This version also supports Rimworld 1.0 and 1.1, so no need to worry if you're still using those versions. 
		</content>
	</HugsLib.UpdateFeatureDef>
	<HugsLib.UpdateFeatureDef ParentName="UpdateFeatureBase_RunAndGun">
		<defName>RunAndGun_4_0_0</defName>
		<assemblyVersion>4.0.0</assemblyVersion>
		<content>
RunAndGun has been updated to support Rimworld version 1.3.
All credits of this update go to &lt;color=orange&gt;&lt;b&gt;Ogliss&lt;/b&gt;&lt;/color&gt;, who did a great job updating this. 

As you might know I'm not really active as modder anymore, but I do intend to keep all my mods alive. The reason I'm no longer active is because I'm working on my own game: &lt;color=orange&gt;&lt;b&gt;Cursed Crew&lt;/b&gt;&lt;/color&gt;. If you like my work, be sure to check it out! You can find a link to Cursed Crew the mod page of every mod I created. 

Enjoy the update!

Cheers,
Roolo

		</content>
	</HugsLib.UpdateFeatureDef>
	<HugsLib.UpdateFeatureDef ParentName="UpdateFeatureBase_RunAndGun">
		<defName>RunAndGun_5_0_0</defName>
		<assemblyVersion>5.0.0</assemblyVersion>
		<content>
RunAndGun has been updated to support Rimworld version 1.4.

Enjoy the update!

Cheers,
Roolo

		</content>
	</HugsLib.UpdateFeatureDef>
</Defs>