<?xml version="1.0" encoding="utf-8" ?>
<Defs>
  <BionicIconsTextureDef>
    <defName>rahBionic</defName>
    <texture>Things/Item/BodyPart/Bionic</texture>
    <replacement>BionicIcons/Boxes/Bionic</replacement>
  </BionicIconsTextureDef>
  <BionicIconsTextureDef>
    <defName>rahBionicArchotech</defName>
    <texture>Things/Item/BodyPart/Bionic2</texture>
    <replacement>BionicIcons/Boxes/Archotech</replacement>
    <nameContains>Archotech</nameContains>
  </BionicIconsTextureDef>
  <BionicIconsTextureDef>
    <defName>rahBionic2</defName>
    <texture>Things/Item/BodyPart/Bionic2</texture>
    <replacement>BionicIcons/Boxes/BionicAdvanced</replacement>
  </BionicIconsTextureDef>
  <BionicIconsTextureDef>
    <defName>rahOrgan</defName>
    <texture>Things/Item/BodyPart/Organ</texture>
    <replacement>BionicIcons/Boxes/Default</replacement>
  </BionicIconsTextureDef>
  <BionicIconsTextureDef>
    <defName>rahSimple</defName>
    <texture>Things/Item/BodyPart/Simple</texture>
    <replacement>BionicIcons/Boxes/ProstheticAdvanced</replacement>
  </BionicIconsTextureDef>
</Defs>
