<?xml version="1.0" encoding="utf-8" ?>
<Patch>
  <Operation Class="PatchOperationFindMod">
    <mods>
      <li>Save Our Ship 2</li>
    </mods>
    <match Class="PatchOperationSequence">
      <success>Always</success>
      <operations>

        <!-- 티어B메이드 -->

        <li Class="PatchOperationAdd">
          <xpath>Defs/ThingDef[defName = "PN_ApparelMaid"]/apparel/tags</xpath>
          <value>
            <li>EVA</li>
          </value>
        </li>

        <li Class="PatchOperationReplace">
          <xpath>Defs/ThingDef[defName = "PN_ApparelMaid"]/statBases/Insulation_Cold</xpath>
          <value>
            <Insulation_Cold>100</Insulation_Cold>
          </value>
        </li>

        <li Class="PatchOperationReplace">
          <xpath>Defs/ThingDef[defName = "PN_ApparelMaid"]/statBases/Insulation_Heat</xpath>
          <value>
            <Insulation_Heat>25</Insulation_Heat>
          </value>
        </li>

        <li Class="PatchOperationAdd">
          <xpath>Defs/ThingDef[defName = "PN_ApparelMaidHat"]/apparel/tags</xpath>
          <value>
            <li>EVA</li>
          </value>
        </li>

        <li Class="PatchOperationReplace">
          <xpath>Defs/ThingDef[defName = "PN_ApparelMaidHat"]/statBases/Insulation_Cold</xpath>
          <value>
            <Insulation_Cold>50</Insulation_Cold>
          </value>
        </li>

        <li Class="PatchOperationReplace">
          <xpath>Defs/ThingDef[defName = "PN_ApparelMaidHat"]/statBases/Insulation_Heat</xpath>
          <value>
            <Insulation_Heat>25</Insulation_Heat>
          </value>
        </li>

        <!-- 티어B워커 -->

        <li Class="PatchOperationAdd">
          <xpath>Defs/ThingDef[defName = "PN_ApparelWorker"]/apparel/tags</xpath>
          <value>
            <li>EVA</li>
          </value>
        </li>

        <li Class="PatchOperationReplace">
          <xpath>Defs/ThingDef[defName = "PN_ApparelWorker"]/statBases/Insulation_Cold</xpath>
          <value>
            <Insulation_Cold>100</Insulation_Cold>
          </value>
        </li>

        <li Class="PatchOperationReplace">
          <xpath>Defs/ThingDef[defName = "PN_ApparelWorker"]/statBases/Insulation_Heat</xpath>
          <value>
            <Insulation_Heat>25</Insulation_Heat>
          </value>
        </li>

        <li Class="PatchOperationAdd">
          <xpath>Defs/ThingDef[defName = "PN_ApparelWorkerHat"]/apparel/tags</xpath>
          <value>
            <li>EVA</li>
          </value>
        </li>

        <li Class="PatchOperationReplace">
          <xpath>Defs/ThingDef[defName = "PN_ApparelWorkerHat"]/statBases/Insulation_Cold</xpath>
          <value>
            <Insulation_Cold>50</Insulation_Cold>
          </value>
        </li>

        <li Class="PatchOperationReplace">
          <xpath>Defs/ThingDef[defName = "PN_ApparelWorkerHat"]/statBases/Insulation_Heat</xpath>
          <value>
            <Insulation_Heat>25</Insulation_Heat>
          </value>
        </li>

        <!-- 티어B솔져 -->

        <li Class="PatchOperationAdd">
          <xpath>Defs/ThingDef[defName = "PN_ApparelSoldier"]/apparel/tags</xpath>
          <value>
            <li>EVA</li>
          </value>
        </li>

        <li Class="PatchOperationReplace">
          <xpath>Defs/ThingDef[defName = "PN_ApparelSoldier"]/statBases/Insulation_Cold</xpath>
          <value>
            <Insulation_Cold>100</Insulation_Cold>
          </value>
        </li>

        <li Class="PatchOperationReplace">
          <xpath>Defs/ThingDef[defName = "PN_ApparelSoldier"]/statBases/Insulation_Heat</xpath>
          <value>
            <Insulation_Heat>25</Insulation_Heat>
          </value>
        </li>

        <li Class="PatchOperationAdd">
          <xpath>Defs/ThingDef[defName = "PN_ApparelSoldierHat"]/apparel/tags</xpath>
          <value>
            <li>EVA</li>
          </value>
        </li>

        <li Class="PatchOperationReplace">
          <xpath>Defs/ThingDef[defName = "PN_ApparelSoldierHat"]/statBases/Insulation_Cold</xpath>
          <value>
            <Insulation_Cold>50</Insulation_Cold>
          </value>
        </li>

        <li Class="PatchOperationReplace">
          <xpath>Defs/ThingDef[defName = "PN_ApparelSoldierHat"]/statBases/Insulation_Heat</xpath>
          <value>
            <Insulation_Heat>25</Insulation_Heat>
          </value>
        </li>

        <!-- 시큐리티 유니폼 -->

        <li Class="PatchOperationAdd">
          <xpath>Defs/ThingDef[defName = "PN_EliteSecurityUniform"]/apparel/tags</xpath>
          <value>
            <li>EVA</li>
          </value>
        </li>

        <li Class="PatchOperationReplace">
          <xpath>Defs/ThingDef[defName = "PN_EliteSecurityUniform"]/statBases/Insulation_Cold</xpath>
          <value>
            <Insulation_Cold>100</Insulation_Cold>
          </value>
        </li>

        <li Class="PatchOperationReplace">
          <xpath>Defs/ThingDef[defName = "PN_EliteSecurityUniform"]/statBases/Insulation_Heat</xpath>
          <value>
            <Insulation_Heat>25</Insulation_Heat>
          </value>
        </li>

        <li Class="PatchOperationAdd">
          <xpath>Defs/ThingDef[defName = "PN_EliteSecurityHat"]/apparel/tags</xpath>
          <value>
            <li>EVA</li>
          </value>
        </li>

        <li Class="PatchOperationReplace">
          <xpath>Defs/ThingDef[defName = "PN_EliteSecurityHat"]/statBases/Insulation_Cold</xpath>
          <value>
            <Insulation_Cold>50</Insulation_Cold>
          </value>
        </li>

        <li Class="PatchOperationReplace">
          <xpath>Defs/ThingDef[defName = "PN_EliteSecurityHat"]/statBases/Insulation_Heat</xpath>
          <value>
            <Insulation_Heat>25</Insulation_Heat>
          </value>
        </li>

        <!-- 티어C로얄가드 -->

        <li Class="PatchOperationAdd">
          <xpath>Defs/ThingDef[defName = "PN_ApparelRoyalguard"]/apparel/tags</xpath>
          <value>
            <li>EVA</li>
          </value>
        </li>

        <li Class="PatchOperationReplace">
          <xpath>Defs/ThingDef[defName = "PN_ApparelRoyalguard"]/statBases/Insulation_Cold</xpath>
          <value>
            <Insulation_Cold>100</Insulation_Cold>
          </value>
        </li>

        <li Class="PatchOperationReplace">
          <xpath>Defs/ThingDef[defName = "PN_ApparelRoyalguard"]/statBases/Insulation_Heat</xpath>
          <value>
            <Insulation_Heat>25</Insulation_Heat>
          </value>
        </li>

        <li Class="PatchOperationAdd">
          <xpath>Defs/ThingDef[defName = "PN_ApparelRoyalguardHat"]/apparel/tags</xpath>
          <value>
            <li>EVA</li>
          </value>
        </li>

        <li Class="PatchOperationReplace">
          <xpath>Defs/ThingDef[defName = "PN_ApparelRoyalguardHat"]/statBases/Insulation_Cold</xpath>
          <value>
            <Insulation_Cold>50</Insulation_Cold>
          </value>
        </li>

        <li Class="PatchOperationReplace">
          <xpath>Defs/ThingDef[defName = "PN_ApparelRoyalguardHat"]/statBases/Insulation_Heat</xpath>
          <value>
            <Insulation_Heat>25</Insulation_Heat>
          </value>
        </li>

        <!-- 티어C마이스터 -->

        <li Class="PatchOperationAdd">
          <xpath>Defs/ThingDef[defName = "PN_ApparelRoyalmeister"]/apparel/tags</xpath>
          <value>
            <li>EVA</li>
          </value>
        </li>

        <li Class="PatchOperationReplace">
          <xpath>Defs/ThingDef[defName = "PN_ApparelRoyalmeister"]/statBases/Insulation_Cold</xpath>
          <value>
            <Insulation_Cold>100</Insulation_Cold>
          </value>
        </li>

        <li Class="PatchOperationReplace">
          <xpath>Defs/ThingDef[defName = "PN_ApparelRoyalmeister"]/statBases/Insulation_Heat</xpath>
          <value>
            <Insulation_Heat>25</Insulation_Heat>
          </value>
        </li>

        <li Class="PatchOperationAdd">
          <xpath>Defs/ThingDef[defName = "PN_ApparelRoyalmeisterHat"]/apparel/tags</xpath>
          <value>
            <li>EVA</li>
          </value>
        </li>

        <li Class="PatchOperationReplace">
          <xpath>Defs/ThingDef[defName = "PN_ApparelRoyalmeisterHat"]/statBases/Insulation_Cold</xpath>
          <value>
            <Insulation_Cold>50</Insulation_Cold>
          </value>
        </li>

        <li Class="PatchOperationReplace">
          <xpath>Defs/ThingDef[defName = "PN_ApparelRoyalmeisterHat"]/statBases/Insulation_Heat</xpath>
          <value>
            <Insulation_Heat>25</Insulation_Heat>
          </value>
        </li>

        <li Class="PatchOperationAdd">
          <xpath>Defs/ThingDef[defName = "PN_ApparelRoyalmeisterHatWithMonocle"]/apparel/tags</xpath>
          <value>
            <li>EVA</li>
          </value>
        </li>

        <li Class="PatchOperationReplace">
          <xpath>Defs/ThingDef[defName = "PN_ApparelRoyalmeisterHatWithMonocle"]/statBases/Insulation_Cold</xpath>
          <value>
            <Insulation_Cold>50</Insulation_Cold>
          </value>
        </li>

        <li Class="PatchOperationReplace">
          <xpath>Defs/ThingDef[defName = "PN_ApparelRoyalmeisterHatWithMonocle"]/statBases/Insulation_Heat</xpath>
          <value>
            <Insulation_Heat>25</Insulation_Heat>
          </value>
        </li>

        <li Class="PatchOperationAdd">
          <xpath>Defs/ThingDef[defName = "PN_ApparelRoyalmeisterMonocle"]/apparel/tags</xpath>
          <value>
            <li>EVA</li>
          </value>
        </li>

        <li Class="PatchOperationReplace">
          <xpath>Defs/ThingDef[defName = "PN_ApparelRoyalmeisterMonocle"]/statBases/Insulation_Cold</xpath>
          <value>
            <Insulation_Cold>50</Insulation_Cold>
          </value>
        </li>

        <li Class="PatchOperationReplace">
          <xpath>Defs/ThingDef[defName = "PN_ApparelRoyalmeisterMonocle"]/statBases/Insulation_Heat</xpath>
          <value>
            <Insulation_Heat>25</Insulation_Heat>
          </value>
        </li>

        <!-- 티어C로열메이드 -->

        <li Class="PatchOperationAdd">
          <xpath>Defs/ThingDef[defName = "PN_ApparelRoyalmaid"]/apparel/tags</xpath>
          <value>
            <li>EVA</li>
          </value>
        </li>

        <li Class="PatchOperationReplace">
          <xpath>Defs/ThingDef[defName = "PN_ApparelRoyalmaid"]/statBases/Insulation_Cold</xpath>
          <value>
            <Insulation_Cold>100</Insulation_Cold>
          </value>
        </li>

        <li Class="PatchOperationReplace">
          <xpath>Defs/ThingDef[defName = "PN_ApparelRoyalmaid"]/statBases/Insulation_Heat</xpath>
          <value>
            <Insulation_Heat>25</Insulation_Heat>
          </value>
        </li>

        <li Class="PatchOperationAdd">
          <xpath>Defs/ThingDef[defName = "PN_ApparelRoyalmaidHat"]/apparel/tags</xpath>
          <value>
            <li>EVA</li>
          </value>
        </li>

        <li Class="PatchOperationReplace">
          <xpath>Defs/ThingDef[defName = "PN_ApparelRoyalmaidHat"]/statBases/Insulation_Cold</xpath>
          <value>
            <Insulation_Cold>50</Insulation_Cold>
          </value>
        </li>

        <li Class="PatchOperationReplace">
          <xpath>Defs/ThingDef[defName = "PN_ApparelRoyalmaidHat"]/statBases/Insulation_Heat</xpath>
          <value>
            <Insulation_Heat>25</Insulation_Heat>
          </value>
        </li>

      </operations>
    </match>
  </Operation>
</Patch>