<?xml version="1.0" encoding="utf-8"?>
<ModMetaData>
	<name>BetterLoading</name>
	<description>An enhanced loading screen.</description>
	<author>Samboy063 + Sl4vP0weR</author>
	<packageId>me.samboycoding.betterloading.dev</packageId>
	<url>https://github.com/SlavRim/RimworldBetterLoading</url>
	<supportedVersions>
		<li>1.3</li>
		<li>1.4</li>
	</supportedVersions>
	<loadBefore>
		<li>Ludeon.RimWorld</li>
		<li>UnlimitedHugs.HugsLib</li>
		<li>automatic.StartupImpact</li>
	</loadBefore>
	<loadAfter>
		<li>brrainz.harmony</li>
	</loadAfter>
	<modDependencies>
		<li>
			<packageId>brrainz.harmony</packageId>
			<displayName>Harmony</displayName>
			<steamWorkshopUrl>steam://url/CommunityFilePage/2009463077</steamWorkshopUrl>
			<downloadUrl>https://github.com/pardeike/HarmonyRimWorld/releases/latest</downloadUrl>
		</li>
	</modDependencies>

</ModMetaData>