<?xml version="1.0" encoding="utf-8"?>
<ModMetaData>
	<name>Vanilla Traits Expanded</name>
	<author>Oskar Potocki, Taranchuk, Chowder</author>
	<supportedVersions>
	<li>1.3</li>
	<li>1.2</li>
	<li>1.4</li>
	</supportedVersions>
	<packageId>VanillaExpanded.VanillaTraitsExpanded</packageId>
	<description>Have you ever thought about how base game traits become repetitive after a while? Are you tired of seeing pyromaniac or kind pawn over and over again? Are you perhaps considering pyromaniac to be an instant death sentence in your colony? If for any of these questions the answer was ‘aye’, then look no further.

Vanilla Traits Expanded adds 55 new traits, some offering unique new game mechanics, some being quirky and enhancing the storytelling, and some being straight up stat upgrades. Traits’ commonality has been adjusted after weeks of testing, to make sure no powerful or annoying traits appear too often.

Using our new mod options menu, you can now disable specific traits added by vanilla game or any of the mods you have. This doesn’t mean that the trait will be magically removed from the pawn, but it’s commonality will be reduced to 0, stopping it from ever appearing in the game again.

I really hope you will enjoy the effect of our hard work! Let us know in the comments what you think works and what doesn’t!
</description>
</ModMetaData>