﻿<?xml version="1.0" encoding="utf-8" ?>
<Defs>
<!--
  <FactionDef>
    <defName>FactionDef_EVOR</defName>
    <label>FactionDef_EVOR</label>
    <description>FactionDef_EVOR</description>
    <pawnSingular>FactionDef_EVOR</pawnSingular>
    <pawnsPlural>FactionDef_EVOR</pawnsPlural>
    <requiredCountAtGameStart>1</requiredCountAtGameStart>
    <factionNameMaker>NamerFactionMechanoid</factionNameMaker>
    <factionIconPath>World/WorldObjects/Expanding/Mechanoids</factionIconPath>
    <colorSpectrum>
      <li>(0.78, 0.79, 0.71)</li>
    </colorSpectrum>
    <raidCommonalityFromPointsCurve>
      <points>
        <li>(0,  0)</li>
        <li>(1000, 1000)</li>
        <li>(2000, 2000)</li>
        <li>(3000, 3000)</li>
      </points>
    </raidCommonalityFromPointsCurve>
    <raidLootMaker>ThingSetMakerDef_EVOR_LootMaker</raidLootMaker>
    <humanlikeFaction>true</humanlikeFaction>
    <backstoryFilters>
      <li>
        <categories>
          <li>ImperialCommon</li>
        </categories>
      </li>
    </backstoryFilters>
    <hidden>true</hidden>
    <autoFlee>false</autoFlee>
    <canUseAvoidGrid>false</canUseAvoidGrid>
    <techLevel>Ultra</techLevel>
    <earliestRaidDays>45</earliestRaidDays>
    <permanentEnemy>true</permanentEnemy>
    <hostileToFactionlessHumanlikes>true</hostileToFactionlessHumanlikes>
    <maxPawnCostPerTotalPointsCurve>
      <points>
        <li>(2000,1000)</li>
        <li>(4000,2000)</li>
        <li>(8000,3000)</li>
      </points>
    </maxPawnCostPerTotalPointsCurve>
    <raidLootValueFromPointsCurve>
      <points>
        <li>(100, 1000)</li>
        <li>(200, 2000)</li>
        <li>(300, 3000)</li>
      </points>
    </raidLootValueFromPointsCurve>
    <pawnGroupMakers>
      <li>
        <kindDef>Combat</kindDef>
        <commonality>20</commonality>
        <options>
          <PawnKindDef_EVOR_BasicSoldier>1</PawnKindDef_EVOR_BasicSoldier>
        </options>
      </li>
      <li>
        <kindDef>Combat</kindDef>
        <commonality>80</commonality>
        <options>
          <PawnKindDef_EVOR_Berserker>1</PawnKindDef_EVOR_Berserker>
        </options>
      </li>
    </pawnGroupMakers>
    <allowedArrivalTemperatureRange>-100~200</allowedArrivalTemperatureRange>
    <maxConfigurableAtWorldCreation>1</maxConfigurableAtWorldCreation>
    <configurationListOrderPriority>999</configurationListOrderPriority>
  </FactionDef>
  
  <ThingSetMakerDef>
    <defName>ThingSetMakerDef_EVOR_LootMaker</defName>
    <root Class="ThingSetMaker_MarketValue">
      <fixedParams>
        <filter>
          <thingDefs>
            <li>EVOR_Resource_Mechanites</li>
			<li>EVOR_Resource_Protein</li>
          </thingDefs>
        </filter>
      </fixedParams>
    </root>
  </ThingSetMakerDef>

  <PawnKindDef Name="PawnKindDef_EVOR_Basic" Abstract="True">
    <race>Human</race>
    <defaultFactionType>FactionDef_EVOR</defaultFactionType>
    <chemicalAddictionChance>0.1</chemicalAddictionChance>
    <invNutrition>2.55</invNutrition>
    <itemQuality>Normal</itemQuality>
    <backstoryCryptosleepCommonality>0</backstoryCryptosleepCommonality>
    <maxGenerationAge>65</maxGenerationAge>
    <combatEnhancingDrugsChance>0.15</combatEnhancingDrugsChance>
    <combatEnhancingDrugsCount>0~2</combatEnhancingDrugsCount>
    <biocodeWeaponChance>0.5</biocodeWeaponChance>
    <gearHealthRange>0.7~2.3</gearHealthRange>
    <initialWillRange>1~3</initialWillRange>
    <apparelTags>
      <li>IndustrialBasic</li>
      <li>IndustrialAdvanced</li>
      <li>IndustrialMilitaryBasic</li>
      <li>BeltDefensePop</li>
    </apparelTags>
    <apparelMoney>400~700</apparelMoney>
    <apparelAllowHeadgearChance>0.5</apparelAllowHeadgearChance>
    <weaponMoney>500~500</weaponMoney>
    <techHediffsTags>
      <li>HediffsTag_EVOR</li>
    </techHediffsTags>
    <techHediffsDisallowTags>
      <li>HediffsTag_EVOR_ReactiveWorms</li>
    </techHediffsDisallowTags>
    <inventoryOptions>
      <skipChance>0.95</skipChance>
      <subOptionsChooseOne>
        <li>
          <thingDef>MedicineIndustrial</thingDef>
          <countRange>1</countRange>
        </li>
      </subOptionsChooseOne>
    </inventoryOptions>
    <canBeSapper>true</canBeSapper>
    <isGoodBreacher>false</isGoodBreacher>
    <skills>
      <li>
        <skill>Shooting</skill>
        <range>4~10</range>
      </li>
      <li>
        <skill>Melee</skill>
        <range>4~10</range>
      </li>
    </skills>
    <initialResistanceRange>10~16</initialResistanceRange>
  </PawnKindDef>

  <PawnKindDef ParentName="PawnKindDef_EVOR_Basic">
    <defName>PawnKindDef_EVOR_BasicSoldier</defName>
    <label>PawnKindDef_EVOR_BasicSoldier</label>
	<techHediffsMaxAmount>2</techHediffsMaxAmount>
    <techHediffsChance>1.00</techHediffsChance>
    <techHediffsMoney>25000~25000</techHediffsMoney>
    <combatPower>50</combatPower>
    <weaponTags>
      <li>SpacerGun</li>
	  <li>IndustrialGunAdvanced</li>
    </weaponTags>
  </PawnKindDef>
  
  <PawnKindDef ParentName="PawnKindDef_EVOR_Basic">
    <defName>PawnKindDef_EVOR_Berserker</defName>
    <label>PawnKindDef_EVOR_Berserker</label>
	<techHediffsMaxAmount>50</techHediffsMaxAmount>
    <techHediffsChance>1.00</techHediffsChance>
    <techHediffsMoney>99999~99999</techHediffsMoney>
    <combatPower>1000</combatPower>
    <weaponTags>
    </weaponTags>
    <techHediffsRequired>
      <li>Painstopper</li>
	  <li>EVOR_Item_Skull_Shielding</li>
    </techHediffsRequired>
    <initialWillRange>100~100</initialWillRange>
    <initialResistanceRange>100~100</initialResistanceRange>
  </PawnKindDef>
  -->
</Defs>
