<?xml version="1.0" encoding="utf-8" ?>
<Defs>

    <ResearchProjectDef>
        <defName>QE_LifeSupportSystem</defName>
        <label>life support system</label>
        <description>Create the Life Support System, allowing living beings to temporarily cheat death.</description>
        <baseCost>2000</baseCost>
        <techLevel>Industrial</techLevel>
        <prerequisites>
            <li>VitalsMonitor</li>
        </prerequisites>
        <requiredResearchBuilding>HiTechResearchBench</requiredResearchBuilding>
        <researchViewX>13</researchViewX>
        <researchViewY>0.8</researchViewY>
    </ResearchProjectDef>

</Defs>