﻿<?xml version="1.0" encoding="utf-8" ?>
<Defs>

  <StatDef>
    <defName>ArrestPeacefullyChance</defName>
    <label>peaceful arrest chance</label>
    <description>Base chance this person can convince an arrestee to go quietly.</description>
    <category>PawnSocial</category>
    <defaultBaseValue>1</defaultBaseValue>
    <minValue>0.01</minValue>
    <toStringStyle>PercentTwo</toStringStyle>
	<neverDisabled>true</neverDisabled>
    <skillNeedFactors>
      <li Class="SkillNeed_BaseBonus">
        <skill>Social</skill>
        <baseValue>0.02</baseValue>
        <bonusPerLevel>0.05</bonusPerLevel>
      </li>
    </skillNeedFactors>
    <capacityFactors>
      <li>
        <capacity>Talking</capacity>
        <weight>0.9</weight>
      </li>
    </capacityFactors>
  </StatDef>

</Defs>