﻿<?xml version="1.0" encoding="utf-8"?>
<ModMetaData>
	<name>Stabilize</name>
	<author>Linkolas</author>
	<packageId>Linkolas.Stabilize</packageId>
	<supportedVersions>
		<li>1.1</li>
		<li>1.2</li>
		<li>1.3</li>
		<li>1.4</li>
	</supportedVersions>
	<url>https://github.com/Linkolas/RW_Stabilize</url>
	<description>
Lets you tend to downed pawns right where they are instead of taking them to beds.
A true lifesaver :)
	</description>
	<modDependencies>
		<li>
			<packageId>brrainz.harmony</packageId>
			<displayName>Harmony</displayName>
			<steamWorkshopUrl>steam://url/CommunityFilePage/2009463077</steamWorkshopUrl>
			<downloadUrl>https://github.com/pardeike/HarmonyRimWorld/releases/latest</downloadUrl>
		</li>
		<li>
			<packageId>UnlimitedHugs.HugsLib</packageId>
			<displayName>HugsLib</displayName>
			<downloadUrl>https://github.com/UnlimitedHugs/RimworldHugsLib/releases/latest</downloadUrl>
			<steamWorkshopUrl>steam://url/CommunityFilePage/818773962</steamWorkshopUrl>
		</li>
	</modDependencies>
</ModMetaData>
