<?xml version="1.0" encoding="utf-8" ?>
<Defs>
  <TraderKindDef>
    <defName>PN_Caravan_TributeCollector</defName>
    <label>PnL result appraiser</label>
    <requestable>True</requestable>
    <commonality>1</commonality>
    <tradeCurrency>Favor</tradeCurrency>
    <faction>PN_SubsidiaryFaction</faction>
    <hideThingsNotWillingToTrade>True</hideThingsNotWillingToTrade>
    <stockGenerators>
      <!-- Buying -->
      <li Class="StockGenerator_BuySingleDef">
        <thingDef>Gold</thingDef>
      </li>
      <li Class="StockGenerator_BuySingleDef">
        <thingDef>PN_SilverCase</thingDef>
      </li>
    </stockGenerators>
  </TraderKindDef>

  <!--benefit ship-->

  <TraderKindDef>
    <defName>PN_Orbital_PnLbenefit</defName>
    <label>PnL benefit ship</label>
    <orbital>true</orbital>
    <faction>PN_SubsidiaryFaction</faction>
    <permitRequiredForTrading>PN_TradeBenefit</permitRequiredForTrading>
    <stockGenerators>

      <!-- Resources -->
      <li Class="StockGenerator_SingleDef">
        <thingDef>Silver</thingDef>
        <countRange>2000~4000</countRange>
      </li>
      <li Class="StockGenerator_SingleDef">
        <thingDef>ComponentIndustrial</thingDef>
        <countRange>30~60</countRange>
      </li>
      <li Class="StockGenerator_SingleDef">
        <thingDef>ComponentSpacer</thingDef>
        <countRange>8~16</countRange>
      </li>
      <li Class="StockGenerator_SingleDef">
        <thingDef>Steel</thingDef>
        <countRange>500~800</countRange>
      </li>
      <li Class="StockGenerator_SingleDef">
        <thingDef>Plasteel</thingDef>
        <countRange>200~600</countRange>
      </li>
      <li Class="StockGenerator_SingleDef">
        <thingDef>Uranium</thingDef>
        <countRange>60~300</countRange>
      </li>
      <li Class="StockGenerator_SingleDef">
        <thingDef>Chemfuel</thingDef>
        <countRange>200~600</countRange>
      </li>
      <li Class="StockGenerator_SingleDef">
        <thingDef>MedicineUltratech</thingDef>
        <countRange>5~30</countRange>
      </li>
      <li Class="StockGenerator_SingleDef">
        <thingDef>Neutroamine</thingDef>
        <countRange>100~500</countRange>
      </li>
      <li Class="StockGenerator_SingleDef">
        <thingDef>Hyperweave</thingDef>
        <countRange>50~200</countRange>
      </li>
      <li Class="StockGenerator_SingleDef">
        <thingDef>DevilstrandCloth</thingDef>
        <countRange>50~200</countRange>
      </li>

      <!-- Drugs -->
      <li Class="StockGenerator_SingleDef">
        <thingDef>PN_AutomatonFuel</thingDef>
        <countRange>200~600</countRange>
      </li>
      <li Class="StockGenerator_SingleDef">
        <thingDef>PN_antibiotics</thingDef>
        <countRange>6~18</countRange>
      </li>

      <!-- Automaton -->
      <li Class="StockGenerator_SingleDef">
        <thingDef>PN_RepairKit</thingDef>
        <countRange>20~40</countRange>
      </li>
      <li Class="StockGenerator_SingleDef">
        <thingDef>PN_SelfRepairKit</thingDef>
        <countRange>2~5</countRange>
      </li>
      <li Class="StockGenerator_SingleDef">
        <thingDef>PN_BrainCasing</thingDef>
        <countRange>6~10</countRange>
      </li>
      <li Class="StockGenerator_SingleDef">
        <thingDef>Leather_Automaton</thingDef>
        <countRange>50~200</countRange>
      </li>
      <li Class="StockGenerator_SingleDef">
        <thingDef>PN_Component</thingDef>
        <countRange>8~16</countRange>
      </li>

      <li Class="StockGenerator_SingleDef">
        <thingDef>Packaged_NormalAutomatonSoldier</thingDef>
        <countRange>1~3</countRange>
      </li>
      <li Class="StockGenerator_SingleDef">
        <thingDef>Packaged_NormalAutomatonWorker</thingDef>
        <countRange>1~3</countRange>
      </li>
      <li Class="StockGenerator_SingleDef">
        <thingDef>Packaged_NormalAutomatonMaid</thingDef>
        <countRange>1~3</countRange>
      </li>

      <li Class="StockGenerator_SingleDef">
        <thingDef>Packaged_PremiumAutomatonSoldier</thingDef>
        <countRange>1</countRange>
      </li>
      <li Class="StockGenerator_SingleDef">
        <thingDef>Packaged_PremiumAutomatonWorker</thingDef>
        <countRange>1</countRange>
      </li>
      <li Class="StockGenerator_SingleDef">
        <thingDef>Packaged_PremiumAutomatonMaid</thingDef>
        <countRange>1</countRange>
      </li>

      <!-- Weapons -->
      <li Class="StockGenerator_SingleDef">
        <thingDef>PN_PrototypeRailGun</thingDef>
        <countRange>1</countRange>
      </li>
      <li Class="StockGenerator_WeaponsMelee">
        <weaponTag>PN_Bladelink</weaponTag>
        <countRange>1~2</countRange>
      </li>

      <!-- Apparel -->

      <!-- Implants -->
      <li Class="StockGenerator_SingleDef">
        <thingDef>PN_ResurrectModule</thingDef>
        <countRange>1~3</countRange>
      </li>

      <!-- Techprints -->
      <li Class="StockGenerator_SingleDef">
        <thingDef>Techprint_CataphractArmor</thingDef>
        <countRange>1</countRange>
      </li>
      <li Class="StockGenerator_SingleDef">
        <thingDef>Techprint_BrainWiring</thingDef>
        <countRange>1</countRange>
      </li>

      <!-- Buildings -->

      <!-- Animals -->

      <!-- Buying -->

    </stockGenerators>
  </TraderKindDef>
</Defs>