<?xml version="1.0" encoding="utf-8" ?>
<Defs>
	<HediffDef>
		<defName>QE_LifeSupport</defName>
		<label>life support system</label>
    <labelNoun>on life support</labelNoun>
    <description>Life support prevents a pawn from dying from losing organs.</description>
    <hediffClass>LifeSupport.Hediff_LifeSupport</hediffClass>
    <defaultLabelColor>(0.2, 0.6, 0.9)</defaultLabelColor>
    <isBad>false</isBad>
    <initialSeverity>0.001</initialSeverity>
    <lethalSeverity>-1.0</lethalSeverity>
    <stages>
      <li>
        <label></label>
        <minSeverity>0.499</minSeverity>
      </li>
      <li>
        <label>downed</label>
        <minSeverity>0.999</minSeverity>
      </li>
    </stages>
  </HediffDef>
</Defs>