<?xml version="1.0" encoding="utf-8" ?>
<Defs>
  <RecipeDef ParentName="SurgeryFlesh">
    <defName>EVOR_Surgery_Skull_Resonance</defName>
    <label>&lt;color=#00FFF7&gt;implant psychic resonance tissue&lt;/color&gt;</label>
    <description>Implant psychic resonance tissue.</description>
    <workerClass>Recipe_InstallImplant</workerClass>
    <jobString>Implanting psychic resonance tissue.</jobString>
    <workAmount>3000</workAmount>
    <skillRequirements>
      <Medicine>10</Medicine>
    </skillRequirements>
    <recipeUsers>
      <li>Human</li>
    </recipeUsers>
    <ingredients>
      <li>
        <filter>
          <categories>
            <li>Medicine</li>
          </categories>
        </filter>
        <count>2</count>
      </li>
      <li>
        <filter>
          <thingDefs>
            <li>EVOR_Item_Skull_Resonance</li>
          </thingDefs>
        </filter>
        <count>1</count>
      </li>
    </ingredients>
    <fixedIngredientFilter>
      <categories>
        <li>Medicine</li>
      </categories>
      <thingDefs>
        <li>EVOR_Item_Skull_Resonance</li>
      </thingDefs>
    </fixedIngredientFilter>
    <appliedOnFixedBodyParts>
      <li>Skull</li>
    </appliedOnFixedBodyParts>
    <addsHediff>EVOR_Hediff_Skull_Resonance</addsHediff>
    <descriptionHyperlinks><ThingDef>EVOR_Item_Skull_Resonance</ThingDef></descriptionHyperlinks>
  </RecipeDef>

</Defs>
