<?xml version="1.0" encoding="utf-8" ?>
<Defs>

	<HediffDef ParentName="EVOR_Hediff_BodyPartBase_10PartEfficiency_IsGoodWeapon">
		<defName>EVOR_Hediff_Primary_HighPincer</defName>
		<label>high pressure pincer</label>
		<labelNoun>a high pressure pincer</labelNoun>
		<comps>
			<li Class="HediffCompProperties_VerbGiver">
				<tools>
					<li>
						<capacities>
							<li>Blunt</li>
						</capacities>
						<power>23.0</power>
						<cooldownTime>3.2</cooldownTime>
						<alwaysTreatAsWeapon>true</alwaysTreatAsWeapon>
						<armorPenetration>0.4</armorPenetration>
					</li>
				</tools>
			</li>
		</comps>
		<spawnThingOnRemoved>EVOR_Item_HighPincer</spawnThingOnRemoved>
		<stages>
			<li>
				<capMods>
					<li>
						<capacity>Manipulation</capacity>
						<offset>-0.1</offset>
					</li>
				</capMods>
			</li>	
		</stages>
    <description>The claws on this limb are made of the toughest chitin, as well as being backed by muscles stronger than most animal jaws. The end result is a pincer that can wrench though any metal to destroy what lies inside.</description>
		<descriptionHyperlinks><ThingDef>EVOR_Item_HighPincer</ThingDef></descriptionHyperlinks>
	</HediffDef>
	
	<HediffDef ParentName="EVOR_Hediff_BodyPartBase_10PartEfficiency_IsGoodWeapon">
		<defName>EVOR_Hediff_Primary_SonicMace</defName>
		<label>sonic impact mace</label>
		<labelNoun>a sonic impact mace</labelNoun>
		<comps>
			<li Class="HediffCompProperties_VerbGiver">
				<tools>
					<li>
						<capacities>
							<li>Blunt</li>
							<li>EVOR_Cap_Sonic</li>
						</capacities>
						<power>10.0</power>
						<cooldownTime>3.2</cooldownTime>
						<alwaysTreatAsWeapon>true</alwaysTreatAsWeapon>
						<armorPenetration>0.1</armorPenetration>
						<surpriseAttack>
							<extraMeleeDamages>
								<li>
									<def>Stun</def>
									<amount>35</amount>
								</li>
							</extraMeleeDamages>
						</surpriseAttack>
					</li>
				</tools>
			</li>
		</comps>
		<spawnThingOnRemoved>EVOR_Item_SonicMace</spawnThingOnRemoved>
		<stages>
			<li>
				<capMods>
					<li>
						<capacity>Manipulation</capacity>
						<offset>-0.3</offset>
					</li>
				</capMods>
			</li>	
		</stages>
    <description>This limb is created out of a mass of strengthened bone, with an intricate series of holes that serves to amplify sound. The result: a mace that creates a large disorienting sound wave on impact.</description>
		<descriptionHyperlinks><ThingDef>EVOR_Item_SonicMace</ThingDef></descriptionHyperlinks>
	</HediffDef>
	
	
	<HediffDef ParentName="EVOR_Hediff_BodyPartBase_10PartEfficiency_IsGoodWeapon">
		<defName>EVOR_Hediff_Primary_PlatedLimb</defName>
		<label>tri-plated limb</label>
		<labelNoun>a tri-plated limbs</labelNoun>
		<defaultLabelColor>(.2,1,.9)</defaultLabelColor>
		<comps>
			<li Class="HediffCompProperties_VerbGiver">
				<tools>
					<li>
						<capacities>
							<li>Blunt</li>
						</capacities>
						<power>12</power>
						<cooldownTime>2</cooldownTime>
					</li>
				</tools>
			</li>
		</comps>
		<spawnThingOnRemoved>EVOR_Item_PlatedLimb</spawnThingOnRemoved>
		<stages>
			<li>
				<statOffsets>
					<ArmorRating_Blunt>0.10</ArmorRating_Blunt>
					<ArmorRating_Sharp>0.20</ArmorRating_Sharp>
					<ArmorRating_Heat>0.025</ArmorRating_Heat>
				</statOffsets>
				<capMods>
					<li>
						<capacity>Manipulation</capacity>
						<offset>-0.2</offset>
					</li>
				</capMods>
			</li>	
		</stages>
    <description>In exchange for reducing the manipulative ability of the limb, large amounts of chitin plating are added, allowing the user to parry otherwise deadly blows.</description>
		<descriptionHyperlinks><ThingDef>EVOR_Item_PlatedLimb</ThingDef></descriptionHyperlinks>
	</HediffDef>
	
  <HediffDef ParentName="EVOR_Hediff_BodyPartBase_12PartEfficiency">
		<defName>EVOR_Hediff_Leg_Hand</defName>
		<label>grasping leg</label>
		<labelNoun>a grasping leg</labelNoun>
		<spawnThingOnRemoved>EVOR_Item_Leg_Hand</spawnThingOnRemoved>
		<stages>
			<li>
				<capMods>
					<li>
						<capacity>Manipulation</capacity>
						<offset>0.2</offset>
					</li>
				</capMods>
			</li>	
		</stages>
    <description>By imitating our genetic relatives, a limb can be creted that functions as both, a leg and an arm.</description>
		<descriptionHyperlinks><ThingDef>EVOR_Item_Leg_Hand</ThingDef></descriptionHyperlinks>
	</HediffDef>
	
	<!--
	<HediffDef ParentName="EVOR_Hediff_Base_10PartEfficiency_IsGoodWeapon">
		<defName>EVOR_Hediff_Primary_ShockTentacle</defName>
		<label>electroshock tentacle</label>
		<labelNoun>an electroshock tentacle</labelNoun>
		<comps>
			<li Class="HediffCompProperties_VerbGiver">
				<tools>
					<li>
						<capacities>
							<li>Blunt</li>
							<li>EVOR_Cap_Shock</li>
						</capacities>
						<power>3.0</power>
						<cooldownTime>3.2</cooldownTime>
						<alwaysTreatAsWeapon>true</alwaysTreatAsWeapon>
						<armorPenetration>1.0</armorPenetration>
					</li>
				</tools>
			</li>
		</comps>
		<spawnThingOnRemoved>EVOR_Item_ShockTentacle</spawnThingOnRemoved>
	</HediffDef>
	-->
</Defs>