<?xml version="1.0" encoding="utf-8" ?>
<Defs>

	<HediffDef ParentName="EVOR_Hediff_ImplantBase_10PartEfficiency">
		<defName>EVOR_Hediff_Skull_Shielding</defName>
		<label>interference shielding</label>
		<labelNoun>interference shielding</labelNoun>
		<spawnThingOnRemoved>EVOR_Item_Skull_Shielding</spawnThingOnRemoved>
		<stages>
			<li>
				<statOffsets>
					<PsychicSensitivity>-2</PsychicSensitivity>
				</statOffsets>
			</li>
		</stages>
    <description>By utilizing a material that isresistant to psychic effects, we can create a Faraday cage around the brain, allowing the host to withstand any psychic assault.</description>
		<descriptionHyperlinks><ThingDef>EVOR_Item_Skull_Shielding</ThingDef></descriptionHyperlinks>
	</HediffDef>

	<HediffDef ParentName="EVOR_Hediff_ImplantBase_10PartEfficiency">
		<defName>EVOR_Hediff_Skull_Plating</defName>
		<label>cranial plating</label>
		<labelNoun>cranial plating</labelNoun>
		<spawnThingOnRemoved>EVOR_Item_Skull_Plating</spawnThingOnRemoved>
		<stages>
			<li>
                <statOffsets>
					<ArmorRating_Sharp>0.10</ArmorRating_Sharp>
					<ArmorRating_Heat>0.10</ArmorRating_Heat>
                </statOffsets>
            </li>
		</stages>
    <description>By increasing the resilience of the skull, it becomes much more difficult to damage the brain.</description>
		<descriptionHyperlinks><ThingDef>EVOR_Item_Skull_Plating</ThingDef></descriptionHyperlinks>
	</HediffDef>

	<HediffDef ParentName="EVOR_Hediff_ImplantBase_10PartEfficiency">
		<defName>EVOR_Hediff_Skin_Plating</defName>
		<label>multilayered dermal plating</label>
		<labelNoun>multilayered dermal plating</labelNoun>
		<spawnThingOnRemoved>EVOR_Item_Skin_Plating</spawnThingOnRemoved>
		<stages>
			<li>
                <statOffsets>
                    <ArmorRating_Blunt>0.30</ArmorRating_Blunt>
					<ArmorRating_Sharp>0.50</ArmorRating_Sharp>
					<ArmorRating_Heat>0.20</ArmorRating_Heat>
					<ComfyTemperatureMin>-5</ComfyTemperatureMin>
          			<ComfyTemperatureMax>10</ComfyTemperatureMax>
                </statOffsets>
            </li>
		</stages>
    <description>By layering chitin plates under the skin and binding cracks with rubbery flesh, resistance to small arms fire is radically increased.</description>
		<descriptionHyperlinks><ThingDef>EVOR_Item_Skin_Plating</ThingDef></descriptionHyperlinks>
	</HediffDef>

	<HediffDef ParentName="EVOR_Hediff_ImplantBase_10PartEfficiency">
		<defName>EVOR_Hediff_Skin_Flame</defName>
		<label>flame retardant skin</label>
		<labelNoun>flame retardant skin</labelNoun>
		<spawnThingOnRemoved>EVOR_Item_Skin_Flame</spawnThingOnRemoved>
		<stages>
			<li>
                <statOffsets>
					<ArmorRating_Sharp>0.20</ArmorRating_Sharp>
					<ArmorRating_Heat>0.20</ArmorRating_Heat>
          			<ComfyTemperatureMax>60</ComfyTemperatureMax>
					<Flammability>-.85</Flammability>
                </statOffsets>
            </li>
		</stages>
    <description>By lining the skin with glands that can quickly release flame retardant slime on the body as well as dissipating heat, the user becomes extremely resistant to heat and flame.</description>
		<descriptionHyperlinks><ThingDef>EVOR_Item_Skin_Flame</ThingDef></descriptionHyperlinks>
	</HediffDef>

	<HediffDef ParentName="EVOR_Hediff_ImplantBase_10PartEfficiency">
		<defName>EVOR_Hediff_Skin_Insulation</defName>
		<label>variable insulation skin</label>
		<labelNoun>variable insulation skin</labelNoun>
		<spawnThingOnRemoved>EVOR_Item_Skin_Insulation</spawnThingOnRemoved>
		<stages>
			<li>
                <statOffsets>
					<ArmorRating_Sharp>0.10</ArmorRating_Sharp>
					<ArmorRating_Heat>0.10</ArmorRating_Heat>
          			<ComfyTemperatureMin>-35</ComfyTemperatureMin>
          			<ComfyTemperatureMax>30</ComfyTemperatureMax>
                </statOffsets>
            </li>
		</stages>
    <description>By creating skin with both high-volume sweat glands and hairs that can either retain or release heat, the user becomes comfortable in a massive range of temperatures.</description>
		<descriptionHyperlinks><ThingDef>EVOR_Item_Skin_Insulation</ThingDef></descriptionHyperlinks>
	</HediffDef>

	<HediffDef ParentName="EVOR_Hediff_BodyPartBase_10PartEfficiency">
		<defName>EVOR_Hediff_Ribcage</defName>
		<label>calcium-alloy ribcage</label>
		<labelNoun>calcium-alloy ribcage</labelNoun>
		<spawnThingOnRemoved>EVOR_Item_Ribcage</spawnThingOnRemoved>
		<stages>
			<li>
                <statOffsets>
                    <ArmorRating_Blunt>0.35</ArmorRating_Blunt>
					<ArmorRating_Sharp>0.70</ArmorRating_Sharp>
					<ArmorRating_Heat>0.20</ArmorRating_Heat>
                </statOffsets>
            </li>
		</stages>
    <description>By altering the composition of the ribcage into a calcium and metal alloy, and encasing the upper body in an organic rubber analogue, the durability of the upper body is immensely increased.</description>
		<descriptionHyperlinks><ThingDef>EVOR_Item_Ribcage</ThingDef></descriptionHyperlinks>
	</HediffDef>

</Defs>