<?xml version="1.0" encoding="utf-8" ?>
<Defs>
	
	<HediffDef Name="EVOR_Hediff_BodyPartBase" ParentName="AddedBodyPartBase" Abstract="True">
		<defaultLabelColor>(.2,1,.9)</defaultLabelColor>
	</HediffDef>
	
	<HediffDef Name="EVOR_Hediff_ImplantBase" ParentName="ImplantHediffBase" Abstract="True">
		<defaultLabelColor>(.2,1,.9)</defaultLabelColor>
	</HediffDef>
	
	<HediffDef Name="EVOR_Hediff_BodyPartBase_10PartEfficiency" ParentName="EVOR_Hediff_BodyPartBase" Abstract="True">
		<addedPartProps>
			<solid>true</solid>
			<partEfficiency>1.0</partEfficiency>
			<betterThanNatural>true</betterThanNatural>
		</addedPartProps>
	</HediffDef>
	
	<HediffDef Name="EVOR_Hediff_BodyPartBase_10PartEfficiency_IsGoodWeapon" ParentName="EVOR_Hediff_BodyPartBase" Abstract="True">
		<addedPartProps>
			<solid>true</solid>
			<partEfficiency>1.0</partEfficiency>
			<betterThanNatural>true</betterThanNatural>
			<isGoodWeapon>true</isGoodWeapon>
		</addedPartProps>
	</HediffDef>
	
	<HediffDef Name="EVOR_Hediff_BodyPartBase_12PartEfficiency" ParentName="EVOR_Hediff_BodyPartBase" Abstract="True">
		<addedPartProps>
			<solid>true</solid>
			<partEfficiency>1.2</partEfficiency>
			<betterThanNatural>true</betterThanNatural>
		</addedPartProps>
	</HediffDef>
	
	<HediffDef Name="EVOR_Hediff_BodyPartBase_12PartEfficiency_IsGoodWeapon" ParentName="EVOR_Hediff_BodyPartBase" Abstract="True">
		<addedPartProps>
			<solid>true</solid>
			<partEfficiency>1.2</partEfficiency>
			<betterThanNatural>true</betterThanNatural>
			<isGoodWeapon>true</isGoodWeapon>
		</addedPartProps>
	</HediffDef>
	
	<HediffDef Name="EVOR_Hediff_BodyPartBase_18PartEfficiency" ParentName="EVOR_Hediff_BodyPartBase" Abstract="True">
		<addedPartProps>
			<solid>true</solid>
			<partEfficiency>1.8</partEfficiency>
			<betterThanNatural>true</betterThanNatural>
		</addedPartProps>
	</HediffDef>
	
	<HediffDef Name="EVOR_Hediff_BodyPartBase_20PartEfficiency" ParentName="EVOR_Hediff_BodyPartBase" Abstract="True">
		<addedPartProps>
			<solid>true</solid>
			<partEfficiency>2.0</partEfficiency>
			<betterThanNatural>true</betterThanNatural>
		</addedPartProps>
	</HediffDef>
	
	<HediffDef Name="EVOR_Hediff_ImplantBase_10PartEfficiency" ParentName="EVOR_Hediff_ImplantBase" Abstract="True">
		<addedPartProps>
			<solid>true</solid>
			<partEfficiency>1.0</partEfficiency>
			<betterThanNatural>true</betterThanNatural>
		</addedPartProps>
	</HediffDef>
</Defs>