<?xml version="1.0" encoding="utf-8" ?>
<Defs>
	
	<HediffDef ParentName="EVOR_Hediff_BodyPartBase_10PartEfficiency">
		<defName>EVOR_Hediff_Abd_ThirdLung</defName>
		<label>extra nano-filter lung</label>
		<labelNoun>an extra nano-filter lung</labelNoun>
		<spawnThingOnRemoved>EVOR_Item_Abd_ThirdLung</spawnThingOnRemoved>
		<stages>
			<li>
				<statOffsets>
					<ToxicResistance>0.5</ToxicResistance>
				</statOffsets>
				<capMods>
					<li>
						<capacity>Breathing</capacity>
						<offset>0.6</offset>
					</li>
				</capMods>
			</li>
		</stages>
    <description>While only being marginally more efficient than a normal lung, this lung is equipped with a series of filters, able to process out a large proportion of airborne toxins.</description>
		<descriptionHyperlinks><ThingDef>EVOR_Item_Abd_ThirdLung</ThingDef></descriptionHyperlinks>
	</HediffDef>
	
	<HediffDef ParentName="EVOR_Hediff_BodyPartBase_10PartEfficiency">
		<defName>EVOR_Hediff_Abd_SecondHeart</defName>
		<label>auxilary heart</label>
		<labelNoun>an auxilary heart</labelNoun>
		<spawnThingOnRemoved>EVOR_Item_Abd_SecondHeart</spawnThingOnRemoved>
		<stages>
			<li>
				<capMods>
					<li>
						<capacity>BloodPumping</capacity>
						<offset>0.5</offset>
					</li>
					<li>
						<capacity>Moving</capacity>
						<offset>0.15</offset>
					</li>
				</capMods>
			</li>
		</stages>
    <description>This auxilary heart increases the amount of oxygen going though the persons body, allowing them to function more efficiently.</description>
		<descriptionHyperlinks><ThingDef>EVOR_Item_Abd_SecondHeart</ThingDef></descriptionHyperlinks>
	</HediffDef>
	
	<HediffDef ParentName="EVOR_Hediff_BodyPartBase_10PartEfficiency">
		<defName>EVOR_Hediff_Abd_Combat</defName>
		<label>combat serum gland</label>
		<labelNoun>a combat serum gland</labelNoun>
		<spawnThingOnRemoved>EVOR_Item_Abd_Combat</spawnThingOnRemoved>
		<stages>
			<li>
				<statOffsets>
					<MeleeDodgeChance>2</MeleeDodgeChance>
					<MeleeHitChance>2</MeleeHitChance>
				</statOffsets>
				<painFactor>0.75</painFactor>
			</li>
		</stages>
    <description>This gland injects a potent brew of combat drugs into the body, significantly increasing close combat capabilities.</description>
		<descriptionHyperlinks><ThingDef>EVOR_Item_Abd_Combat</ThingDef></descriptionHyperlinks>
	</HediffDef>
	
	<HediffDef ParentName="EVOR_Hediff_BodyPartBase_10PartEfficiency">
		<defName>EVOR_Hediff_Abd_Hormone</defName>
		<label>hormone regulator</label>
		<labelNoun>a hormone regulator</labelNoun>
		<spawnThingOnRemoved>EVOR_Item_Abd_Hormone</spawnThingOnRemoved>
		<stages>
			<li>
				<statOffsets>
					<MentalBreakThreshold>-0.2</MentalBreakThreshold>
				</statOffsets>
			</li>
		</stages>
    <description>This gland regulates the mood of the host, making it much harder for their mind to snap.</description>
		<descriptionHyperlinks><ThingDef>EVOR_Item_Abd_Hormone</ThingDef></descriptionHyperlinks>
	</HediffDef>
	
	<HediffDef ParentName="EVOR_Hediff_BodyPartBase_10PartEfficiency">
		<defName>EVOR_Hediff_Abd_Lymph</defName>
		<label>lymphatic proliferator</label>
		<labelNoun>a lymphatic proliferator</labelNoun>
		<spawnThingOnRemoved>EVOR_Item_Abd_Lymph</spawnThingOnRemoved>
		<stages>
			<li>
				<makeImmuneTo>
					<li>WoundInfection</li>
					<li>Flu</li>
					<li>Plague</li>
					<li>Malaria</li>
					<li>SleepingSickness</li>
				</makeImmuneTo>
				<statOffsets>
					<ImmunityGainSpeed>0.4</ImmunityGainSpeed>
				</statOffsets>
			</li>
		</stages>
    <description>This gland significantly boosts it's hosts immunizing capability, rendering them immune to most normal infectious agents.</description>
		<descriptionHyperlinks><ThingDef>EVOR_Item_Abd_Lymph</ThingDef></descriptionHyperlinks>
	</HediffDef>
	
	<HediffDef ParentName="EVOR_Hediff_BodyPartBase_10PartEfficiency">
		<defName>EVOR_Hediff_Abd_NoAge</defName>
		<label>Ra's vacoule</label>
		<labelNoun>Ra's vacoule</labelNoun>
		<spawnThingOnRemoved>EVOR_Item_Abd_NoAge</spawnThingOnRemoved>
    <description>This gland inhibits the affects of aging. While it won't cure anything any existing conditions, it will stop the host from degrading further due to old age.</description>
		<descriptionHyperlinks><ThingDef>EVOR_Item_Abd_NoAge</ThingDef></descriptionHyperlinks>
	</HediffDef>
	
	<!--
	<HediffDef ParentName="EVOR_Hediff_Base_10PartEfficiency">
		<defName>EVOR_Hediff_Abd_Cultivate</defName>
		<label>microbiome cultivator</label>
		<labelNoun>a microbiome cultivator</labelNoun>
		<spawnThingOnRemoved>EVOR_Item_Abd_Cultivate</spawnThingOnRemoved>
		<stages>
			<li>
				<hungerRateFactor>1.25</hungerRateFactor>
				<statOffsets>
					<RangedWeapon_Cooldown>-0.85</RangedWeapon_Cooldown>
				</statOffsets>
			</li>
		</stages>
	</HediffDef>
	-->
	
</Defs>