<?xml version="1.0" encoding="utf-8" ?>
<Defs>

	<HediffDef ParentName="EVOR_Hediff_ImplantBase_10PartEfficiency">
		<defName>EVOR_Hediff_Brain_Hyper</defName>
		<label>neural hyperthreader</label>
		<labelNoun>neural hyperthreader</labelNoun>
		<spawnThingOnRemoved>EVOR_Item_Brain_Hyper</spawnThingOnRemoved>
		<stages>
			<li>
				<capMods>
					<li>
						<capacity>Consciousness</capacity>
						<offset>0.25</offset>
					</li>
				</capMods>
				<restFallFactor>0.80</restFallFactor>
				<statOffsets>
					<GlobalLearningFactor>0.20</GlobalLearningFactor>
					<MentalBreakThreshold>-0.25</MentalBreakThreshold>
					<WorkSpeedGlobal>0.25</WorkSpeedGlobal>
					<ResearchSpeed>0.15</ResearchSpeed>
					<MedicalTendQuality>0.10</MedicalTendQuality>
				</statOffsets>
			</li>
		</stages>
    <description>Via a radical cranial redesign, the host can now have multiple thoughts fly though their brain, while focusing on all of them at the same time, increasing their abilities greatly.</description>
		<descriptionHyperlinks><ThingDef>EVOR_Item_Brain_Hyper</ThingDef></descriptionHyperlinks>
	</HediffDef>

	<HediffDef ParentName="EVOR_Hediff_ImplantBase_10PartEfficiency">
		<defName>EVOR_Hediff_Brain_Nails</defName>
		<label>butcher's nails</label>
		<labelNoun>butcher's nails</labelNoun>
		<spawnThingOnRemoved>EVOR_Item_Brain_Nails</spawnThingOnRemoved>
		<stages>
			<li>
				<socialFightChanceFactor>10</socialFightChanceFactor>
				<mentalStateGivers>
					<li>
						<mentalState>Berserk</mentalState>
						<mtbDays>6</mtbDays>
					</li>
				</mentalStateGivers>
				<statOffsets>
					<MeleeDodgeChance>10</MeleeDodgeChance>
					<MeleeHitChance>10</MeleeHitChance>
					<MentalBreakThreshold>0.05</MentalBreakThreshold>
					<NegotiationAbility>-1.5</NegotiationAbility>
          			<SocialImpact>-1.5</SocialImpact>
					<AimingDelayFactor>-0.15</AimingDelayFactor>
				</statOffsets>
				<painFactor>0.33</painFactor>
			</li>
		</stages>
    <description>These imperfect organs are made to enhance the latent aggression of a being, turning them into a force of nature on the battlefield. However. their &lt;color=#EB4034&gt;constant desire to shed blood&lt;/color&gt; makes them highly likely to run mad. &lt;color=#EB4034&gt;Use with caution.&lt;/color&gt;</description>
		<descriptionHyperlinks><ThingDef>EVOR_Item_Brain_Nails</ThingDef></descriptionHyperlinks>
	</HediffDef>

</Defs>