<?xml version="1.0" encoding="utf-8" ?>
<Defs>

	<HediffDef ParentName="EVOR_Hediff_BodyPartBase_10PartEfficiency">
		<defName>EVOR_Hediff_Primary_NormalArm</defName>
		<label>extradextrous arm</label>
		<labelNoun>an extradextrous arm</labelNoun>
		<comps>
			<li Class="HediffCompProperties_VerbGiver">
				<tools>
					<li>
						<capacities>
							<li>Blunt</li>
						</capacities>
						<power>12</power>
						<cooldownTime>2</cooldownTime>
					</li>
				</tools>
			</li>
		</comps>
		<spawnThingOnRemoved>EVOR_Item_NormalArm</spawnThingOnRemoved>
		<stages>
			<li>
				<capMods>
					<li>
						<capacity>Manipulation</capacity>
						<offset>0.5</offset>
					</li>
				</capMods>
			</li>	
		</stages>
    <description>By strengthening the muscles in the entire arm, and increasing fine nervous control, the entire performance of the arm is increased.</description>
		<descriptionHyperlinks>
			<ThingDef>EVOR_Item_NormalArm</ThingDef>
		</descriptionHyperlinks>
	</HediffDef>
  
  	<HediffDef ParentName="EVOR_Hediff_BodyPartBase_10PartEfficiency">
		<defName>EVOR_Hediff_Primary_BoneSaber</defName>
		<label>ossified bone saber</label>
		<labelNoun>an ossified bone saber</labelNoun>
		<comps>
			<li Class="HediffCompProperties_VerbGiver">
				<tools>
					<li>
						<capacities>
							<li>Stab</li>
							<li>Cut</li>
						</capacities>
						<power>30.0</power>
						<cooldownTime>2.2</cooldownTime>
						<alwaysTreatAsWeapon>true</alwaysTreatAsWeapon>
						<armorPenetration>0.1</armorPenetration>
					</li>
				</tools>
			</li>
		</comps>
		<spawnThingOnRemoved>EVOR_Item_BoneSaber</spawnThingOnRemoved>
		<addedPartProps>
			<isGoodWeapon>true</isGoodWeapon>
		</addedPartProps>
		<stages>
			<li>
				<capMods>
					<li>
						<capacity>Manipulation</capacity>
						<offset>-0.3</offset>
					</li>
				</capMods>
			</li>	
		</stages>
    <description>By creating sharp bone growths that naturally keep themselves unnaturally sharp, an appendage can be created that is more lethal than any sword.</description>
		<descriptionHyperlinks><ThingDef>EVOR_Item_BoneSaber</ThingDef></descriptionHyperlinks>
	</HediffDef>
	
	<HediffDef ParentName="EVOR_Hediff_BodyPartBase_10PartEfficiency">
		<defName>EVOR_Hediff_Leg_Blade</defName>
		<label>ossified bone blade leg</label>
		<labelNoun>a ossified bone blade leg</labelNoun>
		<spawnThingOnRemoved>EVOR_Item_BoneSaber</spawnThingOnRemoved>
		<comps>
			<li Class="HediffCompProperties_VerbGiver">
				<tools>
					<li>
						<capacities>
							<li>Stab</li>
							<li>Cut</li>
						</capacities>
						<power>25</power>
						<cooldownTime>2.5</cooldownTime>
						<armorPenetration>0.1</armorPenetration>
					</li>
				</tools>
			</li>
		</comps>
		<stages>
			<li>
				<capMods>
					<li>
						<capacity>Manipulation</capacity>
						<offset>0.2</offset>
					</li>
				</capMods>
			</li>	
		</stages>
		<description>By replicating a bone saber for the legs, as well as creating extra nerve clusters to help with walking, it is possible to create a blade leg that is only slightly inferior to the arm version.</description>
		<descriptionHyperlinks><ThingDef>EVOR_Item_BoneSaber</ThingDef></descriptionHyperlinks>
	</HediffDef>
	
	<HediffDef ParentName="EVOR_Hediff_BodyPartBase_10PartEfficiency">
		<defName>EVOR_Hediff_Primary_RendingClaw</defName>
		<label>rending claws</label>
		<labelNoun>a rending claw</labelNoun>
		<comps>
			<li Class="HediffCompProperties_VerbGiver">
				<tools>
					<li>
						<capacities>
							<li>Stab</li>
						</capacities>
						<power>18</power>
						<cooldownTime>2</cooldownTime>
					</li>
				</tools>
			</li>
		</comps>
		<spawnThingOnRemoved>EVOR_Item_RendingClaw</spawnThingOnRemoved>
		<stages>
			<li>
				<capMods>
					<li>
						<capacity>Manipulation</capacity>
						<offset>0.3</offset>
					</li>
				</capMods>
			</li>	
		</stages>
    <description>While being less dextrous than the extradextrous arm, the sharp talons also increase the hosts ability to fight back.</description>
		<descriptionHyperlinks><ThingDef>EVOR_Item_RendingClaw</ThingDef></descriptionHyperlinks>
	</HediffDef>
	
	<HediffDef ParentName="EVOR_Hediff_BodyPartBase_18PartEfficiency">
		<defName>EVOR_Hediff_Leg_Normal</defName>
		<label>reinforced leg</label>
		<labelNoun>a reinforced leg</labelNoun>
		<spawnThingOnRemoved>EVOR_Item_Leg_Normal</spawnThingOnRemoved>
		<stages>
			<li>
                <statOffsets>
                    <CarryingCapacity>5</CarryingCapacity>
                </statOffsets>
            </li>
		</stages>
    <description>By strengthening the muscles and bones, legs that allow for more weight capacity and speed can be created.</description>
		<descriptionHyperlinks><ThingDef>EVOR_Item_Leg_Normal</ThingDef></descriptionHyperlinks>
	</HediffDef>
	
</Defs>