<?xml version="1.0" encoding="utf-8"?>
<ModMetaData>
	<name>Go the F*** to Sleep - Forked</name>
	<author>Khorbos</author>
	<packageId>Khorbos.GoToSleep</packageId>
	<url>https://github.com/Khorbos/KB_GTS</url>
	<supportedVersions>
		<li>1.2</li>
		<li>1.3</li>
		<li>1.4</li>
	</supportedVersions>
	<description>Do your pawns have a big fight or caravan trip to rest up for? Want them to rest up without having to change the schedule and make it happen indirectly? Wouldn't it be easier if you could just tell them to GO THE F*** TO SLEEP?
	
This mod adds the ability to command a pawn to sleep outside of scheduled sleep hours.</description>
	<modDependencies>
		<li>
			<packageId>brrainz.harmony</packageId>
			<displayName>Harmony</displayName>
			<steamWorkshopUrl>steam://url/CommunityFilePage/2009463077</steamWorkshopUrl>
			<downloadUrl>https://github.com/pardeike/HarmonyRimWorld/releases/latest</downloadUrl>
		</li>
	</modDependencies>

	<loadAfter>
		<li>Ludeon.RimWorld</li>
		<li>brrainz.harmony</li>
	</loadAfter>
</ModMetaData>