<?xml version="1.0" encoding="utf-8" ?>
<Defs>

  <!--<HediffDef ParentName="DiseaseBase">
    <defName>PN_CryptosleepSickness</defName>
    <label>cryptosleep sickness</label>
    <description>After-effects of using a cryptosleep pod. Cryptosleep suspends and replaces many bodily functions in order to prevent aging and death. Upon exiting cryptosleep, the body takes time to restart and rebalance its natural metabolic processes. While this is ongoing, the patient suffers from nausea, dizziness, and a sense of fuzziness in the mind.</description>
    <makesSickThought>true</makesSickThought>
    <scenarioCanAdd>true</scenarioCanAdd>
    <comps>
      <li Class="HediffCompProperties_Disappears">
        <disappearsAfterTicks>8000~12000</disappearsAfterTicks>
      </li>
    </comps>
    <stages>
      <li>
        <capMods>
          <li>
            <capacity>Consciousness</capacity>
            <postFactor>0.8</postFactor>
          </li>
          <li>
            <capacity>Moving</capacity>
            <postFactor>0.9</postFactor>
          </li>
          <li>
            <capacity>Manipulation</capacity>
            <postFactor>0.9</postFactor>
          </li>
        </capMods>
      </li>
    </stages>
  </HediffDef>

  <HediffDef>
    <defName>PN_EMPShock</defName>
    <label>EMP shock</label>
    <labelNoun>a EMP shock</labelNoun>
    <description>After-effects of an electrical shock to the automaton. This is generally cause by feedback from automaton hit by EMP pulses.</description>
    <hediffClass>HediffWithComps</hediffClass>
    <comps>
      <li Class="HediffCompProperties_Disappears">
        <disappearsAfterTicks>2500~3500</disappearsAfterTicks>
      </li>
    </comps>
    <stages>
      <li>
        <capMods>
          <li>
            <capacity>Consciousness</capacity>
            <setMax>0.1</setMax>
          </li>
        </capMods>
      </li>
    </stages>
  </HediffDef>-->
</Defs>