﻿<?xml version="1.0" encoding="utf-8" ?>
<Defs>

	<RecipeDef>
		<defName>IF_MedTable</defName>
		<label>train medicine</label>
		<description>Doctors hone their skills by testing their techniques on corpses.</description>
		<jobString>Training.</jobString>
		<workAmount>1500</workAmount>
		<effectWorking>CutStone</effectWorking>
		<soundWorking>Recipe_Smelt</soundWorking>
		<workSkill>Medicine</workSkill>
		<workSkillLearnFactor>12</workSkillLearnFactor>
		<recipeUsers>
			<li>IF_MeditrainTable</li>
		</recipeUsers>
		<ingredients>
			<li>
				<filter>
					<categories>
						<li>Corpses</li>
					</categories>
				</filter>
			<count>1</count>
			</li>
		</ingredients>
		<fixedIngredientFilter>
			<categories>
				<li>Corpses</li>
			</categories>
		<disallowedCategories>
			<li>CorpsesMechanoid</li>
			<li>CorpsesAnimal</li>
		</disallowedCategories>
		</fixedIngredientFilter>
		<defaultIngredientFilter>
			<categories>
				<li>CorpsesHumanlike</li>
			</categories>
		<specialFiltersToAllow>
			<li>AllowCorpsesColonist</li>
			<li>AllowCorpsesStranger</li>
		</specialFiltersToAllow>
		</defaultIngredientFilter>
	</RecipeDef>
  
</Defs>