<?xml version="1.0" encoding="utf-8" ?>
<Defs>
  <ThingCategoryDef>
    <defName>PNApparel</defName>
    <label>PnL Apparel</label>
    <parent>Apparel</parent>
  </ThingCategoryDef>

  <ThingCategoryDef>
    <defName>PNHeadgear</defName>
    <label>PnL Headgear</label>
    <parent>PNApparel</parent>
  </ThingCategoryDef>

  <ThingDef Abstract="True" Name="PN_ApparelBase" ParentName="ApparelMakeableBase">
    <apparel>
      <tags Inherit="false">
        <li>PN_Apparel</li>
      </tags>
      <defaultOutfitTags Inherit="false">
        <li>PNApparel</li>
      </defaultOutfitTags>
      <canBeDesiredForIdeo>false</canBeDesiredForIdeo>
    </apparel>
    <thingCategories Inherit="False">
      <li>PNApparel</li>
    </thingCategories>
    <recipeMaker>
      <useIngredientsForColor>false</useIngredientsForColor>
    </recipeMaker>
    <tradeTags Inherit="false">

    </tradeTags>
  </ThingDef>

  <ThingDef Abstract="True" Name="PN_HatBase" ParentName="PN_ApparelBase">
    <thingCategories Inherit="False">
      <li>PNHeadgear</li>
    </thingCategories>
    <apparel>
      <forceRenderUnderHair>true</forceRenderUnderHair>
    </apparel>
  </ThingDef>

  <!--==================================== 기본옷 ====================================-->
  <ThingDef ParentName="PN_ApparelBase">
    <defName>PN_ApparelBasic</defName>
    <label>PnL basic shirt and boots</label>
    <description>This is a basic paniel costume. It consists of a shirt and boots.</description>
    <graphicData>
      <texPath>Things/Apparel/PNBasic1</texPath>
      <graphicClass>Graphic_Single</graphicClass>
      <shaderType>CutoutComplex</shaderType>
    </graphicData>
    <techLevel>Industrial</techLevel>
    <costStuffCount>80</costStuffCount>
    <stuffCategories>
      <li>Fabric</li>
      <li>Leathery</li>
    </stuffCategories>
    <statBases>
      <MaxHitPoints>200</MaxHitPoints>
      <WorkToMake>2800</WorkToMake>
      <Mass>0.75</Mass>
      <StuffEffectMultiplierArmor>0.2</StuffEffectMultiplierArmor>
      <StuffEffectMultiplierInsulation_Cold>0.42</StuffEffectMultiplierInsulation_Cold>
      <StuffEffectMultiplierInsulation_Heat>0.18</StuffEffectMultiplierInsulation_Heat>
      <EquipDelay>2</EquipDelay>
    </statBases>
    <apparel>
      <bodyPartGroups>
        <li>Torso</li>
        <li>Neck</li>
        <li>Shoulders</li>
        <li>Arms</li>
        <li>Legs</li>
      </bodyPartGroups>
      <wornGraphicPath>Things/Apparel/PNBasic</wornGraphicPath>
      <useWornGraphicMask>true</useWornGraphicMask>
      <layers>
        <li>OnSkin</li>
        <li>Middle</li>
      </layers>
      <tags>
        <li>Paniel_Basic</li>
      </tags>
      <defaultOutfitTags>

      </defaultOutfitTags>
    </apparel>
    <colorGenerator Class="ColorGenerator_Options">
      <options>
        <li>
          <weight>10</weight>
          <only>(255,255,255)</only>
        </li>
        <li>
          <weight>15</weight>
          <only>(255,255,255)</only>
        </li>
        <li>
          <weight>20</weight>
          <only>(255,255,255)</only>
        </li>
      </options>
    </colorGenerator>
  </ThingDef>

  <ThingDef ParentName="PN_HatBase">
    <defName>PN_ApparelBasicHat</defName>
    <label>PnL basic hat</label>
    <description>This is a basic paniel hat.</description>
    <graphicData>
      <texPath>Things/Apparel/hats/PNbasichat1</texPath>
      <graphicClass>Graphic_Single</graphicClass>
      <shaderType>CutoutComplex</shaderType>
    </graphicData>
    <techLevel>Industrial</techLevel>
    <costStuffCount>25</costStuffCount>
    <stuffCategories>
      <li>Fabric</li>
      <li>Leathery</li>
    </stuffCategories>
    <statBases>
      <MaxHitPoints>80</MaxHitPoints>
      <WorkToMake>1800</WorkToMake>
      <Mass>0.14</Mass>
      <StuffEffectMultiplierArmor>0.2</StuffEffectMultiplierArmor>
      <StuffEffectMultiplierInsulation_Cold>0.60</StuffEffectMultiplierInsulation_Cold>
      <StuffEffectMultiplierInsulation_Heat>0.50</StuffEffectMultiplierInsulation_Heat>
      <EquipDelay>0.8</EquipDelay>
    </statBases>
    <equippedStatOffsets>

    </equippedStatOffsets>
    <apparel>
      <bodyPartGroups>
        <li>UpperHead</li>
      </bodyPartGroups>
      <wornGraphicPath>Things/Apparel/hats/PNbasichat</wornGraphicPath>
      <useWornGraphicMask>true</useWornGraphicMask>
      <layers>
        <li>Overhead</li>
      </layers>
      <tags>
        <li>Paniel_Basic</li>
      </tags>
      <defaultOutfitTags>

      </defaultOutfitTags>
    </apparel>
    <colorGenerator Class="ColorGenerator_Options">
      <options>
        <li>
          <weight>10</weight>
          <only>(255,255,255)</only>
        </li>
        <li>
          <weight>15</weight>
          <only>(255,255,255)</only>
        </li>
        <li>
          <weight>20</weight>
          <only>(255,255,255)</only>
        </li>
      </options>
    </colorGenerator>
  </ThingDef>

  <!--==================================== 케이프 ====================================-->
  <ThingDef ParentName="ApparelMakeableBase">
    <defName>PN_ApparelCape</defName>
    <description>This is a basic paniel cape. It has excellent performance in heat dissipation and insulation.</description>
    <label>PnL cape</label>
    <recipeMaker>
      <researchPrerequisite>ComplexClothing</researchPrerequisite>
    </recipeMaker>
    <graphicData>
      <texPath>Things/Apparel/PNCape1</texPath>
      <graphicClass>Graphic_Single</graphicClass>
      <shaderType>CutoutComplex</shaderType>
    </graphicData>
    <techLevel>Industrial</techLevel>
    <costStuffCount>80</costStuffCount>
    <stuffCategories>
      <li>Fabric</li>
      <li>Leathery</li>
    </stuffCategories>
    <thingCategories Inherit="False">
      <li>PNApparel</li>
    </thingCategories>
    <statBases>
      <MaxHitPoints>200</MaxHitPoints>
      <WorkToMake>10000</WorkToMake>
      <Mass>2</Mass>
      <StuffEffectMultiplierArmor>0.3</StuffEffectMultiplierArmor>
      <StuffEffectMultiplierInsulation_Cold>2.00</StuffEffectMultiplierInsulation_Cold>
      <StuffEffectMultiplierInsulation_Heat>0.85</StuffEffectMultiplierInsulation_Heat>
      <EquipDelay>3</EquipDelay>
    </statBases>
    <apparel>
      <bodyPartGroups>
        <li>Torso</li>
        <li>Neck</li>
        <li>Shoulders</li>
        <li>Arms</li>
      </bodyPartGroups>
      <wornGraphicPath>Things/Apparel/PNCape</wornGraphicPath>
      <useWornGraphicMask>true</useWornGraphicMask>
      <layers>
        <li>Shell</li>
      </layers>
      <tags>
        <li>Paniel_Basic</li>
        <li>Paniel_Militia</li>
        <li>Paniel_Engineer</li>
        <li>Paniel_Housekeeper</li>
      </tags>
      <defaultOutfitTags>

      </defaultOutfitTags>
    </apparel>
    <colorGenerator Class="ColorGenerator_Options">
      <options>
        <li>
          <weight>10</weight>
          <only>(255,255,255)</only>
        </li>
        <li>
          <weight>15</weight>
          <only>(255,255,255)</only>
        </li>
        <li>
          <weight>20</weight>
          <only>(255,255,255)</only>
        </li>
      </options>
    </colorGenerator>
  </ThingDef>

  <!--==================================== 티어A 밀리샤 ====================================-->
  <ThingDef ParentName="PN_ApparelBase">
    <defName>PN_ApparelMilitia</defName>
    <label>PnL militia uniform</label>
    <description>A uniform worn by the militia on automata.\n\nThis clothing is made with PnL industry's unique technology that combines metal and fabric.\n\nThe built-in parts work with the automaton to give it a decent defense.</description>
    <graphicData>
      <texPath>Things/Apparel/PNMilitia1</texPath>
      <graphicClass>Graphic_Single</graphicClass>
      <shaderType>CutoutComplex</shaderType>
      <drawSize>1</drawSize>
    </graphicData>
    <stuffCategories>
      <li>Metallic</li>
    </stuffCategories>
    <costStuffCount>60</costStuffCount>
    <costList>
      <ComponentIndustrial>2</ComponentIndustrial>
      <Cloth>80</Cloth>
    </costList>
    <recipeMaker>
      <recipeUsers Inherit="false">
        <li>PN_AutomatonBench</li>
      </recipeUsers>
      <skillRequirements Inherit="false">
        <Crafting>5</Crafting>
      </skillRequirements>
      <researchPrerequisite>PNRP_TierA_Apparel</researchPrerequisite>
    </recipeMaker>
    <statBases>
      <MaxHitPoints>200</MaxHitPoints>
      <WorkToMake>21000</WorkToMake>
      <Mass>3</Mass>
      <Flammability>0.4</Flammability>
      <StuffEffectMultiplierArmor>0.68</StuffEffectMultiplierArmor>
      <Insulation_Cold>8.4</Insulation_Cold>
      <Insulation_Heat>4.3</Insulation_Heat>
      <EquipDelay>3</EquipDelay>
    </statBases>
    <equippedStatOffsets>
      <WorkSpeedGlobal>-0.10</WorkSpeedGlobal>
    </equippedStatOffsets>
    <apparel>
      <bodyPartGroups>
        <li>Torso</li>
        <li>Neck</li>
        <li>Shoulders</li>
        <li>Arms</li>
        <li>Legs</li>
      </bodyPartGroups>
      <wornGraphicPath>Things/Apparel/PNMilitia</wornGraphicPath>
      <useWornGraphicMask>true</useWornGraphicMask>
      <layers>
        <li>OnSkin</li>
        <li>Middle</li>
      </layers>
      <tags>
        <li>Paniel_Militia</li>
      </tags>
      <defaultOutfitTags>

      </defaultOutfitTags>
    </apparel>
    <colorGenerator Class="ColorGenerator_Options">
      <options>
        <li>
          <weight>10</weight>
          <only>(255,255,255)</only>
        </li>
        <li>
          <weight>15</weight>
          <only>(255,255,255)</only>
        </li>
        <li>
          <weight>20</weight>
          <only>(255,255,255)</only>
        </li>
      </options>
    </colorGenerator>
  </ThingDef>

  <ThingDef ParentName="PN_HatBase">
    <defName>PN_ApparelMilitiaHat</defName>
    <label>PnL militia goggles</label>
    <description>A goggles worn by the militia on automata.\n\nThe built-in parts work with the automaton to give it a decent defense.</description>
    <graphicData>
      <texPath>Things/Apparel/hats/PNMilitiahat1</texPath>
      <graphicClass>Graphic_Single</graphicClass>
      <shaderType>CutoutComplex</shaderType>
    </graphicData>
    <stuffCategories>
      <li>Metallic</li>
    </stuffCategories>
    <costStuffCount>40</costStuffCount>
    <costList>
      <ComponentIndustrial>2</ComponentIndustrial>
      <Plasteel>10</Plasteel>
    </costList>
    <recipeMaker>
      <recipeUsers Inherit="false">
        <li>PN_AutomatonBench</li>
      </recipeUsers>
      <skillRequirements Inherit="false">
        <Crafting>5</Crafting>
      </skillRequirements>
      <researchPrerequisite>PNRP_TierA_Apparel</researchPrerequisite>
    </recipeMaker>
    <statBases>
      <WorkToMake>8000</WorkToMake>
      <MaxHitPoints>120</MaxHitPoints>
      <Mass>1.2</Mass>
      <StuffEffectMultiplierArmor>0.68</StuffEffectMultiplierArmor>
      <Insulation_Cold>12</Insulation_Cold>
      <Insulation_Heat>12</Insulation_Heat>
      <EquipDelay>1.5</EquipDelay>
    </statBases>
    <equippedStatOffsets>
      <WorkSpeedGlobal>-0.05</WorkSpeedGlobal>
    </equippedStatOffsets>
    <apparel>
      <bodyPartGroups>
        <li>UpperHead</li>
        <li>Eyes</li>
      </bodyPartGroups>
      <wornGraphicPath>Things/Apparel/hats/PNMilitiahat</wornGraphicPath>
      <useWornGraphicMask>true</useWornGraphicMask>
      <layers>
        <li>Overhead</li>
      </layers>
      <tags>
        <li>Paniel_Militia</li>
      </tags>
      <defaultOutfitTags>

      </defaultOutfitTags>
    </apparel>
    <colorGenerator Class="ColorGenerator_Options">
      <options>
        <li>
          <weight>10</weight>
          <only>(255,255,255)</only>
        </li>
        <li>
          <weight>15</weight>
          <only>(255,255,255)</only>
        </li>
        <li>
          <weight>20</weight>
          <only>(255,255,255)</only>
        </li>
      </options>
    </colorGenerator>
  </ThingDef>
</Defs>