<?xml version="1.0" encoding="utf-8" ?>
<Defs>
  <!--==================================== 체인 롱소드 ====================================-->
  <ThingDef ParentName="PN_BaseMeleeWeapon_Sharp">
    <defName>PN_Chainlongsword</defName>
    <label>PnL chain longsword</label>
    <description>[caution] : Automaton exclusive weapon.\n\nA long sword with a rotating chain saw blade. It works by linking with the automaton and receiving power.</description>
    <graphicData>
      <texPath>Things/Weapons/PNSwordLong</texPath>
      <graphicClass>Graphic_Single</graphicClass>
      <shaderType>CutoutComplex</shaderType>
    </graphicData>
    <weaponTags>
      <li>PN_RoyalChainsword</li>
    </weaponTags>
    <costStuffCount>100</costStuffCount>
    <thingSetMakerTags>
      <li>RewardStandardQualitySuper</li>
    </thingSetMakerTags>
    <statBases>
      <WorkToMake>18000</WorkToMake>
      <Mass>4</Mass>
    </statBases>
    <equippedAngleOffset>45</equippedAngleOffset>
    <stuffCategories>
      <li>Metallic</li>
    </stuffCategories>
    <costList>
      <ComponentSpacer>1</ComponentSpacer>
    </costList>
    <tools>
      <li>
        <label>handle</label>
        <capacities>
          <li>Blunt</li>
        </capacities>
        <power>9</power>
        <cooldownTime>2</cooldownTime>
      </li>
      <li>
        <label>point</label>
        <capacities>
          <li>Stab</li>
        </capacities>
        <power>23</power>
        <cooldownTime>2.4</cooldownTime>
      </li>
      <li>
        <label>edge</label>
        <capacities>
          <li>PN_ChainCutTool</li>
        </capacities>
        <power>23</power>
        <cooldownTime>2.4</cooldownTime>
      </li>
    </tools>
    <recipeMaker>
      <researchPrerequisite>PNRP_RoyalWeapons</researchPrerequisite>
      <skillRequirements>
        <Crafting>5</Crafting>
      </skillRequirements>
    </recipeMaker>
    <comps>
      <li Class="SYS.CompProperties_WeaponExtention">
        <littleDown>True</littleDown>
        <northOffset>
          <position>(0.2,0,0.25)</position>
          <angle>-45</angle>
        </northOffset>
        <southOffset>
          <position>(-0.25,0.3,0.2)</position>
          <angle>45</angle>
        </southOffset>
        <eastOffset>
          <position>(0.15,0.3,0.2)</position>
          <angle>-45</angle>
        </eastOffset>
        <westOffset>
          <position>(-0.15,-0.3,0.2)</position>
          <angle>45</angle>
        </westOffset>
      </li>
    </comps>
    <weaponClasses>

    </weaponClasses>
  </ThingDef>

  <!--==================================== 워해머 ====================================-->
  <ThingDef ParentName="PN_BaseMeleeWeapon_Sharp">
    <defName>PN_WarHammer</defName>
    <label>PnL warhammer</label>
    <description>A luxurious war hammer made by PnL industry. There is no special function.</description>
    <graphicData>
      <texPath>Things/Weapons/PNWarHammer</texPath>
      <graphicClass>Graphic_Single</graphicClass>
      <shaderType>CutoutComplex</shaderType>
    </graphicData>
    <weaponTags>
      <li>PN_WarHammer</li>
    </weaponTags>
    <costStuffCount>150</costStuffCount>
    <thingSetMakerTags>
      <li>RewardStandardQualitySuper</li>
    </thingSetMakerTags>
    <statBases>
      <WorkToMake>18000</WorkToMake>
      <Mass>4</Mass>
    </statBases>
    <stuffCategories>
      <li>Metallic</li>
    </stuffCategories>
    <costList>
      <ComponentSpacer>1</ComponentSpacer>
    </costList>
    <tools>
      <li>
        <label>handle</label>
        <capacities>
          <li>Poke</li>
        </capacities>
        <power>11</power>
        <cooldownTime>2.6</cooldownTime>
      </li>
      <li>
        <label>head</label>
        <labelUsedInLogging>false</labelUsedInLogging>
        <capacities>
          <li>Blunt</li>
        </capacities>
        <power>22</power>
        <cooldownTime>2.4</cooldownTime>
      </li>
    </tools>
    <recipeMaker>
      <researchPrerequisite>PNRP_RoyalWeapons</researchPrerequisite>
      <skillRequirements>
        <Crafting>5</Crafting>
      </skillRequirements>
    </recipeMaker>
    <comps>

    </comps>
    <weaponClasses>

    </weaponClasses>
  </ThingDef>

  <!--==================================== 로열 트윈 피스톨 ====================================-->
  <ThingDef ParentName="PN_BaseMakeableGun">
    <defName>PN_TwinPistol</defName>
    <label>PnL twin pistol</label>
    <description>[caution] : Automaton exclusive weapon.\n\nA dual pistol that fires a lot of bullets at a close range. Used by the Royal Guard's Special Forces Automaton. In conjunction with the automaton, it enables fast reloading and gives the user high melee combat ability.</description>
    <techLevel>Spacer</techLevel>
    <relicChance>1</relicChance>
    <graphicData>
      <texPath>Things/Weapons/PNTwinpistol</texPath>
      <graphicClass>Graphic_Single</graphicClass>
    </graphicData>
    <soundInteract>Interact_Rifle</soundInteract>
    <recipeMaker>
      <researchPrerequisite>PNRP_RoyalWeapons</researchPrerequisite>
      <skillRequirements>
        <Crafting>7</Crafting>
      </skillRequirements>
    </recipeMaker>
    <thingSetMakerTags>
      <li>RewardStandardLowFreq</li>
      <li>RewardStandardQualitySuper</li>
    </thingSetMakerTags>
    <statBases>
      <WorkToMake>45000</WorkToMake>
      <Mass>3.2</Mass>
      <AccuracyTouch>0.57</AccuracyTouch>
      <AccuracyShort>0.45</AccuracyShort>
      <AccuracyMedium>0.14</AccuracyMedium>
      <AccuracyLong>0.03</AccuracyLong>
      <RangedWeapon_Cooldown>0.85</RangedWeapon_Cooldown>
    </statBases>
    <costList>
      <Plasteel>75</Plasteel>
      <ComponentSpacer>2</ComponentSpacer>
      <PN_Component>1</PN_Component>
    </costList>
    <comps>
      <li Class="CompProperties_Styleable"></li>
    </comps>
    <verbs>
      <li>
        <verbClass>Verb_Shoot</verbClass>
        <hasStandardCommand>true</hasStandardCommand>
        <defaultProjectile>PN_Bullet_TwinPistol</defaultProjectile>
        <warmupTime>0.35</warmupTime>
        <range>12.9</range>
        <ticksBetweenBurstShots>2</ticksBetweenBurstShots>
        <burstShotCount>12</burstShotCount>
        <soundCast>Shot_Revolver</soundCast>
        <soundCastTail>GunTail_Light</soundCastTail>
        <muzzleFlashScale>9</muzzleFlashScale>
      </li>
    </verbs>
    <weaponTags>
      <li>PN_RoyalRifle</li>
    </weaponTags>
    <tools>
      <li>
        <label>grip</label>
        <capacities>
          <li>Blunt</li>
        </capacities>
        <power>9</power>
        <cooldownTime>1</cooldownTime>
      </li>
      <li>
        <label>kick</label>
        <capacities>
          <li>Blunt</li>
        </capacities>
        <power>18</power>
        <cooldownTime>2</cooldownTime>
      </li>
      <li>
        <label>Close shot</label>
        <capacities>
          <li>Poke</li>
        </capacities>
        <power>20</power>
        <cooldownTime>2</cooldownTime>
        <armorPenetration>0.09</armorPenetration>
      </li>
    </tools>
    <weaponClasses>
      <li>ShortShots</li>
      <li>Ultratech</li>
    </weaponClasses>
  </ThingDef>

  <ThingDef ParentName="PN_BaseBullet">
    <defName>PN_Bullet_TwinPistol</defName>
    <label>PnL twin pistol bullet</label>
    <projectile>
      <damageDef>Bullet</damageDef>
      <damageAmountBase>4</damageAmountBase>
      <stoppingPower>0.5</stoppingPower>
      <armorPenetrationBase>0.15</armorPenetrationBase>
      <speed>70</speed>
    </projectile>
    <graphicData>
      <texPath>Things/Projectile/Bullet_Small</texPath>
      <graphicClass>Graphic_Single</graphicClass>
    </graphicData>
  </ThingDef>

  <!--==================================== 로열 라이플 ====================================-->
  <ThingDef ParentName="PN_BaseMakeableGun">
    <defName>PN_RoyalRifle</defName>
    <label>PnL royal rifle</label>
    <description>[caution] : Automaton exclusive weapon.\n\nroyal guard rifle produced by PnL industry. Users can choose between rapid fire mode and accuracy mode.</description>
    <techLevel>Spacer</techLevel>
    <relicChance>1</relicChance>
    <graphicData>
      <texPath>Things/Weapons/PNRoyalRifle</texPath>
      <graphicClass>Graphic_Single</graphicClass>
    </graphicData>
    <soundInteract>Interact_Rifle</soundInteract>
    <recipeMaker>
      <researchPrerequisite>PNRP_RoyalWeapons</researchPrerequisite>
      <skillRequirements>
        <Crafting>7</Crafting>
      </skillRequirements>
    </recipeMaker>
    <thingSetMakerTags>
      <li>RewardStandardLowFreq</li>
      <li>RewardStandardQualitySuper</li>
    </thingSetMakerTags>
    <statBases>
      <WorkToMake>45000</WorkToMake>
      <Mass>4.6</Mass>
      <AccuracyTouch>0.65</AccuracyTouch>
      <AccuracyShort>0.70</AccuracyShort>
      <AccuracyMedium>0.65</AccuracyMedium>
      <AccuracyLong>0.55</AccuracyLong>
      <RangedWeapon_Cooldown>0.7</RangedWeapon_Cooldown>
    </statBases>
    <costList>
      <Plasteel>75</Plasteel>
      <ComponentSpacer>2</ComponentSpacer>
      <PN_Component>1</PN_Component>
    </costList>
    <comps>
      <li>
        <compClass>AdditionalVerb.Comp_VerbSaveable</compClass>
      </li>
      <li Class="CompProperties_Styleable"></li>
      <li Class="SYS.CompProperties_Sheath">
        <sheathOnlyGraphicData>
          <texPath>Things/Weapons/SYS/PNRoyalRifle_Sheath</texPath>
          <graphicClass>Graphic_Single</graphicClass>
        </sheathOnlyGraphicData>
        <fullGraphicData>
          <texPath>Things/Weapons/SYS/PNRoyalRifle_Full</texPath>
          <graphicClass>Graphic_Multi</graphicClass>
        </fullGraphicData>
        <drawPosition>Back</drawPosition>
        <northOffset>
          <position>(0.15,0.3,0.05)</position>
          <angle>-45</angle>
        </northOffset>
        <southOffset>
          <position>(-0.15,-0.3,0.05)</position>
          <angle>-45</angle>
        </southOffset>
        <eastOffset>
          <position>(-0.15,-0.3,0.05)</position>
          <angle>-30</angle>
        </eastOffset>
        <westOffset>
          <position>(0.15,-0.3,0.05)</position>
          <angle>30</angle>
        </westOffset>
      </li>
    </comps>
    <verbs>
      <li Class="AdditionalVerb.VerbProperties_Custom">
        <verbClass>Verb_Shoot</verbClass>
        <hasStandardCommand>true</hasStandardCommand>
        <defaultProjectile>PN_Bullet_RoyalRifle</defaultProjectile>
        <warmupTime>0.7</warmupTime>
        <range>30.9</range>
        <soundCast>PNRoyalRifleSound</soundCast>
        <soundCastTail>GunTail_Heavy</soundCastTail>
        <muzzleFlashScale>9</muzzleFlashScale>
        <desc>It fires quickly, but has a low accuracy and range.</desc>
        <label>rapid fire</label>
        <texPath>UI/Commands/Pew</texPath>
        <accuracyTouch>0.0</accuracyTouch>
        <accuracyShort>0.0</accuracyShort>
        <accuracyMedium>0.0</accuracyMedium>
        <accuracyLong>0.0</accuracyLong>
      </li>
      <li Class="AdditionalVerb.VerbProperties_Custom">
        <verbClass>Verb_Shoot</verbClass>
        <hasStandardCommand>true</hasStandardCommand>
        <defaultProjectile>PN_Bullet_RoyalRifle</defaultProjectile>
        <warmupTime>2.3</warmupTime>
        <range>36.9</range>
        <soundCast>PNRoyalRifleSound</soundCast>
        <soundCastTail>GunTail_Heavy</soundCastTail>
        <muzzleFlashScale>9</muzzleFlashScale>
        <desc>It fires slowly, but has a high accuracy and range.</desc>
        <label>accurate fire</label>
        <texPath>UI/Commands/Snipe</texPath>
        <accuracyTouch>0.0</accuracyTouch>
        <accuracyShort>0.25</accuracyShort>
        <accuracyMedium>0.25</accuracyMedium>
        <accuracyLong>0.25</accuracyLong>
      </li>
    </verbs>
    <weaponTags>
      <li>PN_RoyalRifle</li>
    </weaponTags>
    <tools>
      <li>
        <label>stock</label>
        <capacities>
          <li>Blunt</li>
        </capacities>
        <power>9</power>
        <cooldownTime>2</cooldownTime>
      </li>
      <li>
        <label>barrel</label>
        <capacities>
          <li>Blunt</li>
          <li>Poke</li>
        </capacities>
        <power>9</power>
        <cooldownTime>2</cooldownTime>
      </li>
    </tools>
    <equippedAngleOffset>45</equippedAngleOffset>
    <weaponClasses>
      <li>Ultratech</li>
    </weaponClasses>
  </ThingDef>

  <ThingDef ParentName="PN_BaseBullet">
    <defName>PN_Bullet_RoyalRifle</defName>
    <label>PnL rifle bullet</label>
    <projectile>
      <damageDef>Bullet</damageDef>
      <damageAmountBase>22</damageAmountBase>
      <stoppingPower>1.5</stoppingPower>
      <armorPenetrationBase>0.38</armorPenetrationBase>
      <speed>100</speed>
    </projectile>
    <graphicData>
      <texPath>Things/Projectile/Bullet_big</texPath>
      <graphicClass>Graphic_Single</graphicClass>
    </graphicData>
  </ThingDef>

  <!--==================================== 로열 헤비 슬러그 ====================================-->

  <ThingDef ParentName="PN_BaseMakeableGun">
    <defName>PN_RoyalHeavySlug</defName>
    <label>PnL royal heavy slug rifle</label>
    <description>[caution] : Automaton exclusive weapon.\n\nheavy slug rifle produced by PnL industry. They fire huge bullets, but it have a short range.</description>
    <techLevel>Spacer</techLevel>
    <relicChance>1</relicChance>
    <graphicData>
      <texPath>Things/Weapons/PNRoyalHeavyslug</texPath>
      <graphicClass>Graphic_Single</graphicClass>
    </graphicData>
    <soundInteract>Interact_Rifle</soundInteract>
    <recipeMaker>
      <researchPrerequisite>PNRP_RoyalWeapons</researchPrerequisite>
      <skillRequirements>
        <Crafting>7</Crafting>
      </skillRequirements>
    </recipeMaker>
    <thingSetMakerTags>
      <li>RewardStandardLowFreq</li>
      <li>RewardStandardQualitySuper</li>
    </thingSetMakerTags>
    <statBases>
      <WorkToMake>45000</WorkToMake>
      <Mass>4.6</Mass>
      <AccuracyTouch>0.57</AccuracyTouch>
      <AccuracyShort>0.64</AccuracyShort>
      <AccuracyMedium>0.55</AccuracyMedium>
      <AccuracyLong>0.45</AccuracyLong>
      <RangedWeapon_Cooldown>1.2</RangedWeapon_Cooldown>
    </statBases>
    <costList>
      <Plasteel>140</Plasteel>
      <ComponentSpacer>3</ComponentSpacer>
      <PN_Component>2</PN_Component>
    </costList>
    <comps>
      <li Class="CompProperties_Styleable"></li>
      <li Class="SYS.CompProperties_Sheath">
        <sheathOnlyGraphicData>
          <texPath>Things/Weapons/SYS/PNRoyalHeavyslug_Sheath</texPath>
          <graphicClass>Graphic_Single</graphicClass>
        </sheathOnlyGraphicData>
        <fullGraphicData>
          <texPath>Things/Weapons/SYS/PNRoyalHeavyslug_Full</texPath>
          <graphicClass>Graphic_Multi</graphicClass>
        </fullGraphicData>
        <drawPosition>Back</drawPosition>
        <northOffset>
          <position>(0,0.3,0.05)</position>
          <angle>25</angle>
        </northOffset>
        <southOffset>
          <position>(0,-0.3,0.05)</position>
          <angle>-25</angle>
        </southOffset>
        <eastOffset>
          <position>(-0.15,-0.3,0.05)</position>
          <angle>70</angle>
        </eastOffset>
        <westOffset>
          <position>(0.15,-0.3,0.05)</position>
          <angle>-70</angle>
        </westOffset>
      </li>
    </comps>
    <verbs>
      <li>
        <verbClass>Verb_Shoot</verbClass>
        <hasStandardCommand>true</hasStandardCommand>
        <defaultProjectile>PN_Bullet_HeavySlug</defaultProjectile>
        <warmupTime>0.7</warmupTime>
        <range>12.9</range>
        <soundCast>PNRoyalHCSound</soundCast>
        <soundCastTail>GunTail_Medium</soundCastTail>
        <muzzleFlashScale>14</muzzleFlashScale>
      </li>
    </verbs>
    <weaponTags>
      <li>PN_RoyalRifle</li>
    </weaponTags>
    <tools>
      <li>
        <label>stock</label>
        <capacities>
          <li>Blunt</li>
        </capacities>
        <power>9</power>
        <cooldownTime>2</cooldownTime>
      </li>
      <li>
        <label>barrel</label>
        <capacities>
          <li>Blunt</li>
          <li>Poke</li>
        </capacities>
        <power>9</power>
        <cooldownTime>2</cooldownTime>
      </li>
    </tools>
    <equippedAngleOffset>45</equippedAngleOffset>
    <weaponClasses>
      <li>Ultratech</li>
    </weaponClasses>
  </ThingDef>

  <ThingDef ParentName="PN_BaseBullet">
    <defName>PN_Bullet_HeavySlug</defName>
    <label>PnL heavy slug bullet</label>
    <projectile>
      <damageDef>Bullet</damageDef>
      <damageAmountBase>40</damageAmountBase>
      <stoppingPower>3</stoppingPower>
      <armorPenetrationBase>0.38</armorPenetrationBase>
      <speed>100</speed>
    </projectile>
    <graphicData>
      <texPath>Things/Projectile/ShellHighExplosive</texPath>
      <graphicClass>Graphic_Single</graphicClass>
    </graphicData>
  </ThingDef>

  <!--==================================== 로열기관총 ====================================-->
  <ThingDef ParentName="PN_BaseMakeableGun">
    <defName>PN_RoyalMachinegun</defName>
    <label>PnL royal machine gun</label>
    <description>[caution] : Automaton exclusive weapon.\n\nroyal machine gun produced by PnL industry.</description>
    <techLevel>Spacer</techLevel>
    <relicChance>1</relicChance>
    <graphicData>
      <texPath>Things/Weapons/PNRoyalMachinegun</texPath>
      <graphicClass>Graphic_Single</graphicClass>
    </graphicData>
    <soundInteract>Interact_Rifle</soundInteract>
    <recipeMaker>
      <researchPrerequisite>PNRP_RoyalWeapons</researchPrerequisite>
      <skillRequirements>
        <Crafting>7</Crafting>
      </skillRequirements>
    </recipeMaker>
    <thingSetMakerTags>
      <li>RewardStandardLowFreq</li>
      <li>RewardStandardQualitySuper</li>
    </thingSetMakerTags>
    <statBases>
      <WorkToMake>75000</WorkToMake>
      <Mass>10</Mass>
      <AccuracyTouch>0.15</AccuracyTouch>
      <AccuracyShort>0.25</AccuracyShort>
      <AccuracyMedium>0.25</AccuracyMedium>
      <AccuracyLong>0.18</AccuracyLong>
      <RangedWeapon_Cooldown>2.8</RangedWeapon_Cooldown>
    </statBases>
    <costList>
      <Plasteel>150</Plasteel>
      <ComponentSpacer>8</ComponentSpacer>
      <PN_Component>2</PN_Component>
    </costList>
    <comps>
      <li Class="CompProperties_Styleable"></li>
      <li Class="SYS.CompProperties_Sheath">
        <sheathOnlyGraphicData>
          <texPath>Things/Weapons/SYS/PNRoyalMachinegun_Sheath</texPath>
          <graphicClass>Graphic_Single</graphicClass>
        </sheathOnlyGraphicData>
        <fullGraphicData>
          <texPath>Things/Weapons/SYS/PNRoyalMachinegun_Full</texPath>
          <graphicClass>Graphic_Multi</graphicClass>
        </fullGraphicData>
        <drawPosition>Back</drawPosition>
        <northOffset>
          <position>(0,0.3,0.05)</position>
          <angle>25</angle>
        </northOffset>
        <southOffset>
          <position>(0,-0.3,0.05)</position>
          <angle>-25</angle>
        </southOffset>
        <eastOffset>
          <position>(-0.15,-0.3,0.05)</position>
          <angle>70</angle>
        </eastOffset>
        <westOffset>
          <position>(0.15,-0.3,0.05)</position>
          <angle>-70</angle>
        </westOffset>
      </li>
    </comps>
    <verbs>
      <li>
        <verbClass>Verb_Shoot</verbClass>
        <hasStandardCommand>true</hasStandardCommand>
        <defaultProjectile>PN_Bullet_RoyalMachinegun</defaultProjectile>
        <warmupTime>2.6</warmupTime>
        <range>30.9</range>
        <burstShotCount>20</burstShotCount>
        <ticksBetweenBurstShots>9</ticksBetweenBurstShots>
        <soundCast>PNRoyalMachinegunSound</soundCast>
        <soundCastTail>GunTail_Medium</soundCastTail>
        <muzzleFlashScale>9</muzzleFlashScale>
        <targetParams>
          <canTargetLocations>true</canTargetLocations>
        </targetParams>
      </li>
    </verbs>
    <weaponTags>
      <li>PN_Machinegun</li>
    </weaponTags>
    <tools>
      <li>
        <label>barrel</label>
        <capacities>
          <li>Blunt</li>
        </capacities>
        <power>11.7</power>
        <cooldownTime>2.6</cooldownTime>
      </li>
    </tools>
    <equippedAngleOffset>45</equippedAngleOffset>
    <equippedStatOffsets>
      <MoveSpeed>-0.25</MoveSpeed>
    </equippedStatOffsets>
    <weaponClasses>
      <li>RangedHeavy</li>
    </weaponClasses>
  </ThingDef>

  <ThingDef ParentName="PN_BaseBullet">
    <defName>PN_Bullet_RoyalMachinegun</defName>
    <label>PnL machinegun bullet</label>
    <projectile>
      <damageDef>Bullet</damageDef>
      <damageAmountBase>20</damageAmountBase>
      <stoppingPower>3.0</stoppingPower>
      <armorPenetrationBase>0.38</armorPenetrationBase>
      <speed>100</speed>
    </projectile>
    <graphicData>
      <texPath>Things/Projectile/Bullet_big</texPath>
      <graphicClass>Graphic_Single</graphicClass>
    </graphicData>
  </ThingDef>

  <!--==================================== 로열 LSW (멀티런쳐) ====================================-->

  <ThingDef ParentName="PN_BaseMakeableGun">
    <defName>PN_RoyalLSW</defName>
    <label>PnL multiple launcher</label>
    <description>[caution] : Automaton exclusive weapon.\n\nA launcher that can fire a variety of grenades. Users can fire Frag, Incendiary, EMP, Smoke, and Firefoam grenades.</description>
    <techLevel>Spacer</techLevel>
    <graphicData>
      <texPath>Things/Weapons/PNRoyalLSW</texPath>
      <graphicClass>Graphic_Single</graphicClass>
    </graphicData>
    <soundInteract>Interact_Rifle</soundInteract>
    <recipeMaker>
      <researchPrerequisite>PNRP_RoyalWeapons</researchPrerequisite>
      <skillRequirements>
        <Crafting>7</Crafting>
      </skillRequirements>
    </recipeMaker>
    <thingSetMakerTags>
      <li>RewardStandardLowFreq</li>
      <li>RewardStandardQualitySuper</li>
    </thingSetMakerTags>
    <statBases>
      <WorkToMake>75000</WorkToMake>
      <Mass>7</Mass>
      <RangedWeapon_Cooldown>3.0</RangedWeapon_Cooldown>
    </statBases>
    <costList>
      <Plasteel>100</Plasteel>
      <ComponentSpacer>3</ComponentSpacer>
      <PN_Component>2</PN_Component>
    </costList>
    <comps>
      <li>
        <compClass>AdditionalVerb.Comp_VerbSaveable</compClass>
      </li>
      <li Class="SYS.CompProperties_Sheath">
        <sheathOnlyGraphicData>
          <texPath>Things/Weapons/SYS/PNRoyalLSW_Sheath</texPath>
          <graphicClass>Graphic_Single</graphicClass>
        </sheathOnlyGraphicData>
        <fullGraphicData>
          <texPath>Things/Weapons/SYS/PNRoyalLSW_Full</texPath>
          <graphicClass>Graphic_Multi</graphicClass>
        </fullGraphicData>
        <drawPosition>Back</drawPosition>
        <northOffset>
          <position>(0,0.3,0)</position>
          <angle>25</angle>
        </northOffset>
        <southOffset>
          <position>(0,-0.3,0)</position>
          <angle>-25</angle>
        </southOffset>
        <eastOffset>
          <position>(-0.15,-0.3,0)</position>
          <angle>70</angle>
        </eastOffset>
        <westOffset>
          <position>(0.15,-0.3,0)</position>
          <angle>-70</angle>
        </westOffset>
      </li>
    </comps>
    <verbs>
      <li Class="AdditionalVerb.VerbProperties_Custom">
        <verbClass>Verb_Shoot</verbClass>
        <hasStandardCommand>true</hasStandardCommand>
        <defaultProjectile>PN_Bullet_LSW_bomb</defaultProjectile>
        <warmupTime>3.0</warmupTime>
        <range>23.9</range>
        <forcedMissRadius>0.9</forcedMissRadius>
        <burstShotCount>1</burstShotCount>
        <soundCast>Shot_IncendiaryLauncher</soundCast>
        <soundCastTail>GunTail_Heavy</soundCastTail>
        <muzzleFlashScale>14</muzzleFlashScale>
        <label>Frag</label>
        <texPath>UI/Commands/HE</texPath>
        <accuracyTouch>0</accuracyTouch>
        <accuracyShort>0</accuracyShort>
        <accuracyMedium>0</accuracyMedium>
        <accuracyLong>0</accuracyLong>
        <targetParams>
          <canTargetLocations>true</canTargetLocations>
        </targetParams>
      </li>
      <li Class="AdditionalVerb.VerbProperties_Custom">
        <verbClass>Verb_Shoot</verbClass>
        <hasStandardCommand>true</hasStandardCommand>
        <defaultProjectile>PN_Bullet_LSW_Flame</defaultProjectile>
        <warmupTime>3.0</warmupTime>
        <range>23.9</range>
        <forcedMissRadius>0.9</forcedMissRadius>
        <burstShotCount>1</burstShotCount>
        <soundCast>Shot_IncendiaryLauncher</soundCast>
        <soundCastTail>GunTail_Heavy</soundCastTail>
        <muzzleFlashScale>14</muzzleFlashScale>
        <label>Incendiary</label>
        <texPath>UI/Commands/Flame</texPath>
        <accuracyTouch>0</accuracyTouch>
        <accuracyShort>0</accuracyShort>
        <accuracyMedium>0</accuracyMedium>
        <accuracyLong>0</accuracyLong>
        <targetParams>
          <canTargetLocations>true</canTargetLocations>
        </targetParams>
      </li>
      <li Class="AdditionalVerb.VerbProperties_Custom">
        <verbClass>Verb_Shoot</verbClass>
        <hasStandardCommand>true</hasStandardCommand>
        <defaultProjectile>PN_Bullet_LSW_EMP</defaultProjectile>
        <warmupTime>3.0</warmupTime>
        <range>23.9</range>
        <forcedMissRadius>0.9</forcedMissRadius>
        <burstShotCount>1</burstShotCount>
        <soundCast>Shot_IncendiaryLauncher</soundCast>
        <soundCastTail>GunTail_Heavy</soundCastTail>
        <muzzleFlashScale>14</muzzleFlashScale>
        <label>EMP</label>
        <texPath>UI/Commands/EMP</texPath>
        <accuracyTouch>0</accuracyTouch>
        <accuracyShort>0</accuracyShort>
        <accuracyMedium>0</accuracyMedium>
        <accuracyLong>0</accuracyLong>
        <targetParams>
          <canTargetLocations>true</canTargetLocations>
        </targetParams>
      </li>
      <li Class="AdditionalVerb.VerbProperties_Custom">
        <verbClass>Verb_Shoot</verbClass>
        <hasStandardCommand>true</hasStandardCommand>
        <defaultProjectile>PN_Bullet_LSW_Smoke</defaultProjectile>
        <warmupTime>3.0</warmupTime>
        <range>23.9</range>
        <forcedMissRadius>0.9</forcedMissRadius>
        <burstShotCount>1</burstShotCount>
        <soundCast>Shot_IncendiaryLauncher</soundCast>
        <soundCastTail>GunTail_Heavy</soundCastTail>
        <muzzleFlashScale>14</muzzleFlashScale>
        <label>Smoke</label>
        <texPath>UI/Commands/Smoke</texPath>
        <accuracyTouch>0</accuracyTouch>
        <accuracyShort>0</accuracyShort>
        <accuracyMedium>0</accuracyMedium>
        <accuracyLong>0</accuracyLong>
        <targetParams>
          <canTargetLocations>true</canTargetLocations>
        </targetParams>
      </li>
      <li Class="AdditionalVerb.VerbProperties_Custom">
        <verbClass>Verb_Shoot</verbClass>
        <hasStandardCommand>true</hasStandardCommand>
        <defaultProjectile>PN_Bullet_LSW_FF</defaultProjectile>
        <warmupTime>3.0</warmupTime>
        <range>23.9</range>
        <forcedMissRadius>0.9</forcedMissRadius>
        <burstShotCount>1</burstShotCount>
        <soundCast>Shot_IncendiaryLauncher</soundCast>
        <soundCastTail>GunTail_Heavy</soundCastTail>
        <muzzleFlashScale>14</muzzleFlashScale>
        <label>Firefoam</label>
        <texPath>UI/Commands/FF</texPath>
        <accuracyTouch>0</accuracyTouch>
        <accuracyShort>0</accuracyShort>
        <accuracyMedium>0</accuracyMedium>
        <accuracyLong>0</accuracyLong>
        <targetParams>
          <canTargetLocations>true</canTargetLocations>
        </targetParams>
      </li>
    </verbs>
    <weaponTags>
      <li>PN_RoyalRifle</li>
    </weaponTags>
    <tools>
      <li>
        <label>stock</label>
        <capacities>
          <li>Blunt</li>
        </capacities>
        <power>9</power>
        <cooldownTime>2</cooldownTime>
      </li>
      <li>
        <label>barrel</label>
        <capacities>
          <li>Blunt</li>
          <li>Poke</li>
        </capacities>
        <power>9</power>
        <cooldownTime>2</cooldownTime>
      </li>
    </tools>
    <weaponClasses>
      <li>Ultratech</li>
    </weaponClasses>
  </ThingDef>

  <ThingDef ParentName="PN_BaseBullet">
    <defName>PN_Bullet_LSW_bomb</defName>
    <label>PnL LSW bullet</label>
    <thingClass>Projectile_Explosive</thingClass>
    <projectile>
      <explosionRadius>1.9</explosionRadius>
      <damageDef>Bomb</damageDef>
      <speed>40</speed>
      <ai_IsIncendiary>true</ai_IsIncendiary>
      <arcHeightFactor>0.2</arcHeightFactor>
      <shadowSize>0.6</shadowSize>
    </projectile>
    <graphicData>
      <texPath>Things/Projectile/LauncherShot</texPath>
      <graphicClass>Graphic_Single</graphicClass>
    </graphicData>
  </ThingDef>

  <ThingDef ParentName="PN_BaseBullet">
    <defName>PN_Bullet_LSW_Flame</defName>
    <label>PnL LSW bullet</label>
    <thingClass>Projectile_Explosive</thingClass>
    <projectile>
      <explosionRadius>1.9</explosionRadius>
      <damageDef>Flame</damageDef>
      <speed>40</speed>
      <preExplosionSpawnThingDef>Filth_Fuel</preExplosionSpawnThingDef>
      <preExplosionSpawnChance>0.6</preExplosionSpawnChance>
      <ai_IsIncendiary>true</ai_IsIncendiary>
      <arcHeightFactor>0.2</arcHeightFactor>
      <shadowSize>0.6</shadowSize>
    </projectile>
    <graphicData>
      <texPath>Things/Projectile/LauncherShot</texPath>
      <graphicClass>Graphic_Single</graphicClass>
    </graphicData>
  </ThingDef>

  <ThingDef ParentName="PN_BaseBullet">
    <defName>PN_Bullet_LSW_EMP</defName>
    <label>PnL LSW bullet</label>
    <thingClass>Projectile_Explosive</thingClass>
    <projectile>
      <explosionRadius>1.9</explosionRadius>
      <damageDef>EMP</damageDef>
      <speed>40</speed>
      <arcHeightFactor>0.2</arcHeightFactor>
      <shadowSize>0.6</shadowSize>
    </projectile>
    <graphicData>
      <texPath>Things/Projectile/LauncherShot</texPath>
      <graphicClass>Graphic_Single</graphicClass>
    </graphicData>
  </ThingDef>

  <ThingDef ParentName="PN_BaseBullet">
    <defName>PN_Bullet_LSW_Smoke</defName>
    <label>PnL LSW bullet</label>
    <thingClass>Projectile_Explosive</thingClass>
    <projectile>
      <explosionRadius>2.4</explosionRadius>
      <damageDef>Smoke</damageDef>
      <speed>40</speed>
      <postExplosionSpawnThingDef>Gas_Smoke</postExplosionSpawnThingDef>
      <postExplosionSpawnChance>1</postExplosionSpawnChance>
      <arcHeightFactor>0.2</arcHeightFactor>
      <shadowSize>0.6</shadowSize>
      <ai_IsIncendiary>true</ai_IsIncendiary>
    </projectile>
    <graphicData>
      <texPath>Things/Projectile/LauncherShot</texPath>
      <graphicClass>Graphic_Single</graphicClass>
    </graphicData>
  </ThingDef>

  <ThingDef ParentName="PN_BaseBullet">
    <defName>PN_Bullet_LSW_FF</defName>
    <label>PnL LSW bullet</label>
    <thingClass>Projectile_Explosive</thingClass>
    <projectile>
      <explosionRadius>2.4</explosionRadius>
      <damageDef>Extinguish</damageDef>
      <speed>40</speed>
      <arcHeightFactor>0.2</arcHeightFactor>
      <shadowSize>0.6</shadowSize>
      <postExplosionSpawnThingDef>Filth_FireFoam</postExplosionSpawnThingDef>
      <postExplosionSpawnChance>1</postExplosionSpawnChance>
      <postExplosionSpawnThingCount>3</postExplosionSpawnThingCount>
      <explosionEffect>ExtinguisherExplosion</explosionEffect>
    </projectile>
    <graphicData>
      <texPath>Things/Projectile/LauncherShot</texPath>
      <graphicClass>Graphic_Single</graphicClass>
    </graphicData>
  </ThingDef>
</Defs>