﻿<?xml version="1.0" encoding="utf-8" ?>
<Defs>

  <!-- Random social interactions -->

  <ThoughtDef>
    <defName>PrudeSeen</defName>
    <thoughtClass>Thought_MemorySocial</thoughtClass>
    <stackLimit>300</stackLimit>
    <stackedEffectMultiplier>0.88</stackedEffectMultiplier>
    <requiredTraits>
      <li>Prude</li>
    </requiredTraits>
    <stages>
      <li>
        <label>witnessed the human form</label>
        <description>Was that person naked? Do they just let people run around without clothes on here? Disgusting.</description>
        <baseOpinionOffset>-1</baseOpinionOffset>
      </li>
    </stages>
  </ThoughtDef>

  <ThoughtDef>
    <defName>DynamicSocial</defName>
    <thoughtClass>Psychology.Thought_MemorySocialDynamic</thoughtClass>
    <durationDays>60</durationDays>
    <stackLimit>300</stackLimit>
    <nullifyingTraits>
      <li>Psychopath</li>
    </nullifyingTraits>
    <stages>
      <li>
        <label>conversation</label>
        <baseOpinionOffset>5</baseOpinionOffset>
      </li>
    </stages>
  </ThoughtDef>

  <ThoughtDef>
    <defName>BrokeUpWithMeCodependent</defName>
    <thoughtClass>Thought_MemorySocial</thoughtClass>
    <durationDays>80.0</durationDays>
    <stackLimit>300</stackLimit>
    <stackLimitForSameOtherPawn>1</stackLimitForSameOtherPawn>
    <requiredTraits>
      <li>Codependent</li>
    </requiredTraits>
    <stages>
      <li>
        <label>codependent</label>
        <baseOpinionOffset>150</baseOpinionOffset>
      </li>
    </stages>
    <thoughtToMake>BrokeUpWithMeCodependentMood</thoughtToMake>
  </ThoughtDef>
  <ThoughtDef>
    <defName>BrokeUpWithMeCodependentMood</defName>
    <durationDays>50.0</durationDays>
    <stackLimit>5</stackLimit>
    <requiredTraits>
      <li>Codependent</li>
    </requiredTraits>
    <stages>
      <li>
        <label>codependent on {0}</label>
        <description>I miss you... please come back.</description>
        <baseMoodEffect>-25</baseMoodEffect>
      </li>
    </stages>
  </ThoughtDef>
  
  <ThoughtDef>
    <defName>CheatedOnMeCodependent</defName>
    <thoughtClass>Thought_MemorySocial</thoughtClass>
    <durationDays>40.0</durationDays>
    <stackLimit>300</stackLimit>
    <stackLimitForSameOtherPawn>1</stackLimitForSameOtherPawn>
    <requiredTraits>
      <li>Codependent</li>
    </requiredTraits>
    <stages>
      <li>
        <label>cheated on me</label>
        <baseOpinionOffset>-25</baseOpinionOffset>
      </li>
    </stages>
    <thoughtToMake>CheatedOnMeCodependentMood</thoughtToMake>
  </ThoughtDef>
  <ThoughtDef>
    <defName>CheatedOnMeCodependentMood</defName>
    <durationDays>25.0</durationDays>
    <stackLimit>2</stackLimit>
    <requiredTraits>
      <li>Codependent</li>
    </requiredTraits>
    <stages>
      <li>
        <label>cheated on by {0}</label>
        <description>I don't understand... I must have done something wrong.</description>
        <baseMoodEffect>-15</baseMoodEffect>
      </li>
    </stages>
  </ThoughtDef>
  
  <ThoughtDef>
    <defName>RebuffedMyRomanceAttemptLecher</defName>
    <thoughtClass>Thought_MemorySocial</thoughtClass>
    <durationDays>5.0</durationDays>
    <stackLimit>300</stackLimit>
    <stackLimitForSameOtherPawn>5</stackLimitForSameOtherPawn>
    <stackedEffectMultiplier>0.9</stackedEffectMultiplier>
    <requiredTraits>
      <li>Lecher</li>
    </requiredTraits>
    <stages>
      <li>
        <label>rebuffed me</label>
        <baseOpinionOffset>-20</baseOpinionOffset>
      </li>
    </stages>
  </ThoughtDef>
  
  <ThoughtDef>
    <defName>CapturedMe</defName>
    <thoughtClass>Thought_MemorySocial</thoughtClass>
    <durationDays>45.0</durationDays>
    <stackLimit>300</stackLimit>
    <stackLimitForSameOtherPawn>5</stackLimitForSameOtherPawn>
    <stackedEffectMultiplier>0.9</stackedEffectMultiplier>
    <stages>
      <li>
        <label>faction imprisoned me</label>
        <baseOpinionOffset>-40</baseOpinionOffset>
      </li>
    </stages>
  </ThoughtDef>

  <ThoughtDef>
    <defName>WentOnDate</defName>
    <thoughtClass>Thought_MemorySocial</thoughtClass>
    <durationDays>5.0</durationDays>
    <stackLimit>300</stackLimit>
    <stackLimitForSameOtherPawn>1</stackLimitForSameOtherPawn>
    <stages>
      <li>
        <label>went on a date</label>
        <baseOpinionOffset>10</baseOpinionOffset>
      </li>
    </stages>
  </ThoughtDef>

  <ThoughtDef>
    <defName>HungOut</defName>
    <thoughtClass>Thought_MemorySocial</thoughtClass>
    <durationDays>4.0</durationDays>
    <stackLimit>300</stackLimit>
    <stackLimitForSameOtherPawn>1</stackLimitForSameOtherPawn>
    <stages>
      <li>
        <label>hung out together</label>
        <baseOpinionOffset>5</baseOpinionOffset>
      </li>
    </stages>
  </ThoughtDef>

  <ThoughtDef>
    <defName>MissedDate</defName>
    <thoughtClass>Thought_MemorySocial</thoughtClass>
    <durationDays>30.0</durationDays>
    <stackLimit>300</stackLimit>
    <stackLimitForSameOtherPawn>1</stackLimitForSameOtherPawn>
    <stages>
      <li>
        <label>missed our date</label>
        <baseOpinionOffset>-5</baseOpinionOffset>
      </li>
    </stages>
  </ThoughtDef>
</Defs>