﻿<?xml version="1.0" encoding="utf-8" ?>
<Defs>

  <ThoughtDef>
    <defName>Dynamic</defName>
	<thoughtClass>Psychology.Thought_MemoryDynamic</thoughtClass>
	<stages>
		<li>
			<label>dynamic</label>
		</li>
	</stages>
  </ThoughtDef>
  
  <ThoughtDef>
    <defName>MayorNoOffice</defName>
    <durationDays>2</durationDays>
    <stackLimit>3</stackLimit>
    <stackedEffectMultiplier>0.5</stackedEffectMultiplier>
    <stages>
      <li>
        <label>no mayoral office</label>
        <description>I had to schedule a meeting with a constituent in my bedroom. An office would be a bit more professional.</description>
        <baseMoodEffect>-3</baseMoodEffect>
      </li>
    </stages>
  </ThoughtDef>
  
  <ThoughtDef>
    <defName>MayorNoBedroom</defName>
    <durationDays>2</durationDays>
    <stackLimit>5</stackLimit>
    <stackedEffectMultiplier>0.75</stackedEffectMultiplier>
    <stages>
      <li>
        <label>no mayoral office</label>
        <description>I had to schedule a meeting with a constituent at a gathering spot. At least give me a bedroom so I can conduct these meetings in private.</description>
        <baseMoodEffect>-5</baseMoodEffect>
      </li>
    </stages>
  </ThoughtDef>
  
  <ThoughtDef>
    <defName>WonElection</defName>
    <durationDays>5</durationDays>
    <stackLimit>1</stackLimit>
    <stages>
      <li>
        <label>won an election</label>
        <description>I did it! I'm the mayor now! I'm so thankful to everyone who voted for me.</description>
        <baseMoodEffect>20</baseMoodEffect>
      </li>
    </stages>
  </ThoughtDef>
  
  <ThoughtDef>
    <defName>KilledHumanlikeEnemy</defName>
    <durationDays>0.2</durationDays>
    <stackLimit>3</stackLimit>
    <stackedEffectMultiplier>0.2</stackedEffectMultiplier>
    <nullifyingTraits>
      <li>Psychopath</li>
      <li>Bloodlust</li>
      <li>Desensitized</li>
    </nullifyingTraits>
    <stages>
      <li>
        <label>adrenaline rush</label>
        <description>I killed someone attacking our colony. My hands are still shaking... I can't believe I survived.</description>
        <baseMoodEffect>8</baseMoodEffect>
      </li>
    </stages>
  </ThoughtDef>

  <ThoughtDef>
    <defName>KnowPrisonerSoldBleedingHeart</defName>
    <durationDays>8</durationDays>
    <stackLimit>5</stackLimit>
    <requiredTraits>
      <li>BleedingHeart</li>
    </requiredTraits>
    <stages>
      <li>
        <label>a prisoner was sold</label>
        <description>This colony sold a prisoner into slavery. I can't believe we participate in that barbarism.</description>
        <baseMoodEffect>-8</baseMoodEffect>
      </li>
    </stages>
  </ThoughtDef>
  
  <ThoughtDef>
    <defName>KnowGuestOrganHarvestedBleedingHeart</defName>
    <durationDays>8</durationDays>
    <stackLimit>5</stackLimit>
    <requiredTraits>
      <li>BleedingHeart</li>
    </requiredTraits>
    <stages>
      <li>
        <label>someone's organ harvested</label>
        <description>The colony took body parts from a guest or prisoner. It's unacceptable, breaking someone down for parts when they have no choice.</description>
        <baseMoodEffect>-8</baseMoodEffect>
      </li>
    </stages>
  </ThoughtDef>

  <ThoughtDef>
    <defName>KnowColonistOrganHarvestedBleedingHeart</defName>
    <durationDays>8</durationDays>
    <stackLimit>5</stackLimit>
    <requiredTraits>
      <li>BleedingHeart</li>
    </requiredTraits>
    <stages>
      <li>
        <label>colonist's organ harvested</label>
        <description>Someone took body parts from a colonist. It's unacceptable, breaking someone down for parts when they have no choice.</description>
        <baseMoodEffect>-8</baseMoodEffect>
      </li>
    </stages>
  </ThoughtDef>
  
  <ThoughtDef>
    <defName>ReplacedPartBleedingHeart</defName>
    <durationDays>6</durationDays>
    <stackLimit>3</stackLimit>
    <stackedEffectMultiplier>0.75</stackedEffectMultiplier>
    <requiredTraits>
      <li>BleedingHeart</li>
    </requiredTraits>
    <stages>
      <li>
        <label>installed an organ or body part</label>
        <description>I gave someone a new organ or body part. I probably improved their quality of life! I'm so happy.</description>
        <baseMoodEffect>8</baseMoodEffect>
      </li>
    </stages>
  </ThoughtDef>
  
  <ThoughtDef>
    <defName>DoctorBleedingHeart</defName>
    <durationDays>4</durationDays>
    <stackLimit>3</stackLimit>
    <stackedEffectMultiplier>0.4</stackedEffectMultiplier>
    <requiredTraits>
      <li>BleedingHeart</li>
    </requiredTraits>
    <stages>
      <li>
        <label>helped a patient</label>
        <description>I love medicine. It gives you so many opportunities to help people.</description>
        <baseMoodEffect>6</baseMoodEffect>
      </li>
    </stages>
  </ThoughtDef>
  
  <ThoughtDef>
    <defName>RescuedBleedingHeart</defName>
    <durationDays>2</durationDays>
    <stackLimit>4</stackLimit>
    <stackedEffectMultiplier>0.4</stackedEffectMultiplier>
    <requiredTraits>
      <li>BleedingHeart</li>
    </requiredTraits>
    <stages>
      <li>
        <label>saved someone</label>
        <description>I rescued someone from near-death. No need to thank me, good deeds are their own reward.</description>
        <baseMoodEffect>4</baseMoodEffect>
      </li>
    </stages>
  </ThoughtDef>
  
  <ThoughtDef>
    <defName>CookedMealBleedingHeart</defName>
    <durationDays>1</durationDays>
    <stackLimit>5</stackLimit>
    <requiredTraits>
      <li>BleedingHeart</li>
    </requiredTraits>
    <stages>
      <li>
        <label>cooked a meal</label>
        <description>I love cooking, I feel like I'm helping people. I'm keeping this colony alive!</description>
        <baseMoodEffect>1</baseMoodEffect>
      </li>
    </stages>
  </ThoughtDef>

	<ThoughtDef>
		<defName>FilledGraveBleedingHeart</defName>
		<durationDays>0.5</durationDays>
		<stackLimit>10</stackLimit>
		<requiredTraits>
			<li>BleedingHeart</li>
		</requiredTraits>
		<stages>
			<li>
				<label>buried someone</label>
				<description>I hope they find peace.</description>
				<baseMoodEffect>1</baseMoodEffect>
			</li>
		</stages>
	</ThoughtDef>
	
  <ThoughtDef>
    <defName>KilledPatientBleedingHeart</defName>
    <durationDays>6</durationDays>
    <stackLimit>5</stackLimit>
    <stackedEffectMultiplier>0.75</stackedEffectMultiplier>
    <requiredTraits>
      <li>BleedingHeart</li>
    </requiredTraits>
    <stages>
      <li>
        <label>killed a patient</label>
        <description>I killed one of my patients in surgery. It's all my fault... they should still be alive.</description>
        <baseMoodEffect>-10</baseMoodEffect>
      </li>
    </stages>
  </ThoughtDef>

  <ThoughtDef>
    <defName>RecentlyDesensitized</defName>
    <durationDays>3.5</durationDays>
    <stackLimit>1</stackLimit>
    <requiredTraits>
      <li>Desensitized</li>
    </requiredTraits>
    <stages>
      <li>
        <label>desensitized to violence</label>
        <description>I witnessed death, and felt nothing. How depressing...</description>
        <baseMoodEffect>-10</baseMoodEffect>
      </li>
    </stages>
  </ThoughtDef>

  <ThoughtDef>
    <defName>DreamGood</defName>
    <durationDays>0.6</durationDays>
    <stackLimit>1</stackLimit>
    <stages>
      <li>
        <label>had a good dream</label>
        <description>That was a nice dream. It gave me hope.</description>
        <baseMoodEffect>3</baseMoodEffect>
      </li>
    </stages>
  </ThoughtDef>

  <ThoughtDef>
    <defName>DreamBad</defName>
    <durationDays>0.6</durationDays>
    <stackLimit>1</stackLimit>
    <stages>
      <li>
        <label>had a bad dream</label>
        <description>That was an unpleasant dream. It's still bothering me.</description>
        <baseMoodEffect>-3</baseMoodEffect>
      </li>
    </stages>
  </ThoughtDef>

  <ThoughtDef>
    <defName>DreamNightmare</defName>
    <durationDays>0.9</durationDays>
    <stackLimit>1</stackLimit>
    <stages>
	  <li>
        <label>had a nightmare</label>
        <description>Gah! What a terrible dream. I'm depressed just thinking about it.</description>
        <baseMoodEffect>-5</baseMoodEffect>
      </li>
    </stages>
  </ThoughtDef>
  
  <ThoughtDef>
    <defName>TreatmentFailed</defName>
    <durationDays>2</durationDays>
    <stackLimit>20</stackLimit>
		<showBubble>true</showBubble>
    <stackedEffectMultiplier>0.4</stackedEffectMultiplier>
    <stages>
      <li>
        <label>{0} treatment failed</label>
        <description>The doctor failed to treat my mental illness... it just felt like he didn't understand me.</description>
        <baseMoodEffect>-6</baseMoodEffect>
      </li>
    </stages>
  </ThoughtDef>

	<ThoughtDef>
		<defName>SuccessfulPlot</defName>
		<durationDays>7</durationDays>
		<stackLimit>5</stackLimit>
		<stackedEffectMultiplier>1.0</stackedEffectMultiplier>
		<stages>
			<li>
				<label>fell plot succeeded</label>
				<description>I destroyed the plague on this place. We are safe now.</description>
				<baseMoodEffect>30</baseMoodEffect>
			</li>
		</stages>
	</ThoughtDef>

	<ThoughtDef>
		<defName>HeardParanoia</defName>
		<durationDays>2</durationDays>
		<stackLimit>5</stackLimit>
		<stackedEffectMultiplier>0.4</stackedEffectMultiplier>
		<stages>
			<li>
				<label>exposed to paranoid rambling</label>
				<description>The things I heard... they can't be true. Can they?</description>
				<baseMoodEffect>-5</baseMoodEffect>
			</li>
		</stages>
	</ThoughtDef>
  
  <!-- Abandoning pawns -->

  <ThoughtDef>
    <defName>ColonistAbandonedBleedingHeart</defName>
    <durationDays>8</durationDays>
    <stackLimit>5</stackLimit>
		<showBubble>true</showBubble>
    <stackedEffectMultiplier>0.25</stackedEffectMultiplier>
    <requiredTraits>
      <li>BleedingHeart</li>
    </requiredTraits>
    <stages>
      <li>
        <label>colonist abandoned</label>
        <description>We just left someone behind. I can't stop thinking about what might happen to them.</description>
        <baseMoodEffect>-5</baseMoodEffect>
      </li>
    </stages>
  </ThoughtDef>
  
  <ThoughtDef>
    <defName>ColonistAbandonedToDieBleedingHeart</defName>
    <durationDays>8</durationDays>
    <stackLimit>5</stackLimit>
		<showBubble>true</showBubble>
    <stackedEffectMultiplier>0.25</stackedEffectMultiplier>
    <requiredTraits>
      <li>BleedingHeart</li>
    </requiredTraits>
    <stages>
      <li>
        <label>colonist abandoned to die</label>
        <description>We left someone behind in such a way that there's almost no way they'll survive. How could we?</description>
        <baseMoodEffect>-8</baseMoodEffect>
      </li>
    </stages>
  </ThoughtDef>
  
  <ThoughtDef>
    <defName>PrisonerAbandonedToDieBleedingHeart</defName>
    <durationDays>8</durationDays>
    <stackLimit>5</stackLimit>
		<showBubble>true</showBubble>
    <stackedEffectMultiplier>0.25</stackedEffectMultiplier>
    <requiredTraits>
      <li>BleedingHeart</li>
    </requiredTraits>
    <stages>
      <li>
        <label>prisoner abandoned to die</label>
        <description>We left a prisoner behind in such a way that there's almost no way they'll survive. We have a responsibility to safeguard the people we imprison.</description>
        <baseMoodEffect>-6</baseMoodEffect>
      </li>
    </stages>
  </ThoughtDef>

  <ThoughtDef>
    <defName>DateCancelled</defName>
    <durationDays>5</durationDays>
    <stackLimit>4</stackLimit>
    <stackedEffectMultiplier>0.25</stackedEffectMultiplier>
    <stages>
      <li>
        <label>had to cancel a date</label>
		<description>I was supposed to go on a date with my partner, but something came up in the colony and we had to cancel. I was looking forward to it...</description>
        <baseMoodEffect>-4</baseMoodEffect>
      </li>
    </stages>
  </ThoughtDef>

  <ThoughtDef>
    <defName>WonFight</defName>
    <durationDays>1</durationDays>
    <stackLimit>4</stackLimit>
    <stackLimitForSameOtherPawn>1</stackLimitForSameOtherPawn>
    <stackedEffectMultiplier>0.75</stackedEffectMultiplier>
    <stages>
      <li>
        <label>won a social fight</label>
		<description>That'll teach them not to mess with me.</description>
        <baseMoodEffect>4</baseMoodEffect>
      </li>
    </stages>
  </ThoughtDef>
  
</Defs>