<?xml version="1.0" encoding="utf-8" ?>
<Defs>


  <ManeuverDef>
    <defName>EVOR_Man_Toxic</defName>
    <requiredCapacity>EVOR_Cap_Toxic</requiredCapacity>
    <verb>
      <verbClass>Verb_MeleeAttackDamage</verbClass>
      <meleeDamageDef>EVOR_Damage_Toxic</meleeDamageDef>
    </verb>
    <logEntryDef>MeleeAttack</logEntryDef>
    <combatLogRulesHit>Maneuver_Bite_MeleeHit</combatLogRulesHit>
    <combatLogRulesDeflect>Maneuver_Bite_MeleeDeflect</combatLogRulesDeflect>
    <combatLogRulesMiss>Maneuver_Bite_MeleeMiss</combatLogRulesMiss>
    <combatLogRulesDodge>Maneuver_Bite_MeleeDodge</combatLogRulesDodge>
  </ManeuverDef>

  <ManeuverDef>
    <defName>EVOR_Man_Sonic</defName>
    <requiredCapacity>EVOR_Cap_Sonic</requiredCapacity>
    <verb>
      <verbClass>Verb_MeleeAttackDamage</verbClass>
      <meleeDamageDef>EVOR_Damage_Sonic</meleeDamageDef>
    </verb>
    <logEntryDef>MeleeAttack</logEntryDef>
    <combatLogRulesHit>Maneuver_Smash_MeleeHit</combatLogRulesHit>
    <combatLogRulesDeflect>Maneuver_Smash_MeleeDeflect</combatLogRulesDeflect>
    <combatLogRulesMiss>Maneuver_Smash_MeleeMiss</combatLogRulesMiss>
    <combatLogRulesDodge>Maneuver_Smash_MeleeDodge</combatLogRulesDodge>
  </ManeuverDef>

  <!--
  <ManeuverDef>
    <defName>EVOR_Man_Shock</defName>
    <requiredCapacity>EVOR_Cap_Shock</requiredCapacity>
    <verb>
      <verbClass>Verb_MeleeAttackDamage</verbClass>
      <meleeDamageDef>EVOR_Damage_Shock</meleeDamageDef>
    </verb>
    <logEntryDef>MeleeAttack</logEntryDef>
    <combatLogRulesHit>Maneuver_Smash_MeleeHit</combatLogRulesHit>
    <combatLogRulesDeflect>Maneuver_Smash_MeleeDeflect</combatLogRulesDeflect>
    <combatLogRulesMiss>Maneuver_Smash_MeleeMiss</combatLogRulesMiss>
    <combatLogRulesDodge>Maneuver_Smash_MeleeDodge</combatLogRulesDodge>
  </ManeuverDef>
  -->

  
</Defs>
