<?xml version="1.0" encoding="utf-8"?>
<ModMetaData>
	<name>Do Your F****** Research</name>
	<author>Captain Muscles (Nathan Harbour)</author>
	<packageId>KB.PrioritizeResearch</packageId>
	<url>https://github.com/Khorbos/CM_Prioritize_Research</url>
	<supportedVersions>
		<li>1.2</li>
		<li>1.3</li>
		<li>1.4</li>
	</supportedVersions>
	<description>Allows the player to prioritize researching.</description>
	<modDependencies>
		<li>
			<packageId>brrainz.harmony</packageId>
			<displayName>Harmony</displayName>
			<steamWorkshopUrl>steam://url/CommunityFilePage/2009463077</steamWorkshopUrl>
			<downloadUrl>https://github.com/pardeike/HarmonyRimWorld/releases/latest</downloadUrl>
		</li>
	</modDependencies>

	<loadAfter>
		<li>Ludeon.RimWorld</li>
		<li>brrainz.harmony</li>
	</loadAfter>
</ModMetaData>