<?xml version="1.0" encoding="utf-8" ?>
<Defs>

  <ThingDef ParentName="EVOR_Item_Base_120protein2mechanites">
    <defName>EVOR_Item_Skull_Resonance</defName>
    <label>psychic resonance tissue</label>
    <description>By placing a layer of psychically sensitive tissue around the skull, the host becomes more attuned to psychic fields, allowing them to cast more powers before taking damage.</description>
    <descriptionHyperlinks><RecipeDef>EVOR_Surgery_Skull_Resonance</RecipeDef></descriptionHyperlinks>
  </ThingDef>


</Defs>