﻿<?xml version="1.0" encoding="utf-8" ?>
<Defs>

  <HediffDef>
    <defName>HoldingConversation</defName>
    <hediffClass>Psychology.Hediff_Conversation</hediffClass>
    <initialSeverity>1</initialSeverity>
	<description>Conversation</description>
    <label>conversation</label>
    <stages>
      <li>
        <label>hidden</label>
        <becomeVisible>false</becomeVisible>
      </li>
    </stages>
  </HediffDef>

  <HediffDef>
    <defName>Mayor</defName>
    <hediffClass>Psychology.Hediff_Mayor</hediffClass>
    <initialSeverity>1</initialSeverity>
	<description>Colony mayor</description>
    <label>mayor</label>
    <stages>
      <li>
        <label>hidden</label>
        <becomeVisible>false</becomeVisible>
      </li>
    </stages>
  </HediffDef>

  <HediffDef>
    <defName>PlannedDate</defName>
    <hediffClass>Psychology.Hediff_PlannedDate</hediffClass>
    <initialSeverity>1</initialSeverity>
	<description>Date planned</description>
    <label>date</label>
    <stages>
      <li>
        <label>hidden</label>
        <becomeVisible>false</becomeVisible>
      </li>
    </stages>
  </HediffDef>

  <HediffDef>
    <defName>PlannedFuneral</defName>
    <hediffClass>Psychology.Hediff_Funeral</hediffClass>
    <initialSeverity>1</initialSeverity>
	<description>Funneral planned</description>
    <label>planned funeral</label>
    <stages>
      <li>
        <label>hidden</label>
        <becomeVisible>false</becomeVisible>
      </li>
    </stages>
  </HediffDef>

</Defs>