<?xml version="1.0" encoding="utf-8"?>

<ModMetaData>
	<name>Healer Mech Serum Choice</name>
	<author>Syrus</author>
	<url></url>
	<supportedVersions>
		<li>1.3</li>
		<li>1.4</li>
	</supportedVersions>
	<packageId>Syrus.HMSChoice</packageId>
	<modDependencies>
		<li>
			<packageId>brrainz.harmony</packageId>
			<displayName>Harmony</displayName>
			<steamWorkshopUrl>steam://url/CommunityFilePage/2009463077</steamWorkshopUrl>
		</li>
	</modDependencies>
	<loadAfter>
		<li>brrainz.harmony</li>
	</loadAfter>
	<description>A mod that lets you choose which health condition to heal when using a Healer Mech Serum.</description>
</ModMetaData>