﻿<?xml version="1.0" encoding="utf-8" ?>
<Defs>

	<RecipeDef Abstract="True" Name="Treatment">
		<workSpeedStat>MedicalOperationSpeed</workSpeedStat>
		<workSkill>Medicine</workSkill>
		<workSkillLearnFactor>16</workSkillLearnFactor>
		<workAmount>4500</workAmount>
		<targetsBodyPart>true</targetsBodyPart>
		<hideBodyPartNames>true</hideBodyPartNames>
		<anesthetize>false</anesthetize>
		<skillRequirements>
			<Medicine>3</Medicine>
			<Social>6</Social>
		</skillRequirements>
	</RecipeDef>

	<RecipeDef ParentName="Treatment">
		<defName>TreatPyromania</defName>
		<label>treat pyromania</label>
		<description>Helps a pyromaniac recover.</description>
		<workerClass>Psychology.Recipe_TreatPyromaniac</workerClass>
		<jobString>Treating pyromaniac.</jobString>
	</RecipeDef>

	<RecipeDef ParentName="Treatment">
		<defName>TreatChemicalInterest</defName>
		<label>treat chemical interest</label>
		<description>Helps someone with a chemical interest stay drug-free.</description>
		<workerClass>Psychology.Recipe_TreatChemicalInterest</workerClass>
		<jobString>Treating chemical interest.</jobString>
	</RecipeDef>

	<RecipeDef ParentName="Treatment">
		<defName>TreatChemicalFascination</defName>
		<label>treat chemical fascination</label>
		<description>Helps someone with a chemical fascination stay drug-free.</description>
		<workerClass>Psychology.Recipe_TreatChemicalFascination</workerClass>
		<jobString>Treating chemical fascination.</jobString>
	</RecipeDef>

	<RecipeDef ParentName="Treatment">
		<defName>TreatDepression</defName>
		<label>treat depression</label>
		<description>Helps someone with depression manage their mood.</description>
		<workerClass>Psychology.Recipe_TreatDepression</workerClass>
		<jobString>Treating depression.</jobString>
	</RecipeDef>

	<RecipeDef ParentName="Treatment">
		<defName>TreatInsomnia</defName>
		<label>treat insomnia</label>
		<description>Helps someone with insomnia sleep more soundly.</description>
		<workerClass>Psychology.Recipe_TreatInsomnia</workerClass>
		<jobString>Treating insomnia.</jobString>
	</RecipeDef>

	<RecipeDef>
		<defName>CureAnxiety</defName>
		<label>cure anxiety</label>
		<description>Permanently removes anxiety through the power of glitterworld therapy.</description>
		<workerClass>Psychology.Recipe_CureAnxiety</workerClass>
		<jobString>Curing anxiety.</jobString>
		<workSpeedStat>MedicalOperationSpeed</workSpeedStat>
		<workSkill>Medicine</workSkill>
		<workSkillLearnFactor>16</workSkillLearnFactor>
		<workAmount>7000</workAmount>
		<targetsBodyPart>true</targetsBodyPart>
		<hideBodyPartNames>true</hideBodyPartNames>
		<anesthetize>false</anesthetize>
		<skillRequirements>
			<Medicine>15</Medicine>
		</skillRequirements>
		<ingredients>
		  <li>
			<filter>
			  <thingDefs>
				<li>MedicineUltratech</li>
			  </thingDefs>
			</filter>
			<count>3</count>
		  </li>
		</ingredients>
	</RecipeDef>
  	
</Defs>