<?xml version="1.0" encoding="utf-8"?>
<ModMetaData>
  <packageId>rwmt.MultiplayerCompatibility</packageId>
  <name>Multiplayer Compatibility</name>
  <author>notfood</author>
  <supportedVersions>
    <li>1.4</li>
  </supportedVersions>
  <description>Miscellaneous patches to make Multiplayer work
    Mod Support:
    - [KV] RimFridge
    - [KV] Path Avoid
    - [O21] Clutter Structures
    - Alpha Animals
    - Alpha Biomes
    - Animals Logic
    - Avoid Friendly Fire
    - Choice of Psycasts
    - Cleaning Area
    - Common Sense
    - Corruption Core
    - Corruption Psykers
    - Corruption - Worship
    - Cut Plants Before Building
    - Desynchronized: Tales and News (Continued)
    - Dragon's Descent
    - Fertile Fields
    - Gastronomy
    - Genetic Rim
    - Immortals
    - LWM's Deep Storage
    - MinifyEverything
    - Misc. Robots
    - Misc. Training
    - Netrve's DeepStorage GUI
    - Pocket Sand
    - PowerSwitch
    - Prison Labor
    - QualityBuilder
    - Reunion
    - RunAndGun
    - RPG Style Inventory Revamped
    - Sandy's RPG Style Inventory
    - Simple Sidearms
    - Simply More Bridges (Continued)
    - Smarter Construction
    - Sparkling Worlds - Full Mod
    - Sparkling Worlds - Modular Core - Reduced features
    - SRTS Expanded
    - Stuffed Floors
    - Time-of-Day Switches
    - Vanilla Achievements Expanded
    - Vanilla Animals Expanded — Endangered
    - Vanilla Brewing Expanded
    - Vanilla Cooking Expanded
    - Vanilla Events Expanded
    - Vanilla Expanded Framework
    - Vanilla Factions Expanded - Insectoids
    - Vanilla Factions Expanded - Mechanoids
    - Vanilla Factions Expanded - Medieval
    - Vanilla Factions Expanded - Settlers
    - Vanilla Factions Expanded - Vikings
    - Vanilla Fishing Expanded
    - Vanilla Furniture Expanded - Farming
    - Vanilla Furniture Expanded - Power
    - Vanilla Furniture Expanded - Security
    - Vanilla Hair Expanded
    - Vanilla Plants Expanded - Auto Plow Patch
    - Vanilla Social Interactions Expanded
    - Vanilla Traits Expanded (Partial Support)
    - Vanilla Weapons Expanded - Laser
    - What the hack?!
  </description>
  <modDependencies>
    <li>
      <packageId>rwmt.Multiplayer</packageId>
      <displayName>Multiplayer</displayName>
      <downloadUrl>https://github.com/rwmt/Multiplayer/releases</downloadUrl>
      <steamWorkshopUrl>steam://url/CommunityFilePage/1752864297</steamWorkshopUrl>
    </li>
  </modDependencies>
  <loadAfter>
    <li>rwmt.Multiplayer</li>
  </loadAfter>
  <loadBefore>
    <li>UnlimitedHugs.HugsLib</li>
  </loadBefore>
</ModMetaData>
