<?xml version="1.0" encoding="utf-8" ?>
<Defs>

	<!-- eye of the void -->
	<ThingDef ParentName="EVOR_Item_Base_90protein1mechanites">
		<defName>EVOR_Item_Eye_EyeOfTheVoid</defName>
		<label>&lt;color=#00FFF7&gt;eye of the void&lt;/color&gt;</label>
		<description>Eyes with extra wide pupils. While this improves sight in the dark, the user still prefers the light of the day.</description>
		<descriptionHyperlinks>
			<RecipeDef>EVOR_SurgeryInstall_Eye_EyeOfTheVoid</RecipeDef>
			<HediffDef>EVOR_Hediff_Eye_EyeOfTheVoid</HediffDef>
		</descriptionHyperlinks>
		<recipeMaker>
			<researchPrerequisite>EVOR_Research_Organs2</researchPrerequisite>
		</recipeMaker>
	</ThingDef>
	<HediffDef ParentName="EVOR_Hediff_BodyPartBase">
		<defName>EVOR_Hediff_Eye_EyeOfTheVoid</defName>
		<label>&lt;color=#00FFF7&gt;eye of the void&lt;/color&gt;</label>
		<labelNoun>eye of the void</labelNoun>
		<addedPartProps><partEfficiency>1.5</partEfficiency></addedPartProps>
		<spawnThingOnRemoved>EVOR_Item_Eye_EyeOfTheVoid</spawnThingOnRemoved>
		<stages>
			<li>
				<statOffsets>
					<ShootingAccuracyOutdoorsDarkOffset>0.02</ShootingAccuracyOutdoorsDarkOffset>
					<ShootingAccuracyIndoorsDarkOffset>0.02</ShootingAccuracyIndoorsDarkOffset>
					<MeleeHitChanceOutdoorsDarkOffset>0.02</MeleeHitChanceOutdoorsDarkOffset>
					<MeleeHitChanceIndoorsDarkOffset>0.02</MeleeHitChanceIndoorsDarkOffset>
					<MeleeDodgeChanceOutdoorsDarkOffset>0.02</MeleeDodgeChanceOutdoorsDarkOffset>
					<MeleeDodgeChanceIndoorsDarkOffset>0.02</MeleeDodgeChanceIndoorsDarkOffset>
				</statOffsets>
			</li>
		</stages>
		<comps></comps>
		<description>Eyes with extra wide pupils. While this improves sight in the dark, the user still prefers the light of the day.</description>
    	<descriptionHyperlinks>
			<ThingDef>EVOR_Item_Eye_EyeOfTheVoid</ThingDef>
			<RecipeDef>EVOR_SurgeryInstall_Eye_EyeOfTheVoid</RecipeDef>
		</descriptionHyperlinks>
	</HediffDef>
	<RecipeDef ParentName="EVOR_SurgeryInstallBodyPartArtificialBase">
		<defName>EVOR_SurgeryInstall_Eye_EyeOfTheVoid</defName>
		<appliedOnFixedBodyParts><li>Eye</li></appliedOnFixedBodyParts>
		<label>&lt;color=#00FFF7&gt;implant eye of the void&lt;/color&gt;</label>
		<description>Implant eye of the void.</description>
		<jobString>Implanting eye of the void.</jobString>
		<skillRequirements><Medicine>13</Medicine></skillRequirements>
		<ingredients><li><filter><thingDefs><li>EVOR_Item_Eye_EyeOfTheVoid</li></thingDefs></filter></li></ingredients>
		<fixedIngredientFilter><thingDefs><li>EVOR_Item_Eye_EyeOfTheVoid</li></thingDefs></fixedIngredientFilter>
		<addsHediff>EVOR_Hediff_Eye_EyeOfTheVoid</addsHediff>
		<descriptionHyperlinks><ThingDef>EVOR_Item_Eye_EyeOfTheVoid</ThingDef><HediffDef>EVOR_Hediff_Eye_EyeOfTheVoid</HediffDef></descriptionHyperlinks>
	</RecipeDef>
	<RecipeDef ParentName="SurgeryRemoveImplantBase">
		<defName>EVOR_SurgeryRemove_Eye_EyeOfTheVoid</defName>
		<label>&lt;color=#00FFF7&gt;remove eye of the void&lt;/color&gt;</label>
		<description>Remove eye of the void.</description>
		<jobString>Removing eye of the void.</jobString>
		<descriptionHyperlinks>
			<ThingDef>EVOR_Item_Eye_EyeOfTheVoid</ThingDef>
			<HediffDef>EVOR_Hediff_Eye_EyeOfTheVoid</HediffDef>
		</descriptionHyperlinks>
		<removesHediff>EVOR_Hediff_Eye_EyeOfTheVoid</removesHediff>
	</RecipeDef>

</Defs>