<loadFolders>
	
	<v1.2>
		<li>/</li>
		<li>1.2</li>
		<li IfModActive="tachyonite.pawnmorpherpublic">1.2/Pawnmorpher</li>	
		<li IfModActive="tachyonite.pawnmorpherpublic_copy">1.2/Pawnmorpher</li>
		<li IfModActive="tachyonite.pawnmorpher">1.2/Pawnmorpher</li>	
		<li IfModActive="tachyonite.pawnmorpher_copy">1.2/Pawnmorpher</li>
	</v1.2>
	<v1.3>
		<li>/</li>
		<li>1.3</li>
		<li IfModActive="tachyonite.pawnmorpherpublic">1.3/Mods/Pawnmorpher</li>	
		<li IfModActive="tachyonite.pawnmorpherpublic_copy">1.3/Mods/Pawnmorpher</li>
		<li IfModActive="tachyonite.pawnmorpher">1.3/Mods/Pawnmorpher</li>	
		<li IfModActive="tachyonite.pawnmorpher_copy">1.3/Mods/Pawnmorpher</li>
		<li IfModActive="vanillaexpanded.achievements">1.3/Mods/VanillaAchievementsExpanded</li>	
		<li IfModActive="vanillaexpanded.achievements_copy">1.3/Mods/VanillaAchievementsExpanded</li>
		<li IfModActive="spoonshortage.ADogSaidAnimalProsthetics">1.3/Mods/ADogSaid</li>	
		<li IfModActive="spoonshortage.ADogSaidAnimalProsthetics_copy">1.3/Mods/ADogSaid</li>
		<li IfModActive="Ludeon.RimWorld.Ideology">1.3/Mods/Ideology</li>	
		<li IfModActive="VanillaExpanded.VPsycastsE">1.3/Mods/VanillaPsycastsExpanded</li>	
		<li IfModActive="VanillaExpanded.VPsycastsE_copy">1.3/Mods/VanillaPsycastsExpanded</li>
	</v1.3>
	<v1.4>
		<li>/</li>
		<li>1.4</li>
		<li IfModActive="tachyonite.pawnmorpherpublic">1.4/Mods/Pawnmorpher</li>	
		<li IfModActive="tachyonite.pawnmorpherpublic_copy">1.4/Mods/Pawnmorpher</li>
		<li IfModActive="tachyonite.pawnmorpher">1.4/Mods/Pawnmorpher</li>	
		<li IfModActive="tachyonite.pawnmorpher_copy">1.4/Mods/Pawnmorpher</li>
		<li IfModActive="vanillaexpanded.achievements">1.4/Mods/VanillaAchievementsExpanded</li>	
		<li IfModActive="vanillaexpanded.achievements_copy">1.4/Mods/VanillaAchievementsExpanded</li>
		<li IfModActive="spoonshortage.ADogSaidAnimalProsthetics">1.4/Mods/ADogSaid</li>	
		<li IfModActive="spoonshortage.ADogSaidAnimalProsthetics_copy">1.4/Mods/ADogSaid</li>
		<li IfModActive="Ludeon.RimWorld.Ideology">1.4/Mods/Ideology</li>	
		<li IfModActive="VanillaExpanded.VPsycastsE">1.4/Mods/VanillaPsycastsExpanded</li>	
		<li IfModActive="VanillaExpanded.VPsycastsE_copy">1.4/Mods/VanillaPsycastsExpanded</li>
	</v1.4>
</loadFolders>


