<?xml version="1.0" encoding="utf-8" ?>
<Defs>

	<!-- feathered wings -->
	<ThingDef ParentName="EVOR_Item_Base_170protein4mechanites">
		<defName>EVOR_Item_Back_FeatheredWings</defName>
		<label>&lt;color=#00FFF7&gt;feathered wings&lt;/color&gt;</label>
		<description>These wings are small but powerful enough to keep the user afloat.</description>
		<descriptionHyperlinks>
			<RecipeDef>EVOR_SurgeryInstall_Back_FeatheredWings</RecipeDef>
			<HediffDef>EVOR_Hediff_Back_FeatheredWings</HediffDef>
		</descriptionHyperlinks>
		<recipeMaker>
			<researchPrerequisite>EVOR_Research_Limbs3</researchPrerequisite>
		</recipeMaker>
	</ThingDef>
	<HediffDef ParentName="EVOR_Hediff_BodyPartBase">
		<defName>EVOR_Hediff_Back_FeatheredWings</defName>
		<label>&lt;color=#00FFF7&gt;feathered wings&lt;/color&gt;</label>
		<labelNoun>feathered wings</labelNoun>
		<spawnThingOnRemoved>EVOR_Item_Back_FeatheredWings</spawnThingOnRemoved>
		<comps></comps>
		<stages>
			<li>
				<capMods>
					<li>
						<capacity>Moving</capacity>
						<offset>0.6</offset>
					</li>
				</capMods>
			</li>
		</stages>
		<description>These wings are small but powerful enough to keep the user afloat.</description>
    	<descriptionHyperlinks>
			<ThingDef>EVOR_Item_Back_FeatheredWings</ThingDef>
			<RecipeDef>EVOR_SurgeryInstall_Back_FeatheredWings</RecipeDef>
		</descriptionHyperlinks>
	</HediffDef>
	<RecipeDef ParentName="EVOR_SurgeryInstallBodyPartArtificialBase">
		<defName>EVOR_SurgeryInstall_Back_FeatheredWings</defName>
		<label>&lt;color=#00FFF7&gt;implant feathered wings&lt;/color&gt;</label>
		<description>Implant feathered wings.</description>
		<jobString>Implanting feathered wings.</jobString>
		<skillRequirements><Medicine>13</Medicine></skillRequirements>
		<ingredients><li><filter><thingDefs><li>EVOR_Item_Back_FeatheredWings</li></thingDefs></filter></li></ingredients>
		<fixedIngredientFilter><thingDefs><li>EVOR_Item_Back_FeatheredWings</li></thingDefs></fixedIngredientFilter>
		<addsHediff>EVOR_Hediff_Back_FeatheredWings</addsHediff>
		<descriptionHyperlinks><ThingDef>EVOR_Item_Back_FeatheredWings</ThingDef><HediffDef>EVOR_Hediff_Back_FeatheredWings</HediffDef></descriptionHyperlinks>
	</RecipeDef>
	<RecipeDef ParentName="EVOR_SurgeryRemoveImplantBase">
		<defName>EVOR_SurgeryRemove_Back_FeatheredWings</defName>
		<label>&lt;color=#00FFF7&gt;remove feathered wings&lt;/color&gt;</label>
		<description>Remove feathered wings.</description>
		<jobString>Removing feathered wings.</jobString>
		<descriptionHyperlinks>
			<ThingDef>EVOR_Item_Back_FeatheredWings</ThingDef>
			<HediffDef>EVOR_Hediff_Back_FeatheredWings</HediffDef>
		</descriptionHyperlinks>
		<removesHediff>EVOR_Hediff_Back_FeatheredWings</removesHediff>
	</RecipeDef>

	<!-- leathery wings -->
	<ThingDef ParentName="EVOR_Item_Base_300protein6mechanites">
		<defName>EVOR_Item_Back_LeatheryWings</defName>
		<label>&lt;color=#00FFF7&gt;leathery wings&lt;/color&gt;</label>
		<description>Leathery wings the user can protect themselves with.</description>
		<descriptionHyperlinks>
			<RecipeDef>EVOR_SurgeryInstall_Back_LeatheryWings</RecipeDef>
			<HediffDef>EVOR_Hediff_Back_LeatheryWings</HediffDef>
		</descriptionHyperlinks>
		<recipeMaker>
			<researchPrerequisite>EVOR_Research_Limbs3</researchPrerequisite>
		</recipeMaker>
	</ThingDef>
	<HediffDef ParentName="EVOR_Hediff_BodyPartBase">
		<defName>EVOR_Hediff_Back_LeatheryWings</defName>
		<label>&lt;color=#00FFF7&gt;leathery wings&lt;/color&gt;</label>
		<labelNoun>leathery wings</labelNoun>
		<addedPartProps><partEfficiency>1.5</partEfficiency></addedPartProps>
		<spawnThingOnRemoved>EVOR_Item_Back_LeatheryWings</spawnThingOnRemoved>
		<comps></comps>
		<stages>
			<li>
				<statFactors>
					<IncomingDamageFactor>0.95</IncomingDamageFactor>
				</statFactors>
			</li>
		</stages>
		<description>Leathery wings the user can protect themselves with.</description>
    	<descriptionHyperlinks>
			<ThingDef>EVOR_Item_Back_LeatheryWings</ThingDef>
			<RecipeDef>EVOR_SurgeryInstall_Back_LeatheryWings</RecipeDef>
		</descriptionHyperlinks>
	</HediffDef>
	<RecipeDef ParentName="EVOR_SurgeryInstallBodyPartArtificialBase">
		<defName>EVOR_SurgeryInstall_Back_LeatheryWings</defName>
		<label>&lt;color=#00FFF7&gt;implant leathery wings&lt;/color&gt;</label>
		<description>Implant leathery wings.</description>
		<jobString>Implanting leathery wings.</jobString>
		<skillRequirements><Medicine>13</Medicine></skillRequirements>
		<ingredients><li><filter><thingDefs><li>EVOR_Item_Back_LeatheryWings</li></thingDefs></filter></li></ingredients>
		<fixedIngredientFilter><thingDefs><li>EVOR_Item_Back_LeatheryWings</li></thingDefs></fixedIngredientFilter>
		<addsHediff>EVOR_Hediff_Back_LeatheryWings</addsHediff>
		<descriptionHyperlinks><ThingDef>EVOR_Item_Back_LeatheryWings</ThingDef><HediffDef>EVOR_Hediff_Back_LeatheryWings</HediffDef></descriptionHyperlinks>
	</RecipeDef>
	<RecipeDef ParentName="EVOR_SurgeryRemoveImplantBase">
		<defName>EVOR_SurgeryRemove_Back_LeatheryWings</defName>
		<label>&lt;color=#00FFF7&gt;remove leathery wings&lt;/color&gt;</label>
		<description>Remove leathery wings.</description>
		<jobString>Removing leathery wings.</jobString>
		<descriptionHyperlinks>
			<ThingDef>EVOR_Item_Back_LeatheryWings</ThingDef>
			<HediffDef>EVOR_Hediff_Back_LeatheryWings</HediffDef>
		</descriptionHyperlinks>
		<removesHediff>EVOR_Hediff_Back_LeatheryWings</removesHediff>
	</RecipeDef>
	
	<!-- tentacle cluster -->
	<ThingDef ParentName="EVOR_Item_Base_170protein4mechanites">
		<defName>EVOR_Item_Back_TentacleCluster</defName>
		<label>&lt;color=#00FFF7&gt;tentacle cluster&lt;/color&gt;</label>
		<description>These protruding tentacles can be used to help in daily life.</description>
		<descriptionHyperlinks>
			<RecipeDef>EVOR_SurgeryInstall_Back_TentacleCluster</RecipeDef>
			<HediffDef>EVOR_Hediff_Back_TentacleCluster</HediffDef>
		</descriptionHyperlinks>
		<recipeMaker>
			<researchPrerequisite>EVOR_Research_Limbs3</researchPrerequisite>
		</recipeMaker>
	</ThingDef>
	<HediffDef ParentName="EVOR_Hediff_BodyPartBase">
		<defName>EVOR_Hediff_Back_TentacleCluster</defName>
		<label>&lt;color=#00FFF7&gt;tentacle cluster&lt;/color&gt;</label>
		<labelNoun>tentacle cluster</labelNoun>
		<spawnThingOnRemoved>EVOR_Item_Back_TentacleCluster</spawnThingOnRemoved>
		<comps></comps>
		<stages>
			<li>
				<capMods>
					<li>
						<capacity>Manipulation</capacity>
						<offset>0.25</offset>
					</li>
				</capMods>
			</li>
		</stages>
		<description>These protruding tentacles can be used to help in daily life.</description>
    	<descriptionHyperlinks>
			<ThingDef>EVOR_Item_Back_TentacleCluster</ThingDef>
			<RecipeDef>EVOR_SurgeryInstall_Back_TentacleCluster</RecipeDef>
		</descriptionHyperlinks>
	</HediffDef>
	<RecipeDef ParentName="EVOR_SurgeryInstallBodyPartArtificialBase">
		<defName>EVOR_SurgeryInstall_Back_TentacleCluster</defName>
		<label>&lt;color=#00FFF7&gt;implant tentacle cluster&lt;/color&gt;</label>
		<description>Implant tentacle cluster.</description>
		<jobString>Implanting tentacle cluster.</jobString>
		<skillRequirements><Medicine>13</Medicine></skillRequirements>
		<ingredients><li><filter><thingDefs><li>EVOR_Item_Back_TentacleCluster</li></thingDefs></filter></li></ingredients>
		<fixedIngredientFilter><thingDefs><li>EVOR_Item_Back_TentacleCluster</li></thingDefs></fixedIngredientFilter>
		<addsHediff>EVOR_Hediff_Back_TentacleCluster</addsHediff>
		<descriptionHyperlinks><ThingDef>EVOR_Item_Back_TentacleCluster</ThingDef><HediffDef>EVOR_Hediff_Back_TentacleCluster</HediffDef></descriptionHyperlinks>
	</RecipeDef>
	<RecipeDef ParentName="EVOR_SurgeryRemoveImplantBase">
		<defName>EVOR_SurgeryRemove_Back_TentacleCluster</defName>
		<label>&lt;color=#00FFF7&gt;remove tentacle cluster&lt;/color&gt;</label>
		<description>Remove tentacle cluster.</description>
		<jobString>Removing tentacle cluster.</jobString>
		<descriptionHyperlinks>
			<ThingDef>EVOR_Item_Back_TentacleCluster</ThingDef>
			<HediffDef>EVOR_Hediff_Back_TentacleCluster</HediffDef>
		</descriptionHyperlinks>
		<removesHediff>EVOR_Hediff_Back_TentacleCluster</removesHediff>
	</RecipeDef>
	
	<!-- musculature braces-->
	<ThingDef ParentName="EVOR_Item_Base_170protein4mechanites">
		<defName>EVOR_Item_Back_MusculatureBraces</defName>
		<label>&lt;color=#00FFF7&gt;musculature braces&lt;/color&gt;</label>
		<description>Adding additional bands of muscle and strentghened bone to attach them to allows the user to carry more and hit harder.</description>
		<descriptionHyperlinks>
			<RecipeDef>EVOR_SurgeryInstall_Back_MusculatureBraces</RecipeDef>
			<HediffDef>EVOR_Hediff_Back_MusculatureBraces</HediffDef>
		</descriptionHyperlinks>
		<recipeMaker>
			<researchPrerequisite>EVOR_Research_Limbs3</researchPrerequisite>
		</recipeMaker>
	</ThingDef>
	<HediffDef ParentName="EVOR_Hediff_BodyPartBase">
		<defName>EVOR_Hediff_Back_MusculatureBraces</defName>
		<label>&lt;color=#00FFF7&gt;musculature braces&lt;/color&gt;</label>
		<labelNoun>musculature braces</labelNoun>
		<spawnThingOnRemoved>EVOR_Item_Back_MusculatureBraces</spawnThingOnRemoved>
		<comps></comps>
		<stages>
			<li>
                <statOffsets>
                    <CarryingCapacity>5</CarryingCapacity>
					<MeleeWeapon_DamageMultiplier>0.1</MeleeWeapon_DamageMultiplier>
                </statOffsets>		
            </li>	
		</stages>
		<description>Adding additional bands of muscle and strentghened bone to attach them to allows the user to carry more and hit harder.</description>
    	<descriptionHyperlinks>
			<ThingDef>EVOR_Item_Back_MusculatureBraces</ThingDef>
			<RecipeDef>EVOR_SurgeryInstall_Back_MusculatureBraces</RecipeDef>
		</descriptionHyperlinks>
	</HediffDef>
	<RecipeDef ParentName="EVOR_SurgeryInstallBodyPartArtificialBase">
		<defName>EVOR_SurgeryInstall_Back_MusculatureBraces</defName>
		<label>&lt;color=#00FFF7&gt;implant musculature braces&lt;/color&gt;</label>
		<description>Implant musculature braces.</description>
		<jobString>Implanting musculature braces.</jobString>
		<skillRequirements><Medicine>13</Medicine></skillRequirements>
		<ingredients><li><filter><thingDefs><li>EVOR_Item_Back_MusculatureBraces</li></thingDefs></filter></li></ingredients>
		<fixedIngredientFilter><thingDefs><li>EVOR_Item_Back_MusculatureBraces</li></thingDefs></fixedIngredientFilter>
		<addsHediff>EVOR_Hediff_Back_MusculatureBraces</addsHediff>
		<descriptionHyperlinks><ThingDef>EVOR_Item_Back_MusculatureBraces</ThingDef><HediffDef>EVOR_Hediff_Back_MusculatureBraces</HediffDef></descriptionHyperlinks>
	</RecipeDef>
	<RecipeDef ParentName="EVOR_SurgeryRemoveImplantBase">
		<defName>EVOR_SurgeryRemove_Back_MusculatureBraces</defName>
		<label>&lt;color=#00FFF7&gt;remove musculature braces&lt;/color&gt;</label>
		<description>Remove musculature braces.</description>
		<jobString>Removing musculature braces.</jobString>
		<descriptionHyperlinks>
			<ThingDef>EVOR_Item_Back_MusculatureBraces</ThingDef>
			<HediffDef>EVOR_Hediff_Back_MusculatureBraces</HediffDef>
		</descriptionHyperlinks>
		<removesHediff>EVOR_Hediff_Back_MusculatureBraces</removesHediff>
	</RecipeDef>

	<!-- pelt growth -->
	<ThingDef ParentName="EVOR_Item_Base_170protein4mechanites">
		<defName>EVOR_Item_Back_PeltGrowth</defName>
		<label>&lt;color=#00FFF7&gt;pelt growth&lt;/color&gt;</label>
		<description>A patch of pelt that warms the user.</description>
		<descriptionHyperlinks>
			<RecipeDef>EVOR_SurgeryInstall_Back_PeltGrowth</RecipeDef>
			<HediffDef>EVOR_Hediff_Back_PeltGrowth</HediffDef>
		</descriptionHyperlinks>
		<recipeMaker>
			<researchPrerequisite>EVOR_Research_Limbs3</researchPrerequisite>
		</recipeMaker>
	</ThingDef>
	<HediffDef ParentName="EVOR_Hediff_BodyPartBase">
		<defName>EVOR_Hediff_Back_PeltGrowth</defName>
		<label>&lt;color=#00FFF7&gt;pelt growth&lt;/color&gt;</label>
		<labelNoun>pelt growth</labelNoun>
		<spawnThingOnRemoved>EVOR_Item_Back_PeltGrowth</spawnThingOnRemoved>
		<comps></comps>
		<stages>
			<li>
				<statOffsets>
                    <ComfyTemperatureMin>-10</ComfyTemperatureMin>
                    <ComfyTemperatureMax>-10</ComfyTemperatureMax>
				</statOffsets>
			</li>
		</stages>
		<description>A patch of pelt that warms the user.</description>
    	<descriptionHyperlinks>
			<ThingDef>EVOR_Item_Back_PeltGrowth</ThingDef>
			<RecipeDef>EVOR_SurgeryInstall_Back_PeltGrowth</RecipeDef>
		</descriptionHyperlinks>
	</HediffDef>
	<RecipeDef ParentName="EVOR_SurgeryInstallBodyPartArtificialBase">
		<defName>EVOR_SurgeryInstall_Back_PeltGrowth</defName>
		<label>&lt;color=#00FFF7&gt;implant pelt growth&lt;/color&gt;</label>
		<description>Implant pelt growth.</description>
		<jobString>Implanting pelt growth.</jobString>
		<skillRequirements><Medicine>13</Medicine></skillRequirements>
		<ingredients><li><filter><thingDefs><li>EVOR_Item_Back_PeltGrowth</li></thingDefs></filter></li></ingredients>
		<fixedIngredientFilter><thingDefs><li>EVOR_Item_Back_PeltGrowth</li></thingDefs></fixedIngredientFilter>
		<addsHediff>EVOR_Hediff_Back_PeltGrowth</addsHediff>
		<descriptionHyperlinks><ThingDef>EVOR_Item_Back_PeltGrowth</ThingDef><HediffDef>EVOR_Hediff_Back_PeltGrowth</HediffDef></descriptionHyperlinks>
	</RecipeDef>
	<RecipeDef ParentName="EVOR_SurgeryRemoveImplantBase">
		<defName>EVOR_SurgeryRemove_Back_PeltGrowth</defName>
		<label>&lt;color=#00FFF7&gt;remove pelt growth&lt;/color&gt;</label>
		<description>Remove pelt growth.</description>
		<jobString>Removing pelt growth.</jobString>
		<descriptionHyperlinks>
			<ThingDef>EVOR_Item_Back_PeltGrowth</ThingDef>
			<HediffDef>EVOR_Hediff_Back_PeltGrowth</HediffDef>
		</descriptionHyperlinks>
		<removesHediff>EVOR_Hediff_Back_PeltGrowth</removesHediff>
	</RecipeDef>

	<!-- water filled growth -->
	<ThingDef ParentName="EVOR_Item_Base_170protein4mechanites">
		<defName>EVOR_Item_Back_WaterFilledGrowth</defName>
		<label>&lt;color=#00FFF7&gt;water filled growth&lt;/color&gt;</label>
		<description>A growth filled with water that chills the user.</description>
		<descriptionHyperlinks>
			<RecipeDef>EVOR_SurgeryInstall_Back_WaterFilledGrowth</RecipeDef>
			<HediffDef>EVOR_Hediff_Back_WaterFilledGrowth</HediffDef>
		</descriptionHyperlinks>
		<recipeMaker>
			<researchPrerequisite>EVOR_Research_Limbs3</researchPrerequisite>
		</recipeMaker>
	</ThingDef>
	<HediffDef ParentName="EVOR_Hediff_BodyPartBase">
		<defName>EVOR_Hediff_Back_WaterFilledGrowth</defName>
		<label>&lt;color=#00FFF7&gt;water filled growth&lt;/color&gt;</label>
		<labelNoun>water filled growth</labelNoun>
		<spawnThingOnRemoved>EVOR_Item_Back_WaterFilledGrowth</spawnThingOnRemoved>
		<comps></comps>
		<stages>
			<li>
				<statOffsets>
                    <ComfyTemperatureMin>10</ComfyTemperatureMin>
                    <ComfyTemperatureMax>10</ComfyTemperatureMax>
				</statOffsets>
			</li>
		</stages>
		<description>A growth filled with water that chills the user.</description>
    	<descriptionHyperlinks>
			<ThingDef>EVOR_Item_Back_WaterFilledGrowth</ThingDef>
			<RecipeDef>EVOR_SurgeryInstall_Back_WaterFilledGrowth</RecipeDef>
		</descriptionHyperlinks>
	</HediffDef>
	<RecipeDef ParentName="EVOR_SurgeryInstallBodyPartArtificialBase">
		<defName>EVOR_SurgeryInstall_Back_WaterFilledGrowth</defName>
		<label>&lt;color=#00FFF7&gt;implant water filled growth&lt;/color&gt;</label>
		<description>Implant water filled growth.</description>
		<jobString>Implanting water filled growth.</jobString>
		<skillRequirements><Medicine>13</Medicine></skillRequirements>
		<ingredients><li><filter><thingDefs><li>EVOR_Item_Back_WaterFilledGrowth</li></thingDefs></filter></li></ingredients>
		<fixedIngredientFilter><thingDefs><li>EVOR_Item_Back_WaterFilledGrowth</li></thingDefs></fixedIngredientFilter>
		<addsHediff>EVOR_Hediff_Back_WaterFilledGrowth</addsHediff>
		<descriptionHyperlinks><ThingDef>EVOR_Item_Back_WaterFilledGrowth</ThingDef><HediffDef>EVOR_Hediff_Back_WaterFilledGrowth</HediffDef></descriptionHyperlinks>
	</RecipeDef>
	<RecipeDef ParentName="EVOR_SurgeryRemoveImplantBase">
		<defName>EVOR_SurgeryRemove_Back_WaterFilledGrowth</defName>
		<label>&lt;color=#00FFF7&gt;remove water filled growth&lt;/color&gt;</label>
		<description>Remove water filled growth.</description>
		<jobString>Removing water filled growth.</jobString>
		<descriptionHyperlinks>
			<ThingDef>EVOR_Item_Back_WaterFilledGrowth</ThingDef>
			<HediffDef>EVOR_Hediff_Back_WaterFilledGrowth</HediffDef>
		</descriptionHyperlinks>
		<removesHediff>EVOR_Hediff_Back_WaterFilledGrowth</removesHediff>
	</RecipeDef>
</Defs>