<?xml version="1.0" encoding="utf-8" ?>
<Defs>
  <ResearchTabDef>
    <defName>EVOR_EvolvedOrgansResearchTab</defName>
    <label>Evolved Organs</label>
  </ResearchTabDef>

	<!-- Raw Protein Extraction -->
  <ResearchProjectDef>
    <defName>EVOR_Research_Start1</defName>
    <!--Unlocks the way to make protein sludge-->
    <tab>EVOR_EvolvedOrgansResearchTab</tab>
    <label>Raw Protein Extraction</label>
    <description>With the increased knowledge of biology it is now possible to extract the raw building blocks out of already differentiated matter with the help of a Biofuel Refinery.</description>
    <baseCost>2000</baseCost>
    <techLevel>Spacer</techLevel>
    <prerequisites>
      <li>Fabrication</li>
      <li>VitalsMonitor</li>
      <li>Bionics</li>
      <li>BiofuelRefining</li>
    </prerequisites>
    <requiredResearchBuilding>HiTechResearchBench</requiredResearchBuilding>
    <requiredResearchFacilities>
      <li>MultiAnalyzer</li>
    </requiredResearchFacilities>
    <researchViewX>0</researchViewX>
    <researchViewY>0</researchViewY>
  </ResearchProjectDef>
	<!-- Nano-Scale Cellular Engineering -->
  <ResearchProjectDef>
    <defName>EVOR_Research_Start2</defName>
    <!--Unlocks the way to make mechanite cells-->
    <tab>EVOR_EvolvedOrgansResearchTab</tab>
    <label>Nano-Scale Cellular Engineering</label>
    <description>By combining the knowledge of biology and bionics, it is now possible to engineer nanites that can mold raw biological materials into cells of our choosing with the help of a Machining Table.</description>
    <baseCost>2000</baseCost>
    <techLevel>Spacer</techLevel>
    <prerequisites>
      <li>Machining</li>
      <li>EVOR_Research_Start1</li>
    </prerequisites>
    <requiredResearchBuilding>HiTechResearchBench</requiredResearchBuilding>
    <requiredResearchFacilities>
      <li>MultiAnalyzer</li>
    </requiredResearchFacilities>
    <researchViewX>1</researchViewX>
    <researchViewY>0</researchViewY>
  </ResearchProjectDef>
	<!-- Bio-Mechanical Tissue Application -->
  <ResearchProjectDef>
    <defName>EVOR_Research_Start3</defName>
    <!--Unlocks the crafting benches and stuff-->
    <tab>EVOR_EvolvedOrgansResearchTab</tab>
    <label>Bio-Mechanical Tissue Application</label>
    <description>Through the selective process of germinating and stimulating stem cells at the nano-scale with mechanites, it is possible to create simple biological frameworks.</description>
    <baseCost>2000</baseCost>
    <techLevel>Spacer</techLevel>
    <prerequisites>
      <li>EVOR_Research_Start2</li>
    </prerequisites>
    <requiredResearchBuilding>HiTechResearchBench</requiredResearchBuilding>
    <requiredResearchFacilities>
      <li>MultiAnalyzer</li>
    </requiredResearchFacilities>
    <researchViewX>2</researchViewX>
    <researchViewY>0</researchViewY>
  </ResearchProjectDef>
	<!-- Basic Organ Application -->
  <ResearchProjectDef>
    <defName>EVOR_Research_Organs1</defName>
    <!--Unlocks normal pre-existing organs, primary ones-->
    <tab>EVOR_EvolvedOrgansResearchTab</tab>
    <label>Basic Organ Application</label>
    <description>The continued understanding of stem cells and mechanite integration has allowed the development of advanced cellular structures which can be utilized to create advanced internal organs.</description>
    <baseCost>2000</baseCost>
    <techLevel>Spacer</techLevel>
    <prerequisites>
      <li>EVOR_Research_Start3</li>
    </prerequisites>
    <requiredResearchBuilding>HiTechResearchBench</requiredResearchBuilding>
    <requiredResearchFacilities>
      <li>MultiAnalyzer</li>
    </requiredResearchFacilities>
    <researchViewX>3</researchViewX>
    <researchViewY>0</researchViewY>
  </ResearchProjectDef>
	<!-- Complex Organ Application -->
  <ResearchProjectDef>
    <defName>EVOR_Research_Organs2</defName>
    <!--Unlocks normal pre-existing organs, secondary ones like eyes and ears, reproductive, etc-->
    <tab>EVOR_EvolvedOrgansResearchTab</tab>
    <label>Complex Organ Application</label>
    <description>Further research into organ creation allows to design more efficient versions of our already-existing organs.</description>
    <baseCost>3000</baseCost>
    <techLevel>Spacer</techLevel>
    <prerequisites>
      <li>EVOR_Research_Organs1</li>
    </prerequisites>
    <requiredResearchBuilding>HiTechResearchBench</requiredResearchBuilding>
    <requiredResearchFacilities>
      <li>MultiAnalyzer</li>
    </requiredResearchFacilities>
    <researchViewX>4</researchViewX>
    <researchViewY>0</researchViewY>
  </ResearchProjectDef>
	<!-- Advanced Organ Application -->
  <ResearchProjectDef>
    <defName>EVOR_Research_Organs3</defName>
    <!--Unlocks all abdomen organs etc-->
    <tab>EVOR_EvolvedOrgansResearchTab</tab>
    <label>Advanced Organ Application</label>
    <description>The understanding of the most difficult bodily structures which unlocks the capacity more complex organs.</description>
    <baseCost>3000</baseCost>
    <techLevel>Spacer</techLevel>
    <prerequisites>
      <li>EVOR_Research_Organs2</li>
    </prerequisites>
    <requiredResearchBuilding>HiTechResearchBench</requiredResearchBuilding>
    <requiredResearchFacilities>
      <li>MultiAnalyzer</li>
    </requiredResearchFacilities>
    <researchViewX>5</researchViewX>
    <researchViewY>0</researchViewY>
  </ResearchProjectDef>
	<!-- Additional Organs -->
  <ResearchProjectDef>
    <defName>EVOR_Research_AdditionalOrgans</defName>
    <!--Unlocks all abdomen organs etc-->
    <tab>EVOR_EvolvedOrgansResearchTab</tab>
    <label>Additional Organs</label>
    <description>By decreasing the size of current organs and finding shortcuts between them, more room can be made for additional ones.</description>
    <baseCost>4000</baseCost>
    <techLevel>Spacer</techLevel>
    <prerequisites>
      <li>EVOR_Research_Organs3</li>
    </prerequisites>
    <requiredResearchBuilding>HiTechResearchBench</requiredResearchBuilding>
    <requiredResearchFacilities>
      <li>MultiAnalyzer</li>
    </requiredResearchFacilities>
	<researchMods>
		<!-- random other bionics and shit -->
		<li Class="EvolvedOrgansRedux.BodyPartAffiniyLeftchestcavity">
			<researchProjectDef>EVOR_Research_AdditionalOrgans</researchProjectDef>
		</li>
		<!-- random other bionics and shit -->
		<li Class="EvolvedOrgansRedux.BodyPartAffiniyRightchestcavity">
			<researchProjectDef>EVOR_Research_AdditionalOrgans</researchProjectDef>
		</li>
		<!-- ExtraNanofilterLung -->
		<li Class="EvolvedOrgansRedux.AddAdditionalBodypartsAfterResearch">
			<researchProjectDef>EVOR_Research_AdditionalOrgans</researchProjectDef>
			<recipeDef>EVOR_SurgeryInstall_AbdominalAndChestcavity_ExtraNanofilterLung</recipeDef>
			<bodyPartDefs>
				<li>BodyCavity1</li>
			</bodyPartDefs>
		</li>
		<!-- AuxilaryHeart -->
		<li Class="EvolvedOrgansRedux.AddAdditionalBodypartsAfterResearch">
			<researchProjectDef>EVOR_Research_AdditionalOrgans</researchProjectDef>
			<recipeDef>EVOR_SurgeryInstall_AbdominalAndChestcavity_AuxilaryHeart</recipeDef>
			<bodyPartDefs>
				<li>BodyCavity2</li>
			</bodyPartDefs>
		</li>
		<!-- CombatSerumGland -->
		<li Class="EvolvedOrgansRedux.AddAdditionalBodypartsAfterResearch">
			<researchProjectDef>EVOR_Research_AdditionalOrgans</researchProjectDef>
			<recipeDef>EVOR_SurgeryInstall_AbdominalAndChestcavity_CombatSerumGland</recipeDef>
			<bodyPartDefs>
				<li>BodyCavityA</li>
			</bodyPartDefs>
		</li>
		<!-- HormoneRegulator -->
		<li Class="EvolvedOrgansRedux.AddAdditionalBodypartsAfterResearch">
			<researchProjectDef>EVOR_Research_AdditionalOrgans</researchProjectDef>
			<recipeDef>EVOR_SurgeryInstall_AbdominalAndChestcavity_HormoneRegulator</recipeDef>
			<bodyPartDefs>
				<li>BodyCavityA</li>
			</bodyPartDefs>
		</li>
		<!-- LymphaticProliferator -->
		<li Class="EvolvedOrgansRedux.AddAdditionalBodypartsAfterResearch">
			<researchProjectDef>EVOR_Research_AdditionalOrgans</researchProjectDef>
			<recipeDef>EVOR_SurgeryInstall_AbdominalAndChestcavity_LymphaticProliferator</recipeDef>
			<bodyPartDefs>
				<li>BodyCavityA</li>
			</bodyPartDefs>
		</li>
		<!-- RasVacoule -->
		<li Class="EvolvedOrgansRedux.AddAdditionalBodypartsAfterResearch">
			<researchProjectDef>EVOR_Research_AdditionalOrgans</researchProjectDef>
			<recipeDef>EVOR_SurgeryInstall_AbdominalAndChestcavity_RasVacoule</recipeDef>
			<bodyPartDefs>
				<li>BodyCavity1</li>
				<li>BodyCavity2</li>
				<li>BodyCavityA</li>
			</bodyPartDefs>
		</li>
	</researchMods>
    <researchViewX>6</researchViewX>
    <researchViewY>0</researchViewY>
  </ResearchProjectDef>
	<!-- Neural Re-Engineering -->
  <ResearchProjectDef>
    <defName>EVOR_Research_Brain1</defName>
    <!--Unlocks all brain stuff etc-->
    <tab>EVOR_EvolvedOrgansResearchTab</tab>
    <label>Neural Re-Engineering</label>
    <description>By understanding how our vast intellect is driven by our brains, we can enchance our mental capabilities to untold heights.</description>
    <baseCost>4000</baseCost>
    <techLevel>Spacer</techLevel>
    <prerequisites>
      <li>EVOR_Research_Organs2</li>
    </prerequisites>
    <requiredResearchBuilding>HiTechResearchBench</requiredResearchBuilding>
    <requiredResearchFacilities>
      <li>MultiAnalyzer</li>
    </requiredResearchFacilities>
    <researchViewX>5</researchViewX>
    <researchViewY>3</researchViewY>
  </ResearchProjectDef>
	<!-- Resilient Tissue Framework -->
  <ResearchProjectDef>
    <defName>EVOR_Research_Outer1</defName>
    <tab>EVOR_EvolvedOrgansResearchTab</tab>
    <label>Resilient Tissue Framework</label>
    <description>Restructuring the tissue frameworks to survive the stress of being outside the body is crucial to creating defensive adaptations.</description>
    <baseCost>4000</baseCost>
    <techLevel>Spacer</techLevel>
    <prerequisites>
      <li>EVOR_Research_Organs1</li>      
    </prerequisites>
    <requiredResearchBuilding>HiTechResearchBench</requiredResearchBuilding>
    <requiredResearchFacilities>
      <li>MultiAnalyzer</li>
    </requiredResearchFacilities>
    <researchViewX>4</researchViewX>
    <researchViewY>2</researchViewY>
  </ResearchProjectDef>
	<!-- Partial Body Structure Reconfiguration -->
  <!--<ResearchProjectDef>
    <defName>EVOR_Research_Other1</defName>
    <tab>EVOR_EvolvedOrgansResearchTab</tab>
    <label>Partial Body Structure Reconfiguration</label>
    <description>Expanding upon our ability to create new load-bearing bioforms, we can create radical new body types.</description>
    <baseCost>4000</baseCost>
    <techLevel>Spacer</techLevel>
    <prerequisites>
      <li>EVOR_Research_Limbs3</li>      
      <li>EVOR_Research_Outer1</li> 
    </prerequisites>
    <requiredResearchBuilding>HiTechResearchBench</requiredResearchBuilding>
    <requiredResearchFacilities>
      <li>MultiAnalyzer</li>
    </requiredResearchFacilities>
    <researchViewX>6</researchViewX>
    <researchViewY>2</researchViewY>
  </ResearchProjectDef>-->
	<!-- Biological Framework Application -->
  <ResearchProjectDef>
    <defName>EVOR_Research_Limbs1</defName>
    <!-- This unlocks moderately normal limbs, for only the 4 normal limbs -->
    <tab>EVOR_EvolvedOrgansResearchTab</tab>
    <label>Biological Framework Application</label>
    <description>To create bones and musculature it must first be understood how to propagate the cells and mechanites in load bearing configurations.</description>
    <baseCost>2000</baseCost>
    <techLevel>Spacer</techLevel>
    <prerequisites>
      <li>EVOR_Research_Start3</li>
    </prerequisites>
    <requiredResearchBuilding>HiTechResearchBench</requiredResearchBuilding>
    <requiredResearchFacilities>
      <li>MultiAnalyzer</li>
    </requiredResearchFacilities>
    <researchViewX>3</researchViewX>
    <researchViewY>1</researchViewY>
  </ResearchProjectDef>
	<!-- Advanced Limb Structures -->
  <ResearchProjectDef>
    <defName>EVOR_Research_Limbs2</defName>
    <!-- This unlocks all non ranged limbs, for only the 4 normal limbs -->
    <tab>EVOR_EvolvedOrgansResearchTab</tab>
    <label>Advanced Limb Structures</label>
    <description>The capability to create simple load-bearing structures has been understood, now the technology has to be scaled up.</description>
    <baseCost>3000</baseCost>
    <techLevel>Spacer</techLevel>
    <prerequisites>
      <li>EVOR_Research_Limbs1</li>
    </prerequisites>
    <requiredResearchBuilding>HiTechResearchBench</requiredResearchBuilding>
    <requiredResearchFacilities>
      <li>MultiAnalyzer</li>
    </requiredResearchFacilities>
    <researchViewX>4</researchViewX>
    <researchViewY>1</researchViewY>
  </ResearchProjectDef>
	<!-- Limb-Torso Support Structures -->
  <ResearchProjectDef>
    <defName>EVOR_Research_Limbs3</defName>
    <!-- This unlocks all non ranged limbs, for secondary legs + wings -->
    <tab>EVOR_EvolvedOrgansResearchTab</tab>
    <label>Limb-Torso Support Structures</label>
    <description>By researching how our bodies control and and structure our limbs, we can graft more limbs onto our bodies to grow beyond the limit of just four limbs.</description>
    <baseCost>4000</baseCost>
    <techLevel>Spacer</techLevel>
    <prerequisites>
      <li>EVOR_Research_Limbs2</li>
    </prerequisites>
    <requiredResearchBuilding>HiTechResearchBench</requiredResearchBuilding>
    <requiredResearchFacilities>
      <li>MultiAnalyzer</li>
    </requiredResearchFacilities>
	<researchMods>
		<!-- random other bionics and shit -->
		<li Class="EvolvedOrgansRedux.BodyPartAffiniyLowershoulders">
			<researchProjectDef>EVOR_Research_Limbs3</researchProjectDef>
		</li>
		<!-- extradextrous arm -->
		<li Class="EvolvedOrgansRedux.AddAdditionalBodypartsAfterResearch">
			<researchProjectDef>EVOR_Research_Limbs3</researchProjectDef>
			<recipeDef>EVOR_SurgeryInstall_Appendage_ExtradextrousArm</recipeDef>
			<bodyPartDefs>
				<li>LowerShoulder</li>
				<li>Tail</li>
			</bodyPartDefs>
		</li>
		<!-- rending claw -->
		<li Class="EvolvedOrgansRedux.AddAdditionalBodypartsAfterResearch">
			<researchProjectDef>EVOR_Research_Limbs3</researchProjectDef>
			<recipeDef>EVOR_SurgeryInstall_Appendage_RendingClaw</recipeDef>
			<bodyPartDefs>
				<li>LowerShoulder</li>
			</bodyPartDefs>
		</li>
		<!-- high pressure pincer -->
		<li Class="EvolvedOrgansRedux.AddAdditionalBodypartsAfterResearch">
			<researchProjectDef>EVOR_Research_Limbs3</researchProjectDef>
			<recipeDef>EVOR_SurgeryInstall_Appendage_HighPressurePincer</recipeDef>
			<bodyPartDefs>
				<li>LowerShoulder</li>
			</bodyPartDefs>
		</li>
		<!-- sonic impact mace -->
		<li Class="EvolvedOrgansRedux.AddAdditionalBodypartsAfterResearch">
			<researchProjectDef>EVOR_Research_Limbs3</researchProjectDef>
			<recipeDef>EVOR_SurgeryInstall_Appendage_SonicImpactMace</recipeDef>
			<bodyPartDefs>
				<li>LowerShoulder</li>
				<li>Tail</li>
			</bodyPartDefs>
		</li>
		<!-- venopillar arm -->
		<li Class="EvolvedOrgansRedux.AddAdditionalBodypartsAfterResearch">
			<researchProjectDef>EVOR_Research_Limbs3</researchProjectDef>
			<recipeDef>EVOR_SurgeryInstall_Appendage_VenopillarArm</recipeDef>
			<bodyPartDefs>
				<li>LowerShoulder</li>
			</bodyPartDefs>
		</li>
		<!-- frost mantis hook -->
		<li Class="EvolvedOrgansRedux.AddAdditionalBodypartsAfterResearch">
			<researchProjectDef>EVOR_Research_Limbs3</researchProjectDef>
			<recipeDef>EVOR_SurgeryInstall_Appendage_FrostMantisHook</recipeDef>
			<bodyPartDefs>
				<li>LowerShoulder</li>
				<li>Tail</li>
			</bodyPartDefs>
		</li>
		<!-- salamander whip -->
		<li Class="EvolvedOrgansRedux.AddAdditionalBodypartsAfterResearch">
			<researchProjectDef>EVOR_Research_Limbs3</researchProjectDef>
			<recipeDef>EVOR_SurgeryInstall_Appendage_SalamanderWhip</recipeDef>
			<bodyPartDefs>
				<li>LowerShoulder</li>
				<li>Tail</li>
			</bodyPartDefs>
		</li>
		<!-- ossified bone saber -->
		<li Class="EvolvedOrgansRedux.AddAdditionalBodypartsAfterResearch">
			<researchProjectDef>EVOR_Research_Limbs3</researchProjectDef>
			<recipeDef>EVOR_SurgeryInstall_Appendage_OssifiedBoneSaber</recipeDef>
			<bodyPartDefs>
				<li>LowerShoulder</li>
				<li>Tail</li>
			</bodyPartDefs>
		</li>
		<!-- tri plated limb -->
		<li Class="EvolvedOrgansRedux.AddAdditionalBodypartsAfterResearch">
			<researchProjectDef>EVOR_Research_Limbs3</researchProjectDef>
			<recipeDef>EVOR_SurgeryInstall_Appendage_TriPlacedLimb</recipeDef>
			<bodyPartDefs>
				<li>LowerShoulder</li>
				<li>Tail</li>
			</bodyPartDefs>
		</li>
		<!-- weigthed tail -->
		<li Class="EvolvedOrgansRedux.AddAdditionalBodypartsAfterResearch">
			<researchProjectDef>EVOR_Research_Limbs3</researchProjectDef>
			<recipeDef>EVOR_SurgeryInstall_Appendage_WeightedTail</recipeDef>
			<bodyPartDefs>
				<li>Tail</li>
			</bodyPartDefs>
		</li>
		<!-- venomous stinger -->
		<li Class="EvolvedOrgansRedux.AddAdditionalBodypartsAfterResearch">
			<researchProjectDef>EVOR_Research_Limbs3</researchProjectDef>
			<recipeDef>EVOR_SurgeryInstall_Tail_VenomousStinger</recipeDef>
			<bodyPartDefs>
				<li>Tail</li>
			</bodyPartDefs>
		</li>
		<!-- feathered wings -->
		<li Class="EvolvedOrgansRedux.AddAdditionalBodypartsAfterResearch">
			<researchProjectDef>EVOR_Research_Limbs3</researchProjectDef>
			<recipeDef>EVOR_SurgeryInstall_Back_FeatheredWings</recipeDef>
			<bodyPartDefs>
				<li>Back</li>
			</bodyPartDefs>
		</li>
		<!-- leathery wings -->
		<li Class="EvolvedOrgansRedux.AddAdditionalBodypartsAfterResearch">
			<researchProjectDef>EVOR_Research_Limbs3</researchProjectDef>
			<recipeDef>EVOR_SurgeryInstall_Back_LeatheryWings</recipeDef>
			<bodyPartDefs>
				<li>Back</li>
			</bodyPartDefs>
		</li>
		<!-- tentacle cluster -->
		<li Class="EvolvedOrgansRedux.AddAdditionalBodypartsAfterResearch">
			<researchProjectDef>EVOR_Research_Limbs3</researchProjectDef>
			<recipeDef>EVOR_SurgeryInstall_Back_TentacleCluster</recipeDef>
			<bodyPartDefs>
				<li>Back</li>
			</bodyPartDefs>
		</li>
		<!-- musculature braces -->
		<li Class="EvolvedOrgansRedux.AddAdditionalBodypartsAfterResearch">
			<researchProjectDef>EVOR_Research_Limbs3</researchProjectDef>
			<recipeDef>EVOR_SurgeryInstall_Back_MusculatureBraces</recipeDef>
			<bodyPartDefs>
				<li>Back</li>
			</bodyPartDefs>
		</li>
		<!-- pelt growth -->
		<li Class="EvolvedOrgansRedux.AddAdditionalBodypartsAfterResearch">
			<researchProjectDef>EVOR_Research_Limbs3</researchProjectDef>
			<recipeDef>EVOR_SurgeryInstall_Back_PeltGrowth</recipeDef>
			<bodyPartDefs>
				<li>Back</li>
			</bodyPartDefs>
		</li>
		<!-- water filled growth -->
		<li Class="EvolvedOrgansRedux.AddAdditionalBodypartsAfterResearch">
			<researchProjectDef>EVOR_Research_Limbs3</researchProjectDef>
			<recipeDef>EVOR_SurgeryInstall_Back_WaterFilledGrowth</recipeDef>
			<bodyPartDefs>
				<li>Back</li>
			</bodyPartDefs>
		</li>
	</researchMods>
    <researchViewX>5</researchViewX>
    <researchViewY>1</researchViewY>
  </ResearchProjectDef>
  	<!-- Expanded limb battle utility -->
  <ResearchProjectDef>
    <defName>EVOR_Research_ExpandedLimbBattleUtility</defName>
    <tab>EVOR_EvolvedOrgansResearchTab</tab>
    <label>Expanded limb battle utility</label>
    <description>Through further research into the animal kingdom, new ways to hide weapons inside of our limbs were discovered.</description>
    <baseCost>5000</baseCost>
    <techLevel>Spacer</techLevel>
    <prerequisites>
      <li>EVOR_Research_Limbs3</li>
    </prerequisites>
    <requiredResearchBuilding>HiTechResearchBench</requiredResearchBuilding>
    <requiredResearchFacilities>
      <li>MultiAnalyzer</li>
    </requiredResearchFacilities>
	<researchMods>
		<!-- sonic impact mace -->
		<li Class="EvolvedOrgansRedux.AddAdditionalBodypartsAfterResearch">
			<researchProjectDef>EVOR_Research_ExpandedLimbBattleUtility</researchProjectDef>
			<recipeDef>EVOR_SurgeryInstall_Appendage_SonicImpactMace</recipeDef>
			<bodyPartDefs>
				<li>LowerShoulder</li>
				<li>Tail</li>
			</bodyPartDefs>
		</li>
		<!-- venopillar arm -->
		<li Class="EvolvedOrgansRedux.AddAdditionalBodypartsAfterResearch">
			<researchProjectDef>EVOR_Research_ExpandedLimbBattleUtility</researchProjectDef>
			<recipeDef>EVOR_SurgeryInstall_Appendage_VenopillarArm</recipeDef>
			<bodyPartDefs>
				<li>LowerShoulder</li>
			</bodyPartDefs>
		</li>
		<!-- frost mantis hook -->
		<li Class="EvolvedOrgansRedux.AddAdditionalBodypartsAfterResearch">
			<researchProjectDef>EVOR_Research_ExpandedLimbBattleUtility</researchProjectDef>
			<recipeDef>EVOR_SurgeryInstall_Appendage_FrostMantisHook</recipeDef>
			<bodyPartDefs>
				<li>LowerShoulder</li>
				<li>Tail</li>
			</bodyPartDefs>
		</li>
		<!-- salamander whip -->
		<li Class="EvolvedOrgansRedux.AddAdditionalBodypartsAfterResearch">
			<researchProjectDef>EVOR_Research_ExpandedLimbBattleUtility</researchProjectDef>
			<recipeDef>EVOR_SurgeryInstall_Appendage_SalamanderWhip</recipeDef>
			<bodyPartDefs>
				<li>LowerShoulder</li>
				<li>Tail</li>
			</bodyPartDefs>
		</li>
		<!-- venomous stinger -->
		<li Class="EvolvedOrgansRedux.AddAdditionalBodypartsAfterResearch">
			<researchProjectDef>EVOR_Research_ExpandedLimbBattleUtility</researchProjectDef>
			<recipeDef>EVOR_SurgeryInstall_Tail_VenomousStinger</recipeDef>
			<bodyPartDefs>
				<li>Tail</li>
			</bodyPartDefs>
		</li>
	</researchMods>
    <researchViewX>6</researchViewX>
    <researchViewY>1</researchViewY>
  </ResearchProjectDef>
	<!-- Weaponized Germ Engineering -->
	<ResearchProjectDef>
    <defName>EVOR_Research_Artifact_Lesions</defName>
    <tab>EVOR_EvolvedOrgansResearchTab</tab>
    <label>Weaponized Germ Engineering</label>
    <description>With more knowledge of how to build pathogens from the ground up, we can weaponize them as a deterrent.</description>
    <baseCost>1000</baseCost>
    <techLevel>Spacer</techLevel>
    <prerequisites>
      <li>EVOR_Research_Start3</li>
    </prerequisites>
    <requiredResearchBuilding>HiTechResearchBench</requiredResearchBuilding>
    <requiredResearchFacilities>
      <li>MultiAnalyzer</li>
    </requiredResearchFacilities>
    <researchViewX>6</researchViewX>
    <researchViewY>5</researchViewY>
    <!--<techprintCount>1</techprintCount>-->
    <!--<techprintCommonality>1</techprintCommonality>-->
    <!--<techprintMarketValue>3000</techprintMarketValue>-->
    <!--<heldByFactionCategoryTags>
		<li>Outlander</li>
		<li>Empire</li>
	</heldByFactionCategoryTags>-->
  </ResearchProjectDef>
	<!-- Engineered Resistant Shell Plating -->
  <ResearchProjectDef>
    <defName>EVOR_Research_Artifact_Tortoise</defName>
    <tab>EVOR_EvolvedOrgansResearchTab</tab>
    <label>Engineered Resistant Shell Plating</label>
    <description>With more knowledge of how to create durable biostructures, we can create a strong plating that is affective against all kinds of damage.</description>
    <baseCost>1000</baseCost>
    <techLevel>Spacer</techLevel>
    <prerequisites>
      <li>EVOR_Research_Start3</li>
    </prerequisites>
    <requiredResearchBuilding>HiTechResearchBench</requiredResearchBuilding>
    <requiredResearchFacilities>
      <li>MultiAnalyzer</li>
    </requiredResearchFacilities>
    <researchViewX>4</researchViewX>
    <researchViewY>6</researchViewY>
    <!--<techprintCount>1</techprintCount>-->
    <!--<techprintCommonality>1</techprintCommonality>-->
    <!--<techprintMarketValue>3000</techprintMarketValue>-->
    <!--<heldByFactionCategoryTags>
		<li>Outlander</li>
		<li>Empire</li>
	</heldByFactionCategoryTags>-->
  </ResearchProjectDef>
  
  <ResearchProjectDef>
    <defName>EVOR_Research_Psychic1</defName>
    <tab>EVOR_EvolvedOrgansResearchTab</tab>
    <label>Psychic Synapse Network</label>
	<description>Thanks to research into the brain, an organ that increases the levels of psychic power can be created</description>
    <baseCost>4500</baseCost>
    <techLevel>Spacer</techLevel>
    <prerequisites>
      <li>EVOR_Research_Organs3</li>
      <li>EVOR_Research_Brain1</li>
    </prerequisites>
    <requiredResearchBuilding>HiTechResearchBench</requiredResearchBuilding>
    <requiredResearchFacilities>
      <li>MultiAnalyzer</li>
    </requiredResearchFacilities>
    <researchViewX>6</researchViewX>
    <researchViewY>3</researchViewY>
  </ResearchProjectDef>
</Defs>
