﻿<?xml version="1.0" encoding="utf-8"?>
<Defs>
	<ThinkTreeDef>
		<defName>PsychologyMentalStates</defName>
		<insertTag>Humanlike_PostMentalState</insertTag>
		<insertPriority>1</insertPriority>
		<thinkRoot Class="ThinkNode_Priority">
			<subNodes>
				<li Class="ThinkNode_ConditionalMentalState">
					<state>SelfHarm</state>
					<subNodes>
						<li Class="ThinkNode_Priority">
							<subNodes>
								<li Class="JobGiver_WanderOwnRoom">
									<maxDanger>Deadly</maxDanger>
								</li>
								<li Class="JobGiver_WanderAnywhere">
									<maxDanger>Deadly</maxDanger>
								</li>
							</subNodes>
						</li>
					</subNodes>
				</li>
				<li Class="ThinkNode_ConditionalMentalState">
					<state>Abuse</state>
					<subNodes>
						<li Class="ThinkNode_Priority">
							<subNodes>
								<li Class="Psychology.JobGiver_Abuse" />
								<li Class="JobGiver_WanderColony">
									<maxDanger>Deadly</maxDanger>
								</li>
								<li Class="JobGiver_WanderAnywhere">
									<maxDanger>Some</maxDanger>
								</li>
							</subNodes>
						</li>
					</subNodes>
				</li>
				<li Class="ThinkNode_ConditionalMentalState">
					<state>Compulsion</state>
					<subNodes>
						<li Class="ThinkNode_Priority">
							<subNodes>
								<li Class="Psychology.JobGiver_Compulsion" />
								<li Class="JobGiver_WanderColony">
									<maxDanger>Some</maxDanger>
								</li>
								<li Class="JobGiver_WanderAnywhere">
									<maxDanger>Deadly</maxDanger>
								</li>
							</subNodes>
						</li>
					</subNodes>
				</li>
				<li Class="ThinkNode_ConditionalMentalState">
					<state>Antisocial</state>
					<subNodes>
						<li Class="ThinkNode_Priority">
							<subNodes>
								<li Class="JobGiver_WanderMapEdge">
									<maxDanger>Some</maxDanger>
								</li>
							</subNodes>
						</li>
					</subNodes>
				</li>
				<li Class="ThinkNode_ConditionalMentalState">
					<state>Apathy</state>
					<subNodes>
						<li Class="ThinkNode_Priority">
							<subNodes>
								<li Class="Psychology.JobGiver_Apathy" />
							</subNodes>
						</li>
					</subNodes>
				</li>
				<li Class="ThinkNode_ConditionalMentalState">
					<state>Histrionic</state>
					<subNodes>
						<li Class="ThinkNode_Priority">
							<subNodes>
								<li Class="Psychology.JobGiver_MakeAdvance" />
								<li Class="JobGiver_WanderColony">
									<maxDanger>Some</maxDanger>
								</li>
								<li Class="JobGiver_WanderAnywhere">
									<maxDanger>Some</maxDanger>
								</li>
							</subNodes>
						</li>
					</subNodes>
				</li>
				<li Class="ThinkNode_ConditionalMentalState">
					<state>FellPlotting</state>
					<subNodes>
						<li Class="ThinkNode_Priority">
							<subNodes>
								<li Class="Psychology.JobGiver_ArmSelf" />
								<li Class="Psychology.JobGiver_EnactPlot" />
								<li Class="JobGiver_WanderOwnRoom">
									<maxDanger>Deadly</maxDanger>
								</li>
								<li Class="JobGiver_WanderAnywhere">
									<maxDanger>Deadly</maxDanger>
								</li>
							</subNodes>
						</li>
					</subNodes>
				</li>
				<li Class="ThinkNode_ConditionalMentalState">
					<state>Paranoia</state>
					<subNodes>
						<li Class="ThinkNode_Priority">
							<subNodes>
								<li Class="JobGiver_WanderColony">
									<maxDanger>Deadly</maxDanger>
								</li>
								<li Class="JobGiver_WanderAnywhere">
									<maxDanger>Deadly</maxDanger>
								</li>
							</subNodes>
						</li>
					</subNodes>
				</li>
				<li Class="ThinkNode_ConditionalMentalState">
					<state>HuntingTrip</state>
					<subNodes>
						<li Class="ThinkNode_Priority">
							<subNodes>
								<li Class="Psychology.JobGiver_GoHunting" />
								<li Class="JobGiver_WanderMapEdge">
									<maxDanger>Some</maxDanger>
								</li>
							</subNodes>
						</li>
					</subNodes>
				</li>
			</subNodes>
		</thinkRoot>
	</ThinkTreeDef>
</Defs>

