<?xml version="1.0" encoding="utf-8"?>
<ModMetaData>
	<name>Overcapped Accuracy (Continued)</name>
	<author>Nales</author>
	<supportedVersions>
		<li>1.0</li>
		<li>1.1</li>
		<li>1.2</li>
		<li>1.3</li>
		<li>1.4</li>
	</supportedVersions>
	<packageId>com.RimWorld.Nales.OvercappedAccuracy</packageId>
	<modDependencies>
		<li>
			<packageId>brrainz.harmony</packageId>
			<displayName>Harmony</displayName>
			<steamWorkshopUrl>steam://url/CommunityFilePage/2009463077</steamWorkshopUrl>
			<downloadUrl>https://github.com/pardeike/HarmonyRimWorld/releases/latest</downloadUrl>
		</li>
	</modDependencies>
	<description>This is an update of Nales's Overcapped Accuracy mod:
https://steamcommunity.com/sharedfiles/filedetails/?id=1624094549

- Only recompiled against the 1.4 libs, no other changes made.  
- Seems to work fine through limited testing in a modlist with 400+ other mods.
- Please post here if there are issues using this version and I'll see if I can offer a fix.

Original description:
Allows ranged weapons to have more than 100% accuracy, albeit with diminishing returns after 100%.
	</description>
</ModMetaData>