<?xml version="1.0" encoding="utf-8" ?>
<Defs>

	<!-- plague lesions -->
	<ThingDef ParentName="EVOR_Item_Base_170protein4mechanites">
		<defName>EVOR_Item_Sternum_PlagueLesions</defName>
		<label>&lt;color=#00FFF7&gt;plague lesions&lt;/color&gt;</label>
		<description>These lesions do not close and maintain the appearance of an open wound. Once the host takes damage however, they expel a noxious plague that infects whoever damaged the host in melee.</description>
		<descriptionHyperlinks>
			<RecipeDef>EVOR_SurgeryInstall_Sternum_PlagueLesions</RecipeDef>
			<HediffDef>EVOR_Hediff_Sternum_PlagueLesions</HediffDef>
		</descriptionHyperlinks>
		<recipeMaker>
			<researchPrerequisite>EVOR_Research_Artifact_Lesions</researchPrerequisite>
		</recipeMaker>
	</ThingDef>
	<HediffDef ParentName="EVOR_Hediff_ImplantBase">
		<defName>EVOR_Hediff_Sternum_PlagueLesions</defName>
		<label>&lt;color=#00FFF7&gt;plague lesions&lt;/color&gt;</label>
		<labelNoun>plague lesions</labelNoun>
		<spawnThingOnRemoved>EVOR_Item_Sternum_PlagueLesions</spawnThingOnRemoved>
		<stages>
			<li>
				<makeImmuneTo>
					<li>EVOR_Hediff_Damage_PurgleRot</li>
				</makeImmuneTo>
			</li>
		</stages>
		<comps>
			<li Class="EvolvedOrgansRedux.EVOR_HediffCompProperties_PurglesRot">
				<hediffDef>EVOR_Hediff_Damage_PurgleRot</hediffDef>
			</li>
		</comps>
		<description>These lesions do not close and maintain the appearance of an open wound. Once the host takes damage however, they expel a noxious plague that infects whoever damaged the host in melee.</description>
    	<descriptionHyperlinks>
			<ThingDef>EVOR_Item_Sternum_PlagueLesions</ThingDef>
			<RecipeDef>EVOR_SurgeryInstall_Sternum_PlagueLesions</RecipeDef>
		</descriptionHyperlinks>
	</HediffDef>
	<RecipeDef ParentName="EVOR_SurgeryInstallImplantBase">
		<defName>EVOR_SurgeryInstall_Sternum_PlagueLesions</defName>
		<appliedOnFixedBodyParts><li>Sternum</li></appliedOnFixedBodyParts>
		<label>&lt;color=#00FFF7&gt;implant plague lesions&lt;/color&gt;</label>
		<description>Implant plague lesions.</description>
		<jobString>Implanting plague lesions.</jobString>
		<skillRequirements><Medicine>13</Medicine></skillRequirements>
		<ingredients><li><filter><thingDefs><li>EVOR_Item_Sternum_PlagueLesions</li></thingDefs></filter></li></ingredients>
		<fixedIngredientFilter><thingDefs><li>EVOR_Item_Sternum_PlagueLesions</li></thingDefs></fixedIngredientFilter>
		<addsHediff>EVOR_Hediff_Sternum_PlagueLesions</addsHediff>
		<descriptionHyperlinks><ThingDef>EVOR_Item_Sternum_PlagueLesions</ThingDef><HediffDef>EVOR_Hediff_Sternum_PlagueLesions</HediffDef></descriptionHyperlinks>
	</RecipeDef>
	<RecipeDef ParentName="EVOR_SurgeryRemoveImplantBase">
		<defName>EVOR_SurgeryRemove_Sternum_PlagueLesions</defName>
		<label>&lt;color=#00FFF7&gt;remove plague lesions&lt;/color&gt;</label>
		<description>Remove plague lesions.</description>
		<jobString>Removing plague lesions.</jobString>
		<descriptionHyperlinks>
			<ThingDef>EVOR_Item_Sternum_PlagueLesions</ThingDef>
			<HediffDef>EVOR_Hediff_Sternum_PlagueLesions</HediffDef>
		</descriptionHyperlinks>
		<removesHediff>EVOR_Hediff_Sternum_PlagueLesions</removesHediff>
	</RecipeDef>

	<!-- reinforced tortoise shell -->
	<ThingDef ParentName="EVOR_Item_Base_170protein4mechanites">
		<defName>EVOR_Item_Sternum_ReinforcedTortoiseShell</defName>
		<label>&lt;color=#00FFF7&gt;reinforced tortoise shell&lt;/color&gt;</label>
		<description>These exceptionally durable shells line the torso of the host, providing exceptional protection. However, their weight slows down the host by a decent amount.</description>
		<descriptionHyperlinks>
			<RecipeDef>EVOR_SurgeryInstall_Sternum_ReinforcedTortoiseShell</RecipeDef>
			<HediffDef>EVOR_Hediff_Sternum_ReinforcedTortoiseShell</HediffDef>
		</descriptionHyperlinks>
		<recipeMaker>
			<researchPrerequisite>EVOR_Research_Artifact_Tortoise</researchPrerequisite>
		</recipeMaker>
	</ThingDef>
	<HediffDef ParentName="EVOR_Hediff_ImplantBase">
		<defName>EVOR_Hediff_Sternum_ReinforcedTortoiseShell</defName>
		<label>&lt;color=#00FFF7&gt;reinforced tortoise shell&lt;/color&gt;</label>
		<labelNoun>reinforced tortoise shell</labelNoun>
		<spawnThingOnRemoved>EVOR_Item_Sternum_ReinforcedTortoiseShell</spawnThingOnRemoved>
		<stages>
			<li>
				<capMods>
					<li>
						<capacity>Moving</capacity>
						<offset>-0.2</offset>
					</li>
				</capMods>
				<statFactors>
					<IncomingDamageFactor>0.80</IncomingDamageFactor>
				</statFactors>
			</li>
		</stages>
		<comps></comps>
		<description>These exceptionally durable shells line the torso of the host, providing exceptional protection. However, their weight slows down the host by a decent amount.</description>
    	<descriptionHyperlinks>
			<ThingDef>EVOR_Item_Sternum_ReinforcedTortoiseShell</ThingDef>
			<RecipeDef>EVOR_SurgeryInstall_Sternum_ReinforcedTortoiseShell</RecipeDef>
		</descriptionHyperlinks>
	</HediffDef>
	<RecipeDef ParentName="EVOR_SurgeryInstallImplantBase">
		<defName>EVOR_SurgeryInstall_Sternum_ReinforcedTortoiseShell</defName>
		<appliedOnFixedBodyParts><li>Sternum</li></appliedOnFixedBodyParts>
		<label>&lt;color=#00FFF7&gt;implant reinforced tortoise shell&lt;/color&gt;</label>
		<description>Implant reinforced tortoise shell.</description>
		<jobString>Implanting reinforced tortoise shell.</jobString>
		<skillRequirements><Medicine>13</Medicine></skillRequirements>
		<ingredients><li><filter><thingDefs><li>EVOR_Item_Sternum_ReinforcedTortoiseShell</li></thingDefs></filter></li></ingredients>
		<fixedIngredientFilter><thingDefs><li>EVOR_Item_Sternum_ReinforcedTortoiseShell</li></thingDefs></fixedIngredientFilter>
		<addsHediff>EVOR_Hediff_Sternum_ReinforcedTortoiseShell</addsHediff>
		<descriptionHyperlinks><ThingDef>EVOR_Item_Sternum_ReinforcedTortoiseShell</ThingDef><HediffDef>EVOR_Hediff_Sternum_ReinforcedTortoiseShell</HediffDef></descriptionHyperlinks>
	</RecipeDef>
	<RecipeDef ParentName="EVOR_SurgeryRemoveImplantBase">
		<defName>EVOR_SurgeryRemove_Sternum_ReinforcedTortoiseShell</defName>
		<label>&lt;color=#00FFF7&gt;remove reinforced tortoise shell&lt;/color&gt;</label>
		<description>Remove reinforced tortoise shell.</description>
		<jobString>Removing reinforced tortoise shell.</jobString>
		<descriptionHyperlinks>
			<ThingDef>EVOR_Item_Sternum_ReinforcedTortoiseShell</ThingDef>
			<HediffDef>EVOR_Hediff_Sternum_ReinforcedTortoiseShell</HediffDef>
		</descriptionHyperlinks>
		<removesHediff>EVOR_Hediff_Sternum_ReinforcedTortoiseShell</removesHediff>
	</RecipeDef>

</Defs>