<?xml version="1.0" encoding="utf-8" ?>
<Defs>

	<!-- psychic resonance tissue -->
	<ThingDef ParentName="EVOR_Item_Base_120protein2mechanites">
		<defName>EVOR_Item_Protection_Skull_PsychicResonanceTissue</defName>
		<label>&lt;color=#00FFF7&gt;psychic resonance tissue&lt;/color&gt;</label>
		<description>By placing a layer of psychically sensitive tissue around the skull, the host becomes more attuned to psychic fields, allowing them to cast more abilities before overheating.</description>
		<descriptionHyperlinks>
			<RecipeDef>EVOR_SurgeryInstall_Protection_Skull_PsychicResonanceTissue</RecipeDef>
			<HediffDef>EVOR_Hediff_Protection_Skull_PsychicResonanceTissue</HediffDef>
		</descriptionHyperlinks>
		<recipeMaker>
			<researchPrerequisite>EVOR_Research_Psychic1</researchPrerequisite>
		</recipeMaker>
	</ThingDef>
	<HediffDef ParentName="EVOR_Hediff_ImplantBase">
		<defName>EVOR_Hediff_Protection_Skull_PsychicResonanceTissue</defName>
		<label>&lt;color=#00FFF7&gt;psychic resonance tissue&lt;/color&gt;</label>
		<labelNoun>psychic resonance tissue</labelNoun>
		<spawnThingOnRemoved>EVOR_Item_Protection_Skull_PsychicResonanceTissue</spawnThingOnRemoved>
		<stages>
			<li>
				<statOffsets>
					<PsychicSensitivity>0.8</PsychicSensitivity>
				</statOffsets>
			</li>
		</stages>
		<comps></comps>
		<description>By placing a layer of psychically sensitive tissue around the skull, the host becomes more attuned to psychic fields, allowing them to cast more powers before frying.</description>
    	<descriptionHyperlinks>
			<ThingDef>EVOR_Item_Protection_Skull_PsychicResonanceTissue</ThingDef>
			<RecipeDef>EVOR_SurgeryInstall_Protection_Skull_PsychicResonanceTissue</RecipeDef>
		</descriptionHyperlinks>
	</HediffDef>
	<RecipeDef ParentName="EVOR_SurgeryInstallImplantBase">
		<defName>EVOR_SurgeryInstall_Protection_Skull_PsychicResonanceTissue</defName>
		<appliedOnFixedBodyParts><li>Skull</li></appliedOnFixedBodyParts>
		<label>&lt;color=#00FFF7&gt;implant psychic resonance tissue&lt;/color&gt;</label>
		<description>Implant psychic resonance tissue.</description>
		<jobString>Implanting psychic resonance tissue.</jobString>
		<skillRequirements><Medicine>13</Medicine></skillRequirements>
		<ingredients><li><filter><thingDefs><li>EVOR_Item_Protection_Skull_PsychicResonanceTissue</li></thingDefs></filter></li></ingredients>
		<fixedIngredientFilter><thingDefs><li>EVOR_Item_Protection_Skull_PsychicResonanceTissue</li></thingDefs></fixedIngredientFilter>
		<addsHediff>EVOR_Hediff_Protection_Skull_PsychicResonanceTissue</addsHediff>
		<descriptionHyperlinks><ThingDef>EVOR_Item_Protection_Skull_PsychicResonanceTissue</ThingDef><HediffDef>EVOR_Hediff_Protection_Skull_PsychicResonanceTissue</HediffDef></descriptionHyperlinks>
	</RecipeDef>
	<RecipeDef ParentName="SurgeryRemoveImplantBase">
		<defName>EVOR_SurgeryRemove_Protection_Skull_PsychicResonanceTissue</defName>
		<label>&lt;color=#00FFF7&gt;remove psychic resonance tissue&lt;/color&gt;</label>
		<description>Remove psychic resonance tissue.</description>
		<jobString>Removing psychic resonance tissue.</jobString>
		<descriptionHyperlinks>
			<ThingDef>EVOR_Item_Protection_Skull_PsychicResonanceTissue</ThingDef>
			<HediffDef>EVOR_Hediff_Protection_Skull_PsychicResonanceTissue</HediffDef>
		</descriptionHyperlinks>
		<removesHediff>EVOR_Hediff_Protection_Skull_PsychicResonanceTissue</removesHediff>
	</RecipeDef>
	
	<!-- interference shielding -->
	<ThingDef ParentName="EVOR_Item_Base_120protein2mechanites">
		<defName>EVOR_Item_Protection_Skull_InterferenceShielding</defName>
		<label>&lt;color=#00FFF7&gt;interference shielding&lt;/color&gt;</label>
		<description>By carefully wrapping the brain in a psychic resistant material, the user can be made immune to its effect.</description>
		<descriptionHyperlinks>
			<RecipeDef>EVOR_SurgeryInstall_Protection_Skull_InterferenceShielding</RecipeDef>
			<HediffDef>EVOR_Hediff_Protection_Skull_InterferenceShielding</HediffDef>
		</descriptionHyperlinks>
		<recipeMaker>
			<researchPrerequisite>EVOR_Research_Outer1</researchPrerequisite>
		</recipeMaker>
	</ThingDef>
	<HediffDef ParentName="EVOR_Hediff_ImplantBase">
		<defName>EVOR_Hediff_Protection_Skull_InterferenceShielding</defName>
		<label>&lt;color=#00FFF7&gt;interference shielding&lt;/color&gt;</label>
		<labelNoun>interference shielding</labelNoun>
		<spawnThingOnRemoved>EVOR_Item_Protection_Skull_InterferenceShielding</spawnThingOnRemoved>
		<stages>
			<li>
				<statOffsets>
					<PsychicSensitivity>-2</PsychicSensitivity>
				</statOffsets>
			</li>
		</stages>
		<comps></comps>
		<description>By carefully wrapping the brain in a psychic resistant material, the user can be made immune to its effect.</description>
    	<descriptionHyperlinks>
			<ThingDef>EVOR_Item_Protection_Skull_InterferenceShielding</ThingDef>
			<RecipeDef>EVOR_SurgeryInstall_Protection_Skull_InterferenceShielding</RecipeDef>
		</descriptionHyperlinks>
	</HediffDef>
	<RecipeDef ParentName="EVOR_SurgeryInstallImplantBase">
		<defName>EVOR_SurgeryInstall_Protection_Skull_InterferenceShielding</defName>
		<appliedOnFixedBodyParts><li>Skull</li></appliedOnFixedBodyParts>
		<label>&lt;color=#00FFF7&gt;implant interference shielding&lt;/color&gt;</label>
		<description>Implant interference shielding.</description>
		<jobString>Implanting interference shielding.</jobString>
		<skillRequirements><Medicine>13</Medicine></skillRequirements>
		<ingredients><li><filter><thingDefs><li>EVOR_Item_Protection_Skull_InterferenceShielding</li></thingDefs></filter></li></ingredients>
		<fixedIngredientFilter><thingDefs><li>EVOR_Item_Protection_Skull_InterferenceShielding</li></thingDefs></fixedIngredientFilter>
		<addsHediff>EVOR_Hediff_Protection_Skull_InterferenceShielding</addsHediff>
		<descriptionHyperlinks><ThingDef>EVOR_Item_Protection_Skull_InterferenceShielding</ThingDef><HediffDef>EVOR_Hediff_Protection_Skull_InterferenceShielding</HediffDef></descriptionHyperlinks>
	</RecipeDef>
	<RecipeDef ParentName="SurgeryRemoveImplantBase">
		<defName>EVOR_SurgeryRemove_Protection_Skull_InterferenceShielding</defName>
		<label>&lt;color=#00FFF7&gt;remove interference shielding&lt;/color&gt;</label>
		<description>Remove interference shielding.</description>
		<jobString>Removing interference shielding.</jobString>
		<descriptionHyperlinks>
			<ThingDef>EVOR_Item_Protection_Skull_InterferenceShielding</ThingDef>
			<HediffDef>EVOR_Hediff_Protection_Skull_InterferenceShielding</HediffDef>
		</descriptionHyperlinks>
		<removesHediff>EVOR_Hediff_Protection_Skull_InterferenceShielding</removesHediff>
	</RecipeDef>

	<!-- cranial plating -->
	<ThingDef ParentName="EVOR_Item_Base_120protein2mechanites">
		<defName>EVOR_Item_Protection_Skull_CranialPlating</defName>
		<label>&lt;color=#00FFF7&gt;cranial plating&lt;/color&gt;</label>
		<description>[description]</description>
		<descriptionHyperlinks>
			<RecipeDef>EVOR_SurgeryInstall_Protection_Skull_CranialPlating</RecipeDef>
			<HediffDef>EVOR_Hediff_Protection_Skull_CranialPlating</HediffDef>
		</descriptionHyperlinks>
		<recipeMaker>
			<researchPrerequisite>EVOR_Research_Outer1</researchPrerequisite>
		</recipeMaker>
	</ThingDef>
	<HediffDef ParentName="EVOR_Hediff_ImplantBase">
		<defName>EVOR_Hediff_Protection_Skull_CranialPlating</defName>
		<label>&lt;color=#00FFF7&gt;cranial plating&lt;/color&gt;</label>
		<labelNoun>cranial plating</labelNoun>
		<spawnThingOnRemoved>EVOR_Item_Protection_Skull_CranialPlating</spawnThingOnRemoved>
		<stages>
			<li>
                <statOffsets>
					<ArmorRating_Sharp>0.10</ArmorRating_Sharp>
					<ArmorRating_Heat>0.10</ArmorRating_Heat>
                </statOffsets>
            </li>
		</stages>
		<comps></comps>
		<description>[description]</description>
    	<descriptionHyperlinks>
			<ThingDef>EVOR_Item_Protection_Skull_CranialPlating</ThingDef>
			<RecipeDef>EVOR_SurgeryInstall_Protection_Skull_CranialPlating</RecipeDef>
		</descriptionHyperlinks>
	</HediffDef>
	<RecipeDef ParentName="EVOR_SurgeryInstallImplantBase">
		<defName>EVOR_SurgeryInstall_Protection_Skull_CranialPlating</defName>
		<appliedOnFixedBodyParts><li>Skull</li></appliedOnFixedBodyParts>
		<label>&lt;color=#00FFF7&gt;implant cranial plating&lt;/color&gt;</label>
		<description>Implant cranial plating.</description>
		<jobString>Implanting cranial plating.</jobString>
		<skillRequirements><Medicine>13</Medicine></skillRequirements>
		<ingredients><li><filter><thingDefs><li>EVOR_Item_Protection_Skull_CranialPlating</li></thingDefs></filter></li></ingredients>
		<fixedIngredientFilter><thingDefs><li>EVOR_Item_Protection_Skull_CranialPlating</li></thingDefs></fixedIngredientFilter>
		<addsHediff>EVOR_Hediff_Protection_Skull_CranialPlating</addsHediff>
		<descriptionHyperlinks><ThingDef>EVOR_Item_Protection_Skull_CranialPlating</ThingDef><HediffDef>EVOR_Hediff_Protection_Skull_CranialPlating</HediffDef></descriptionHyperlinks>
	</RecipeDef>
	<RecipeDef ParentName="SurgeryRemoveImplantBase">
		<defName>EVOR_SurgeryRemove_Protection_Skull_CranialPlating</defName>
		<label>&lt;color=#00FFF7&gt;remove cranial plating&lt;/color&gt;</label>
		<description>Remove cranial plating.</description>
		<jobString>Removing cranial plating.</jobString>
		<descriptionHyperlinks>
			<ThingDef>EVOR_Item_Protection_Skull_CranialPlating</ThingDef>
			<HediffDef>EVOR_Hediff_Protection_Skull_CranialPlating</HediffDef>
		</descriptionHyperlinks>
		<removesHediff>EVOR_Hediff_Protection_Skull_CranialPlating</removesHediff>
	</RecipeDef>

	<!-- multilayered dermal plating -->
	<ThingDef ParentName="EVOR_Item_Base_120protein2mechanites">
		<defName>EVOR_Item_Protection_Torso_MultilayeredDermalPlating</defName>
		<label>&lt;color=#00FFF7&gt;multilayered dermal plating&lt;/color&gt;</label>
		<description>By layering chitin plates under the skin and binding cracks with rubbery flesh, resistance to small arms fire is radically increased.</description>
		<descriptionHyperlinks>
			<RecipeDef>EVOR_SurgeryInstall_Protection_Torso_MultilayeredDermalPlating</RecipeDef>
			<HediffDef>EVOR_Hediff_Protection_Torso_MultilayeredDermalPlating</HediffDef>
		</descriptionHyperlinks>
		<recipeMaker>
			<researchPrerequisite>EVOR_Research_Outer1</researchPrerequisite>
		</recipeMaker>
	</ThingDef>
	<HediffDef ParentName="EVOR_Hediff_ImplantBase">
		<defName>EVOR_Hediff_Protection_Torso_MultilayeredDermalPlating</defName>
		<label>&lt;color=#00FFF7&gt;multilayered dermal plating&lt;/color&gt;</label>
		<labelNoun>multilayered dermal plating</labelNoun>
		<spawnThingOnRemoved>EVOR_Item_Protection_Torso_MultilayeredDermalPlating</spawnThingOnRemoved>
		<stages>
			<li>
                <statOffsets>
                    <ArmorRating_Blunt>0.30</ArmorRating_Blunt>
					<ArmorRating_Sharp>0.50</ArmorRating_Sharp>
					<ArmorRating_Heat>0.20</ArmorRating_Heat>
					<ComfyTemperatureMin>-5</ComfyTemperatureMin>
          			<ComfyTemperatureMax>10</ComfyTemperatureMax>
                </statOffsets>
            </li>
		</stages>
		<comps></comps>
		<description>By layering chitin plates under the skin and binding cracks with rubbery flesh, resistance to small arms fire is radically increased.</description>
    	<descriptionHyperlinks>
			<ThingDef>EVOR_Item_Protection_Torso_MultilayeredDermalPlating</ThingDef>
			<RecipeDef>EVOR_SurgeryInstall_Protection_Torso_MultilayeredDermalPlating</RecipeDef>
		</descriptionHyperlinks>
	</HediffDef>
	<RecipeDef ParentName="EVOR_SurgeryInstallImplantBase">
		<defName>EVOR_SurgeryInstall_Protection_Torso_MultilayeredDermalPlating</defName>
		<appliedOnFixedBodyParts><li>Torso</li></appliedOnFixedBodyParts>
		<label>&lt;color=#00FFF7&gt;implant multilayered dermal plating&lt;/color&gt;</label>
		<description>Implant multilayered dermal plating.</description>
		<jobString>Implanting multilayered dermal plating.</jobString>
		<skillRequirements><Medicine>13</Medicine></skillRequirements>
		<ingredients><li><filter><thingDefs><li>EVOR_Item_Protection_Torso_MultilayeredDermalPlating</li></thingDefs></filter></li></ingredients>
		<fixedIngredientFilter><thingDefs><li>EVOR_Item_Protection_Torso_MultilayeredDermalPlating</li></thingDefs></fixedIngredientFilter>
		<addsHediff>EVOR_Hediff_Protection_Torso_MultilayeredDermalPlating</addsHediff>
		<descriptionHyperlinks><ThingDef>EVOR_Item_Protection_Torso_MultilayeredDermalPlating</ThingDef><HediffDef>EVOR_Hediff_Protection_Torso_MultilayeredDermalPlating</HediffDef></descriptionHyperlinks>
	</RecipeDef>
	<RecipeDef ParentName="SurgeryRemoveImplantBase">
		<defName>EVOR_SurgeryRemove_Protection_Torso_MultilayeredDermalPlating</defName>
		<label>&lt;color=#00FFF7&gt;remove multilayered dermal plating&lt;/color&gt;</label>
		<description>Remove multilayered dermal plating.</description>
		<jobString>Removing multilayered dermal plating.</jobString>
		<descriptionHyperlinks>
			<ThingDef>EVOR_Item_Protection_Torso_MultilayeredDermalPlating</ThingDef>
			<HediffDef>EVOR_Hediff_Protection_Torso_MultilayeredDermalPlating</HediffDef>
		</descriptionHyperlinks>
		<removesHediff>EVOR_Hediff_Protection_Torso_MultilayeredDermalPlating</removesHediff>
	</RecipeDef>

	<!-- flame retardant skin -->
	<ThingDef ParentName="EVOR_Item_Base_120protein2mechanites">
		<defName>EVOR_Item_Protection_Skin_FlameRetardantSkin</defName>
		<label>&lt;color=#00FFF7&gt;flame retardant skin&lt;/color&gt;</label>
		<description>By lining the skin with glands that can quickly release flame retardant slime on the body as well as dissipating heat, the user becomes extremely resistant to heat and flame.</description>
		<descriptionHyperlinks>
			<RecipeDef>EVOR_SurgeryInstall_Protection_Skin_FlameRetardantSkin</RecipeDef>
			<HediffDef>EVOR_Hediff_Protection_Skin_FlameRetardantSkin</HediffDef>
		</descriptionHyperlinks>
		<recipeMaker>
			<researchPrerequisite>EVOR_Research_Outer1</researchPrerequisite>
		</recipeMaker>
	</ThingDef>
	<HediffDef ParentName="EVOR_Hediff_ImplantBase">
		<defName>EVOR_Hediff_Protection_Skin_FlameRetardantSkin</defName>
		<label>&lt;color=#00FFF7&gt;flame retardant skin&lt;/color&gt;</label>
		<labelNoun>flame retardant skin</labelNoun>
		<spawnThingOnRemoved>EVOR_Item_Protection_Skin_FlameRetardantSkin</spawnThingOnRemoved>
		<stages>
			<li>
                <statOffsets>
					<ArmorRating_Sharp>0.60</ArmorRating_Sharp>
					<ArmorRating_Heat>0.20</ArmorRating_Heat>
          			<ComfyTemperatureMax>60</ComfyTemperatureMax>
					<Flammability>-1</Flammability>
                </statOffsets>
            </li>
		</stages>
		<comps></comps>
		<tags><li>Skin</li></tags>
		<description>By lining the skin with glands that can quickly release flame retardant slime on the body as well as dissipating heat, the user becomes extremely resistant to heat and flame.</description>
    	<descriptionHyperlinks>
			<ThingDef>EVOR_Item_Protection_Skin_FlameRetardantSkin</ThingDef>
			<RecipeDef>EVOR_SurgeryInstall_Protection_Skin_FlameRetardantSkin</RecipeDef>
		</descriptionHyperlinks>
	</HediffDef>
	<RecipeDef ParentName="EVOR_SurgeryInstallImplantBase">
		<defName>EVOR_SurgeryInstall_Protection_Skin_FlameRetardantSkin</defName>
		<appliedOnFixedBodyParts><li>Torso</li></appliedOnFixedBodyParts>
		<label>&lt;color=#00FFF7&gt;implant flame retardant skin&lt;/color&gt;</label>
		<description>Implant flame retardant skin.</description>
		<jobString>Implanting flame retardant skin.</jobString>
		<skillRequirements><Medicine>13</Medicine></skillRequirements>
		<ingredients><li><filter><thingDefs><li>EVOR_Item_Protection_Skin_FlameRetardantSkin</li></thingDefs></filter></li></ingredients>
		<fixedIngredientFilter><thingDefs><li>EVOR_Item_Protection_Skin_FlameRetardantSkin</li></thingDefs></fixedIngredientFilter>
		<addsHediff>EVOR_Hediff_Protection_Skin_FlameRetardantSkin</addsHediff>
		<incompatibleWithHediffTags><li>Skin</li></incompatibleWithHediffTags>
		<descriptionHyperlinks><ThingDef>EVOR_Item_Protection_Skin_FlameRetardantSkin</ThingDef><HediffDef>EVOR_Hediff_Protection_Skin_FlameRetardantSkin</HediffDef></descriptionHyperlinks>
	</RecipeDef>
	<RecipeDef ParentName="SurgeryRemoveImplantBase">
		<defName>EVOR_SurgeryRemove_Protection_Skin_FlameRetardantSkin</defName>
		<label>&lt;color=#00FFF7&gt;remove flame retardant skin&lt;/color&gt;</label>
		<description>Remove flame retardant skin.</description>
		<jobString>Removing flame retardant skin.</jobString>
		<descriptionHyperlinks>
			<ThingDef>EVOR_Item_Protection_Skin_FlameRetardantSkin</ThingDef>
			<HediffDef>EVOR_Hediff_Protection_Skin_FlameRetardantSkin</HediffDef>
		</descriptionHyperlinks>
		<removesHediff>EVOR_Hediff_Protection_Skin_FlameRetardantSkin</removesHediff>
	</RecipeDef>

	<!-- variable insulation skin -->
	<ThingDef ParentName="EVOR_Item_Base_120protein2mechanites">
		<defName>EVOR_Item_Protection_Skin_VariableInsulationSkin</defName>
		<label>&lt;color=#00FFF7&gt;variable insulation skin&lt;/color&gt;</label>
		<description>By creating skin with both high-volume sweat glands and hairs that can either retain or release heat, the user becomes comfortable in a massive range of temperatures.</description>
		<descriptionHyperlinks>
			<RecipeDef>EVOR_SurgeryInstall_Protection_Skin_VariableInsulationSkin</RecipeDef>
			<HediffDef>EVOR_Hediff_Protection_Skin_VariableInsulationSkin</HediffDef>
		</descriptionHyperlinks>
		<recipeMaker>
			<researchPrerequisite>EVOR_Research_Outer1</researchPrerequisite>
		</recipeMaker>
	</ThingDef>
	<HediffDef ParentName="EVOR_Hediff_ImplantBase">
		<defName>EVOR_Hediff_Protection_Skin_VariableInsulationSkin</defName>
		<label>&lt;color=#00FFF7&gt;variable insulation skin&lt;/color&gt;</label>
		<labelNoun>variable insulation skin</labelNoun>
		<spawnThingOnRemoved>EVOR_Item_Protection_Skin_VariableInsulationSkin</spawnThingOnRemoved>
		<stages>
			<li>
                <statOffsets>
					<ArmorRating_Sharp>0.10</ArmorRating_Sharp>
					<ArmorRating_Heat>0.10</ArmorRating_Heat>
          			<ComfyTemperatureMin>-35</ComfyTemperatureMin>
          			<ComfyTemperatureMax>30</ComfyTemperatureMax>
                </statOffsets>
            </li>
		</stages>
		<comps></comps>
		<description>By creating skin with both high-volume sweat glands and hairs that can either retain or release heat, the user becomes comfortable in a massive range of temperatures.</description>
    	<descriptionHyperlinks>
			<ThingDef>EVOR_Item_Protection_Skin_VariableInsulationSkin</ThingDef>
			<RecipeDef>EVOR_SurgeryInstall_Protection_Skin_VariableInsulationSkin</RecipeDef>
		</descriptionHyperlinks>
		<tags><li>Skin</li></tags>
	</HediffDef>
	<RecipeDef ParentName="EVOR_SurgeryInstallImplantBase">
		<defName>EVOR_SurgeryInstall_Protection_Skin_VariableInsulationSkin</defName>
		<appliedOnFixedBodyParts><li>Torso</li></appliedOnFixedBodyParts>
		<label>&lt;color=#00FFF7&gt;implant variable insulation skin&lt;/color&gt;</label>
		<description>Implant variable insulation skin.</description>
		<jobString>Implanting variable insulation skin.</jobString>
		<skillRequirements><Medicine>13</Medicine></skillRequirements>
		<ingredients><li><filter><thingDefs><li>EVOR_Item_Protection_Skin_VariableInsulationSkin</li></thingDefs></filter></li></ingredients>
		<fixedIngredientFilter><thingDefs><li>EVOR_Item_Protection_Skin_VariableInsulationSkin</li></thingDefs></fixedIngredientFilter>
		<addsHediff>EVOR_Hediff_Protection_Skin_VariableInsulationSkin</addsHediff>
		<incompatibleWithHediffTags><li>Skin</li></incompatibleWithHediffTags>
		<descriptionHyperlinks><ThingDef>EVOR_Item_Protection_Skin_VariableInsulationSkin</ThingDef><HediffDef>EVOR_Hediff_Protection_Skin_VariableInsulationSkin</HediffDef></descriptionHyperlinks>
	</RecipeDef>
	<RecipeDef ParentName="SurgeryRemoveImplantBase">
		<defName>EVOR_SurgeryRemove_Protection_Skin_VariableInsulationSkin</defName>
		<label>&lt;color=#00FFF7&gt;remove variable insulation skin&lt;/color&gt;</label>
		<description>Remove variable insulation skin.</description>
		<jobString>Removing variable insulation skin.</jobString>
		<descriptionHyperlinks>
			<ThingDef>EVOR_Item_Protection_Skin_VariableInsulationSkin</ThingDef>
			<HediffDef>EVOR_Hediff_Protection_Skin_VariableInsulationSkin</HediffDef>
		</descriptionHyperlinks>
		<removesHediff>EVOR_Hediff_Protection_Skin_VariableInsulationSkin</removesHediff>
	</RecipeDef>

	<!-- shimmering skin -->
	<ThingDef ParentName="EVOR_Item_Base_120protein2mechanites">
		<defName>EVOR_Item_Protection_Skin_ShimmeringSkin</defName>
		<label>&lt;color=#00FFF7&gt;shimmering skin&lt;/color&gt;</label>
		<description>Skin that glows with a subdued light.</description>
		<descriptionHyperlinks>
			<RecipeDef>EVOR_SurgeryInstall_Protection_Skin_ShimmeringSkin</RecipeDef>
			<HediffDef>EVOR_Hediff_Protection_Skin_ShimmeringSkin</HediffDef>
		</descriptionHyperlinks>
		<recipeMaker>
			<researchPrerequisite>EVOR_Research_Outer1</researchPrerequisite>
		</recipeMaker>
	</ThingDef>
	<HediffDef ParentName="EVOR_Hediff_ImplantBase">
		<defName>EVOR_Hediff_Protection_Skin_ShimmeringSkin</defName>
		<label>&lt;color=#00FFF7&gt;shimmering skin&lt;/color&gt;</label>
		<labelNoun>shimmering skin</labelNoun>
		<spawnThingOnRemoved>EVOR_Item_Protection_Skin_ShimmeringSkin</spawnThingOnRemoved>
		<stages>
			<li>
				<statOffsets>
                    <SocialImpact>0.10</SocialImpact>
                    <NegotiationAbility>0.15</NegotiationAbility>
                    <PawnBeauty>2</PawnBeauty>
                    <ArrestSuccessChance>0.05</ArrestSuccessChance>
                    <TradePriceImprovement>0.10</TradePriceImprovement>
				</statOffsets>
			</li>
		</stages>
		<comps></comps>
		<description>Skin that glows with a subdued light.</description>
    	<descriptionHyperlinks>
			<ThingDef>EVOR_Item_Protection_Skin_ShimmeringSkin</ThingDef>
			<RecipeDef>EVOR_SurgeryInstall_Protection_Skin_ShimmeringSkin</RecipeDef>
		</descriptionHyperlinks>
		<tags><li>Skin</li></tags>
	</HediffDef>
	<RecipeDef ParentName="EVOR_SurgeryInstallImplantBase">
		<defName>EVOR_SurgeryInstall_Protection_Skin_ShimmeringSkin</defName>
		<appliedOnFixedBodyParts><li>Torso</li></appliedOnFixedBodyParts>
		<label>&lt;color=#00FFF7&gt;implant shimmering skin&lt;/color&gt;</label>
		<description>Implant shimmering skin.</description>
		<jobString>Implanting shimmering skin.</jobString>
		<skillRequirements><Medicine>13</Medicine></skillRequirements>
		<ingredients><li><filter><thingDefs><li>EVOR_Item_Protection_Skin_ShimmeringSkin</li></thingDefs></filter></li></ingredients>
		<fixedIngredientFilter><thingDefs><li>EVOR_Item_Protection_Skin_ShimmeringSkin</li></thingDefs></fixedIngredientFilter>
		<addsHediff>EVOR_Hediff_Protection_Skin_ShimmeringSkin</addsHediff>
		<incompatibleWithHediffTags><li>Skin</li></incompatibleWithHediffTags>
		<descriptionHyperlinks><ThingDef>EVOR_Item_Protection_Skin_ShimmeringSkin</ThingDef><HediffDef>EVOR_Hediff_Protection_Skin_ShimmeringSkin</HediffDef></descriptionHyperlinks>
	</RecipeDef>
	<RecipeDef ParentName="SurgeryRemoveImplantBase">
		<defName>EVOR_SurgeryRemove_Protection_Skin_ShimmeringSkin</defName>
		<label>&lt;color=#00FFF7&gt;remove shimmering skin&lt;/color&gt;</label>
		<description>Remove shimmering skin.</description>
		<jobString>Removing shimmering skin.</jobString>
		<descriptionHyperlinks>
			<ThingDef>EVOR_Item_Protection_Skin_ShimmeringSkin</ThingDef>
			<HediffDef>EVOR_Hediff_Protection_Skin_ShimmeringSkin</HediffDef>
		</descriptionHyperlinks>
		<removesHediff>EVOR_Hediff_Protection_Skin_ShimmeringSkin</removesHediff>
	</RecipeDef>
	
	<!-- radiation absorbing skin -->
	<ThingDef ParentName="EVOR_Item_Base_120protein2mechanites">
		<defName>EVOR_Item_Protection_Skin_RadiationAbsorbingSkin</defName>
		<label>&lt;color=#00FFF7&gt;radiation absorbing skin&lt;/color&gt;</label>
		<description>Skin tissue that absorbs radiation out of the body and sheds itself before it can grow cancerous growth.</description>
		<descriptionHyperlinks>
			<RecipeDef>EVOR_SurgeryInstall_Protection_Skin_RadiationAbsorbingSkin</RecipeDef>
			<HediffDef>EVOR_Hediff_Protection_Skin_RadiationAbsorbingSkin</HediffDef>
		</descriptionHyperlinks>
		<recipeMaker>
			<researchPrerequisite>EVOR_Research_Outer1</researchPrerequisite>
		</recipeMaker>
	</ThingDef>
	<HediffDef ParentName="EVOR_Hediff_ImplantBase">
		<defName>EVOR_Hediff_Protection_Skin_RadiationAbsorbingSkin</defName>
		<label>&lt;color=#00FFF7&gt;radiation absorbing skin&lt;/color&gt;</label>
		<labelNoun>radiation absorbing skin</labelNoun>
		<spawnThingOnRemoved>EVOR_Item_Protection_Skin_RadiationAbsorbingSkin</spawnThingOnRemoved>
		<stages><li><statOffsets>
			<ToxicSensitivity>-0.70</ToxicSensitivity>
        </statOffsets></li></stages>
		<comps></comps>
		<description>Skin tissue that absorbs radiation out of the body and sheds itself before it can grow cancerous growth.</description>
    	<descriptionHyperlinks>
			<ThingDef>EVOR_Item_Protection_Skin_RadiationAbsorbingSkin</ThingDef>
			<RecipeDef>EVOR_SurgeryInstall_Protection_Skin_RadiationAbsorbingSkin</RecipeDef>
		</descriptionHyperlinks>
		<tags><li>Skin</li></tags>
	</HediffDef>
	<RecipeDef ParentName="EVOR_SurgeryInstallImplantBase">
		<defName>EVOR_SurgeryInstall_Protection_Skin_RadiationAbsorbingSkin</defName>
		<appliedOnFixedBodyParts><li>Torso</li></appliedOnFixedBodyParts>
		<label>&lt;color=#00FFF7&gt;implant radiation absorbing skin&lt;/color&gt;</label>
		<description>Implant radiation absorbing skin.</description>
		<jobString>Implanting radiation absorbing skin.</jobString>
		<skillRequirements><Medicine>13</Medicine></skillRequirements>
		<ingredients><li><filter><thingDefs><li>EVOR_Item_Protection_Skin_RadiationAbsorbingSkin</li></thingDefs></filter></li></ingredients>
		<fixedIngredientFilter><thingDefs><li>EVOR_Item_Protection_Skin_RadiationAbsorbingSkin</li></thingDefs></fixedIngredientFilter>
		<addsHediff>EVOR_Hediff_Protection_Skin_RadiationAbsorbingSkin</addsHediff>
		<incompatibleWithHediffTags><li>Skin</li></incompatibleWithHediffTags>
		<descriptionHyperlinks><ThingDef>EVOR_Item_Protection_Skin_RadiationAbsorbingSkin</ThingDef><HediffDef>EVOR_Hediff_Protection_Skin_RadiationAbsorbingSkin</HediffDef></descriptionHyperlinks>
	</RecipeDef>
	<RecipeDef ParentName="SurgeryRemoveImplantBase">
		<defName>EVOR_SurgeryRemove_Protection_Skin_RadiationAbsorbingSkin</defName>
		<label>&lt;color=#00FFF7&gt;remove radiation absorbing skin&lt;/color&gt;</label>
		<description>Remove radiation absorbing skin.</description>
		<jobString>Removing radiation absorbing skin.</jobString>
		<descriptionHyperlinks>
			<ThingDef>EVOR_Item_Protection_Skin_RadiationAbsorbingSkin</ThingDef>
			<HediffDef>EVOR_Hediff_Protection_Skin_RadiationAbsorbingSkin</HediffDef>
		</descriptionHyperlinks>
		<removesHediff>EVOR_Hediff_Protection_Skin_RadiationAbsorbingSkin</removesHediff>
	</RecipeDef>

	<!-- phytoplankton skin -->
	<ThingDef ParentName="EVOR_Item_Base_120protein2mechanites">
		<defName>EVOR_Item_Protection_Skin_PhytoplanktonSkin</defName>
		<label>&lt;color=#00FFF7&gt;phytoplankton skin&lt;/color&gt;</label>
		<description>This skin generates energy via photosynthesis and passes it onto the user.</description>
		<descriptionHyperlinks>
			<RecipeDef>EVOR_SurgeryInstall_Protection_Skin_PhytoplanktonSkin</RecipeDef>
			<HediffDef>EVOR_Hediff_Protection_Skin_PhytoplanktonSkin</HediffDef>
		</descriptionHyperlinks>
		<recipeMaker>
			<researchPrerequisite>EVOR_Research_Outer1</researchPrerequisite>
		</recipeMaker>
	</ThingDef>
	<HediffDef ParentName="EVOR_Hediff_ImplantBase">
		<defName>EVOR_Hediff_Protection_Skin_PhytoplanktonSkin</defName>
		<label>&lt;color=#00FFF7&gt;phytoplankton skin&lt;/color&gt;</label>
		<labelNoun>phytoplankton skin</labelNoun>
		<spawnThingOnRemoved>EVOR_Item_Protection_Skin_PhytoplanktonSkin</spawnThingOnRemoved>
		<stages>
			<li>
				<statOffsets>
                    <WorkSpeedGlobal>0.05</WorkSpeedGlobal>
				</statOffsets>
				<capMods>
					<li>
						<capacity>Moving</capacity>
						<offset>0.10</offset>
					</li>
				</capMods>
				<restFallFactorOffset>-0.1</restFallFactorOffset>
			</li>
		</stages>
		<comps></comps>
		<description>This skin generates energy via photosynthesis and passes it onto the user.</description>
    	<descriptionHyperlinks>
			<ThingDef>EVOR_Item_Protection_Skin_PhytoplanktonSkin</ThingDef>
			<RecipeDef>EVOR_SurgeryInstall_Protection_Skin_PhytoplanktonSkin</RecipeDef>
		</descriptionHyperlinks>
		<tags><li>Skin</li></tags>
	</HediffDef>
	<RecipeDef ParentName="EVOR_SurgeryInstallImplantBase">
		<defName>EVOR_SurgeryInstall_Protection_Skin_PhytoplanktonSkin</defName>
		<appliedOnFixedBodyParts><li>Torso</li></appliedOnFixedBodyParts>
		<label>&lt;color=#00FFF7&gt;implant phytoplankton skin&lt;/color&gt;</label>
		<description>Implant phytoplankton skin.</description>
		<jobString>Implanting phytoplankton skin.</jobString>
		<skillRequirements><Medicine>13</Medicine></skillRequirements>
		<ingredients><li><filter><thingDefs><li>EVOR_Item_Protection_Skin_PhytoplanktonSkin</li></thingDefs></filter></li></ingredients>
		<fixedIngredientFilter><thingDefs><li>EVOR_Item_Protection_Skin_PhytoplanktonSkin</li></thingDefs></fixedIngredientFilter>
		<addsHediff>EVOR_Hediff_Protection_Skin_PhytoplanktonSkin</addsHediff>
		<incompatibleWithHediffTags><li>Skin</li></incompatibleWithHediffTags>
		<descriptionHyperlinks><ThingDef>EVOR_Item_Protection_Skin_PhytoplanktonSkin</ThingDef><HediffDef>EVOR_Hediff_Protection_Skin_PhytoplanktonSkin</HediffDef></descriptionHyperlinks>
	</RecipeDef>
	<RecipeDef ParentName="SurgeryRemoveImplantBase">
		<defName>EVOR_SurgeryRemove_Protection_Skin_PhytoplanktonSkin</defName>
		<label>&lt;color=#00FFF7&gt;remove phytoplankton skin&lt;/color&gt;</label>
		<description>Remove phytoplankton skin.</description>
		<jobString>Removing phytoplankton skin.</jobString>
		<descriptionHyperlinks>
			<ThingDef>EVOR_Item_Protection_Skin_PhytoplanktonSkin</ThingDef>
			<HediffDef>EVOR_Hediff_Protection_Skin_PhytoplanktonSkin</HediffDef>
		</descriptionHyperlinks>
		<removesHediff>EVOR_Hediff_Protection_Skin_PhytoplanktonSkin</removesHediff>
	</RecipeDef>
	
	<!-- calcium alloy ribcage -->
	<ThingDef ParentName="EVOR_Item_Base_120protein2mechanites">
		<defName>EVOR_Item_Protection_Ribcage_CalciumAlloyRibcage</defName>
		<label>&lt;color=#00FFF7&gt;calcium alloy ribcage&lt;/color&gt;</label>
		<description>By altering the composition of the ribcage into a calcium and metal alloy, and encasing the upper body in an organic rubber analogue, the durability of the upper body is immensely increased.</description>
		<descriptionHyperlinks>
			<RecipeDef>EVOR_SurgeryInstall_Protection_Ribcage_CalciumAlloyRibcage</RecipeDef>
			<HediffDef>EVOR_Hediff_Protection_Ribcage_CalciumAlloyRibcage</HediffDef>
		</descriptionHyperlinks>
		<recipeMaker>
			<researchPrerequisite>EVOR_Research_Outer1</researchPrerequisite>
		</recipeMaker>
	</ThingDef>
	<HediffDef ParentName="EVOR_Hediff_ImplantBase">
		<defName>EVOR_Hediff_Protection_Ribcage_CalciumAlloyRibcage</defName>
		<label>&lt;color=#00FFF7&gt;calcium alloy ribcage&lt;/color&gt;</label>
		<labelNoun>calcium alloy ribcage</labelNoun>
		<spawnThingOnRemoved>EVOR_Item_Protection_Ribcage_CalciumAlloyRibcage</spawnThingOnRemoved>
		<stages>
			<li>
                <statOffsets>
                    <ArmorRating_Blunt>0.35</ArmorRating_Blunt>
					<ArmorRating_Sharp>0.70</ArmorRating_Sharp>
					<ArmorRating_Heat>0.20</ArmorRating_Heat>
                </statOffsets>
            </li>
		</stages>
		<comps></comps>
		<description>By altering the composition of the ribcage into a calcium and metal alloy, and encasing the upper body in an organic rubber analogue, the durability of the upper body is immensely increased.</description>
    	<descriptionHyperlinks>
			<ThingDef>EVOR_Item_Protection_Ribcage_CalciumAlloyRibcage</ThingDef>
			<RecipeDef>EVOR_SurgeryInstall_Protection_Ribcage_CalciumAlloyRibcage</RecipeDef>
		</descriptionHyperlinks>
	</HediffDef>
	<RecipeDef ParentName="EVOR_SurgeryInstallImplantBase">
		<defName>EVOR_SurgeryInstall_Protection_Ribcage_CalciumAlloyRibcage</defName>
		<appliedOnFixedBodyParts><li>Ribcage</li></appliedOnFixedBodyParts>
		<label>&lt;color=#00FFF7&gt;implant calcium alloy ribcage&lt;/color&gt;</label>
		<description>Implant calcium alloy ribcage.</description>
		<jobString>Implanting calcium alloy ribcage.</jobString>
		<skillRequirements><Medicine>13</Medicine></skillRequirements>
		<ingredients><li><filter><thingDefs><li>EVOR_Item_Protection_Ribcage_CalciumAlloyRibcage</li></thingDefs></filter></li></ingredients>
		<fixedIngredientFilter><thingDefs><li>EVOR_Item_Protection_Ribcage_CalciumAlloyRibcage</li></thingDefs></fixedIngredientFilter>
		<addsHediff>EVOR_Hediff_Protection_Ribcage_CalciumAlloyRibcage</addsHediff>
		<descriptionHyperlinks><ThingDef>EVOR_Item_Protection_Ribcage_CalciumAlloyRibcage</ThingDef><HediffDef>EVOR_Hediff_Protection_Ribcage_CalciumAlloyRibcage</HediffDef></descriptionHyperlinks>
	</RecipeDef>
	<RecipeDef ParentName="SurgeryRemoveImplantBase">
		<defName>EVOR_SurgeryRemove_Protection_Ribcage_CalciumAlloyRibcage</defName>
		<label>&lt;color=#00FFF7&gt;remove calcium alloy ribcage&lt;/color&gt;</label>
		<description>Remove calcium alloy ribcage.</description>
		<jobString>Removing calcium alloy ribcage.</jobString>
		<descriptionHyperlinks>
			<ThingDef>EVOR_Item_Protection_Ribcage_CalciumAlloyRibcage</ThingDef>
			<HediffDef>EVOR_Hediff_Protection_Ribcage_CalciumAlloyRibcage</HediffDef>
		</descriptionHyperlinks>
		<removesHediff>EVOR_Hediff_Protection_Ribcage_CalciumAlloyRibcage</removesHediff>
	</RecipeDef>

	<!-- reinforced neck muscles -->
	<ThingDef ParentName="EVOR_Item_Base_120protein2mechanites">
		<defName>EVOR_Item_Protection_Neck_ReinforcedNeckMuscles</defName>
		<label>&lt;color=#00FFF7&gt;reinforced neck muscles&lt;/color&gt;</label>
		<description>Reinforces the neck muscles with plasteel threads.</description>
		<descriptionHyperlinks>
			<RecipeDef>EVOR_SurgeryInstall_Protection_Neck_ReinforcedNeckMuscles</RecipeDef>
			<HediffDef>EVOR_Hediff_Protection_Neck_ReinforcedNeckMuscles</HediffDef>
		</descriptionHyperlinks>
		<recipeMaker>
			<researchPrerequisite>EVOR_Research_Outer1</researchPrerequisite>
		</recipeMaker>
	</ThingDef>
	<HediffDef ParentName="EVOR_Hediff_ImplantBase">
		<defName>EVOR_Hediff_Protection_Neck_ReinforcedNeckMuscles</defName>
		<label>&lt;color=#00FFF7&gt;reinforced neck muscles&lt;/color&gt;</label>
		<labelNoun>reinforced neck muscles</labelNoun>
		<spawnThingOnRemoved>EVOR_Item_Protection_Neck_ReinforcedNeckMuscles</spawnThingOnRemoved>
		<stages><li><statOffsets>
			<ArmorRating_Blunt>0.50</ArmorRating_Blunt>
			<ArmorRating_Sharp>0.20</ArmorRating_Sharp>
        </statOffsets></li></stages>
		<comps></comps>
		<description>Reinforces the neck muscles with plasteel threads.</description>
    	<descriptionHyperlinks>
			<ThingDef>EVOR_Item_Protection_Neck_ReinforcedNeckMuscles</ThingDef>
			<RecipeDef>EVOR_SurgeryInstall_Protection_Neck_ReinforcedNeckMuscles</RecipeDef>
		</descriptionHyperlinks>
	</HediffDef>
	<RecipeDef ParentName="EVOR_SurgeryInstallImplantBase">
		<defName>EVOR_SurgeryInstall_Protection_Neck_ReinforcedNeckMuscles</defName>
		<appliedOnFixedBodyParts><li>Neck</li></appliedOnFixedBodyParts>
		<label>&lt;color=#00FFF7&gt;implant reinforced neck muscles&lt;/color&gt;</label>
		<description>Implant reinforced neck muscles.</description>
		<jobString>Implanting reinforced neck muscles.</jobString>
		<skillRequirements><Medicine>13</Medicine></skillRequirements>
		<ingredients><li><filter><thingDefs><li>EVOR_Item_Protection_Neck_ReinforcedNeckMuscles</li></thingDefs></filter></li></ingredients>
		<fixedIngredientFilter><thingDefs><li>EVOR_Item_Protection_Neck_ReinforcedNeckMuscles</li></thingDefs></fixedIngredientFilter>
		<addsHediff>EVOR_Hediff_Protection_Neck_ReinforcedNeckMuscles</addsHediff>
		<descriptionHyperlinks><ThingDef>EVOR_Item_Protection_Neck_ReinforcedNeckMuscles</ThingDef><HediffDef>EVOR_Hediff_Protection_Neck_ReinforcedNeckMuscles</HediffDef></descriptionHyperlinks>
	</RecipeDef>
	<RecipeDef ParentName="SurgeryRemoveImplantBase">
		<defName>EVOR_SurgeryRemove_Protection_Neck_ReinforcedNeckMuscles</defName>
		<label>&lt;color=#00FFF7&gt;remove reinforced neck muscles&lt;/color&gt;</label>
		<description>Remove reinforced neck muscles.</description>
		<jobString>Removing reinforced neck muscles.</jobString>
		<descriptionHyperlinks>
			<ThingDef>EVOR_Item_Protection_Neck_ReinforcedNeckMuscles</ThingDef>
			<HediffDef>EVOR_Hediff_Protection_Neck_ReinforcedNeckMuscles</HediffDef>
		</descriptionHyperlinks>
		<removesHediff>EVOR_Hediff_Protection_Neck_ReinforcedNeckMuscles</removesHediff>
	</RecipeDef>

</Defs>