<?xml version="1.0" encoding="utf-8" ?>
<Defs>

	<!-- neural hyperthreader -->
	<ThingDef ParentName="EVOR_Item_Base_500protein10mechanites">
		<defName>EVOR_Item_Brain_NeuralHyperthreader</defName>
		<label>&lt;color=#00FFF7&gt;neural hyperthreader&lt;/color&gt;</label>
		<description>As a result of a redesign of the cranial nerve nucleus, the user can concentrate on multiple thoughts at the same time.</description>
		<descriptionHyperlinks>
			<RecipeDef>EVOR_SurgeryInstall_Brain_NeuralHyperthreader</RecipeDef>
			<HediffDef>EVOR_Hediff_Brain_NeuralHyperthreader</HediffDef>
		</descriptionHyperlinks>
		<recipeMaker>
			<researchPrerequisite>EVOR_Research_Brain1</researchPrerequisite>
		</recipeMaker>
	</ThingDef>
	<HediffDef ParentName="EVOR_Hediff_ImplantBase">
		<defName>EVOR_Hediff_Brain_NeuralHyperthreader</defName>
		<label>&lt;color=#00FFF7&gt;neural hyperthreader&lt;/color&gt;</label>
		<labelNoun>neural hyperthreader</labelNoun>
		<spawnThingOnRemoved>EVOR_Item_Brain_NeuralHyperthreader</spawnThingOnRemoved>
		<stages>
			<li>
				<capMods>
					<li>
						<capacity>Consciousness</capacity>
						<offset>0.25</offset>
					</li>
				</capMods>
				<restFallFactor>0.80</restFallFactor>
				<statOffsets>
					<GlobalLearningFactor>0.20</GlobalLearningFactor>
					<MentalBreakThreshold>-0.25</MentalBreakThreshold>
					<WorkSpeedGlobal>0.25</WorkSpeedGlobal>
					<ResearchSpeed>0.15</ResearchSpeed>
					<MedicalTendQuality>0.10</MedicalTendQuality>
				</statOffsets>
			</li>
		</stages>
		<comps></comps>
		<description>As a result of a redesign of the cranial nerve nucleus, the user can concentrate on multiple thoughts at the same time.</description>
    	<descriptionHyperlinks>
			<ThingDef>EVOR_Item_Brain_NeuralHyperthreader</ThingDef>
			<RecipeDef>EVOR_SurgeryInstall_Brain_NeuralHyperthreader</RecipeDef>
		</descriptionHyperlinks>
	</HediffDef>
	<RecipeDef ParentName="EVOR_SurgeryInstallImplantBase">
		<defName>EVOR_SurgeryInstall_Brain_NeuralHyperthreader</defName>
		<appliedOnFixedBodyParts><li>Brain</li></appliedOnFixedBodyParts>
		<label>&lt;color=#00FFF7&gt;implant neural hyperthreader&lt;/color&gt;</label>
		<description>Implant neural hyperthreader.</description>
		<jobString>Implanting neural hyperthreader.</jobString>
		<skillRequirements><Medicine>13</Medicine></skillRequirements>
		<ingredients><li><filter><thingDefs><li>EVOR_Item_Brain_NeuralHyperthreader</li></thingDefs></filter></li></ingredients>
		<fixedIngredientFilter><thingDefs><li>EVOR_Item_Brain_NeuralHyperthreader</li></thingDefs></fixedIngredientFilter>
		<addsHediff>EVOR_Hediff_Brain_NeuralHyperthreader</addsHediff>
		<descriptionHyperlinks><ThingDef>EVOR_Item_Brain_NeuralHyperthreader</ThingDef><HediffDef>EVOR_Hediff_Brain_NeuralHyperthreader</HediffDef></descriptionHyperlinks>
	</RecipeDef>
	<RecipeDef ParentName="EVOR_SurgeryRemoveImplantBase">
		<defName>EVOR_SurgeryRemove_Brain_NeuralHyperthreader</defName>
		<label>&lt;color=#00FFF7&gt;remove neural hyperthreader&lt;/color&gt;</label>
		<description>Remove neural hyperthreader.</description>
		<jobString>Removing neural hyperthreader.</jobString>
		<descriptionHyperlinks>
			<ThingDef>EVOR_Item_Brain_NeuralHyperthreader</ThingDef>
			<HediffDef>EVOR_Hediff_Brain_NeuralHyperthreader</HediffDef>
		</descriptionHyperlinks>
		<removesHediff>EVOR_Hediff_Brain_NeuralHyperthreader</removesHediff>
	</RecipeDef>

	<!-- butchers nails -->
	<ThingDef ParentName="EVOR_Item_Base_500protein10mechanites">
		<defName>EVOR_Item_Brain_ButchersNails</defName>
		<label>&lt;color=#00FFF7&gt;butchers nails&lt;/color&gt;</label>
		<description>These imperfect organs are made to enhance the latent aggression of a being, turning them into a force of nature on the battlefield. However. their &lt;color=#EB4034&gt;constant desire to shed blood&lt;/color&gt; makes them highly likely to run mad. &lt;color=#EB4034&gt;Use with caution.&lt;/color&gt;</description>
		<descriptionHyperlinks>
			<RecipeDef>EVOR_SurgeryInstall_Brain_ButchersNails</RecipeDef>
			<HediffDef>EVOR_Hediff_Brain_ButchersNails</HediffDef>
		</descriptionHyperlinks>
		<recipeMaker>
			<researchPrerequisite>EVOR_Research_Brain1</researchPrerequisite>
		</recipeMaker>
	</ThingDef>
	<HediffDef ParentName="EVOR_Hediff_ImplantBase">
		<defName>EVOR_Hediff_Brain_ButchersNails</defName>
		<label>&lt;color=#00FFF7&gt;butchers nails&lt;/color&gt;</label>
		<labelNoun>butchers nails</labelNoun>
		<spawnThingOnRemoved>EVOR_Item_Brain_ButchersNails</spawnThingOnRemoved>
		<stages>
			<li>
				<socialFightChanceFactor>10</socialFightChanceFactor>
				<statOffsets>
					<MeleeDodgeChance>10</MeleeDodgeChance>
					<MeleeHitChance>10</MeleeHitChance>
					<MentalBreakThreshold>0.05</MentalBreakThreshold>
					<NegotiationAbility>-1.5</NegotiationAbility>
          			<SocialImpact>-1.5</SocialImpact>
					<AimingDelayFactor>-0.15</AimingDelayFactor>
				</statOffsets>
				<painFactor>0.33</painFactor>
			</li>
		</stages>
		<comps>
			<li Class="EvolvedOrgansRedux.EVOR_HediffCompProperties_ButchersNailsBloodlust">
				<daysUntilBerserk>7</daysUntilBerserk>
			</li>
		</comps>
		<description>These imperfect organs are made to enhance the latent aggression of a being, turning them into a force of nature on the battlefield. However. their &lt;color=#EB4034&gt;constant desire to shed blood&lt;/color&gt; makes them highly likely to run mad. &lt;color=#EB4034&gt;Use with caution.&lt;/color&gt;</description>
    	<descriptionHyperlinks>
			<ThingDef>EVOR_Item_Brain_ButchersNails</ThingDef>
			<RecipeDef>EVOR_SurgeryInstall_Brain_ButchersNails</RecipeDef>
		</descriptionHyperlinks>
		<tags><li>EVOR_Brain_DangerousImplant</li></tags>
	</HediffDef>
	<RecipeDef ParentName="EVOR_SurgeryInstallImplantBase">
		<defName>EVOR_SurgeryInstall_Brain_ButchersNails</defName>
		<appliedOnFixedBodyParts><li>Brain</li></appliedOnFixedBodyParts>
		<label>&lt;color=#00FFF7&gt;implant butchers nails&lt;/color&gt;</label>
		<description>Implant butchers nails.</description>
		<jobString>Implanting butchers nails.</jobString>
		<skillRequirements><Medicine>13</Medicine></skillRequirements>
		<ingredients><li><filter><thingDefs><li>EVOR_Item_Brain_ButchersNails</li></thingDefs></filter></li></ingredients>
		<fixedIngredientFilter><thingDefs><li>EVOR_Item_Brain_ButchersNails</li></thingDefs></fixedIngredientFilter>
		<addsHediff>EVOR_Hediff_Brain_ButchersNails</addsHediff>
		<incompatibleWithHediffTags><li>EVOR_Brain_DangerousImplant</li></incompatibleWithHediffTags>
		<descriptionHyperlinks><ThingDef>EVOR_Item_Brain_ButchersNails</ThingDef><HediffDef>EVOR_Hediff_Brain_ButchersNails</HediffDef></descriptionHyperlinks>
	</RecipeDef>
	<!--<RecipeDef ParentName="SurgeryRemoveImplantBase">
		<defName>EVOR_SurgeryRemove_Brain_ButchersNails</defName>
		<label>&lt;color=#00FFF7&gt;remove butchers nails&lt;/color&gt;</label>
		<description>Remove butchers nails.</description>
		<jobString>Removing butchers nails.</jobString>
		<descriptionHyperlinks>
			<ThingDef>EVOR_Item_Brain_ButchersNails</ThingDef>
			<HediffDef>EVOR_Hediff_Brain_ButchersNails</HediffDef>
		</descriptionHyperlinks>
		<removesHediff>EVOR_Hediff_Brain_ButchersNails</removesHediff>
	</RecipeDef>-->

	<!-- reptilian frontal cortex -->
	<ThingDef ParentName="EVOR_Item_Base_500protein10mechanites">
		<defName>EVOR_Item_Brain_ReptilianFrontalCortex</defName>
		<label>&lt;color=#00FFF7&gt;reptilian frontal cortex&lt;/color&gt;</label>
		<description>Part of a reptilian's brain gets merged with the users brain to make them a better fighter. The users intelligence suffers greatly for it.</description>
		<descriptionHyperlinks>
			<RecipeDef>EVOR_SurgeryInstall_Brain_ReptilianFrontalCortex</RecipeDef>
			<HediffDef>EVOR_Hediff_Brain_ReptilianFrontalCortex</HediffDef>
		</descriptionHyperlinks>
		<recipeMaker>
			<researchPrerequisite>EVOR_Research_Brain1</researchPrerequisite>
		</recipeMaker>
	</ThingDef>
	<HediffDef ParentName="EVOR_Hediff_ImplantBase">
		<defName>EVOR_Hediff_Brain_ReptilianFrontalCortex</defName>
		<label>&lt;color=#00FFF7&gt;reptilian frontal cortex&lt;/color&gt;</label>
		<labelNoun>reptilian frontal cortex</labelNoun>
		<spawnThingOnRemoved>EVOR_Item_Brain_ReptilianFrontalCortex</spawnThingOnRemoved>
		<stages><li>
				<statOffsets>
					<MeleeDodgeChance>5</MeleeDodgeChance>
					<MeleeHitChance>5</MeleeHitChance>
					<NegotiationAbility>-0.1</NegotiationAbility>
					<SocialImpact>-0.2</SocialImpact>
					<MentalBreakThreshold>0.1</MentalBreakThreshold>
					<AimingDelayFactor>-0.15</AimingDelayFactor>
				</statOffsets>
				<painOffset>-0.2</painOffset>
		</li></stages>
			<comps>
				<li Class="EvolvedOrgansRedux.EVOR_HediffCompProperties_AddTrait">
					<traitDef>EVOR_ExcellentFighter</traitDef>
				</li>
				<li Class="EvolvedOrgansRedux.EVOR_HediffCompProperty_ManipulateSkills">
					<increasedSkills>
						<li>
							<key>Shooting</key>
							<value>20</value>
						</li>
						<li>
							<key>Melee</key>
							<value>20</value>
						</li>
					</increasedSkills>
				</li>
			</comps>
		<description>Part of a reptilian's brain gets merged with the users brain to make them an excellent fighter. The users intelligence suffers greatly for it.</description>
    	<descriptionHyperlinks>
			<ThingDef>EVOR_Item_Brain_ReptilianFrontalCortex</ThingDef>
			<RecipeDef>EVOR_SurgeryInstall_Brain_ReptilianFrontalCortex</RecipeDef>
		</descriptionHyperlinks>
		<tags><li>EVOR_Brain_DangerousImplant</li></tags>
	</HediffDef>
	<RecipeDef ParentName="EVOR_SurgeryInstallImplantBase">
		<defName>EVOR_SurgeryInstall_Brain_ReptilianFrontalCortex</defName>
		<appliedOnFixedBodyParts><li>Brain</li></appliedOnFixedBodyParts>
		<label>&lt;color=#00FFF7&gt;implant reptilian frontal cortex&lt;/color&gt;</label>
		<description>Implant reptilian frontal cortex.</description>
		<jobString>Implanting reptilian frontal cortex.</jobString>
		<skillRequirements><Medicine>13</Medicine></skillRequirements>
		<ingredients><li><filter><thingDefs><li>EVOR_Item_Brain_ReptilianFrontalCortex</li></thingDefs></filter></li></ingredients>
		<fixedIngredientFilter><thingDefs><li>EVOR_Item_Brain_ReptilianFrontalCortex</li></thingDefs></fixedIngredientFilter>
		<addsHediff>EVOR_Hediff_Brain_ReptilianFrontalCortex</addsHediff>
		<incompatibleWithHediffTags><li>EVOR_Brain_DangerousImplant</li></incompatibleWithHediffTags>
		<descriptionHyperlinks><ThingDef>EVOR_Item_Brain_ReptilianFrontalCortex</ThingDef><HediffDef>EVOR_Hediff_Brain_ReptilianFrontalCortex</HediffDef></descriptionHyperlinks>
	</RecipeDef>
	<!--<RecipeDef ParentName="SurgeryRemoveImplantBase">
		<defName>EVOR_SurgeryRemove_Brain_ReptilianFrontalCortex</defName>
		<label>&lt;color=#00FFF7&gt;remove reptilian frontal cortex&lt;/color&gt;</label>
		<description>Remove reptilian frontal cortex.</description>
		<jobString>Removing reptilian frontal cortex.</jobString>
		<descriptionHyperlinks>
			<ThingDef>EVOR_Item_Brain_ReptilianFrontalCortex</ThingDef>
			<HediffDef>EVOR_Hediff_Brain_ReptilianFrontalCortex</HediffDef>
		</descriptionHyperlinks>
		<removesHediff>EVOR_Hediff_Brain_ReptilianFrontalCortex</removesHediff>
	</RecipeDef>-->

</Defs>