<?xml version="1.0" encoding="utf-8" ?>
<Defs>
	<!-- extradextrous arm -->
	<ThingDef ParentName="EVOR_Item_Base_120protein2mechanites">
		<defName>EVOR_Item_Appendage_ExtradextrousArm</defName>
		<label>&lt;color=#00FFF7&gt;extradextrous appendage&lt;/color&gt;</label>
		<description>By strengthening the muscles in the appendage and increasing fine nervous control, the entire performance of the appendage is increased.</description>
		<descriptionHyperlinks><RecipeDef>EVOR_SurgeryInstall_Appendage_ExtradextrousArm</RecipeDef><HediffDef>EVOR_Hediff_Appendage_ExtradextrousArm</HediffDef></descriptionHyperlinks>
		<recipeMaker>
			<researchPrerequisite>EVOR_Research_Limbs1</researchPrerequisite>
		</recipeMaker>
	</ThingDef>
	<HediffDef ParentName="EVOR_Hediff_BodyPartBase">
		<defName>EVOR_Hediff_Appendage_ExtradextrousArm</defName>
		<label>&lt;color=#00FFF7&gt;extradextrous appendage&lt;/color&gt;</label>
		<labelNoun>an extradextrous appendage</labelNoun>
		<addedPartProps><partEfficiency>2</partEfficiency><isGoodWeapon>true</isGoodWeapon></addedPartProps>
		<spawnThingOnRemoved>EVOR_Item_Appendage_ExtradextrousArm</spawnThingOnRemoved>
		<comps>
			<li Class="HediffCompProperties_VerbGiver">
				<tools>
					<li>
						<capacities>
							<li>Blunt</li>
						</capacities>
						<power>10</power>
						<cooldownTime>2</cooldownTime>
					</li>
				</tools>
			</li>
		</comps>
		<description>By strengthening the muscles in the entire appendage, and increasing fine nervous control, the entire performance of the appendage is increased.</description>
		<descriptionHyperlinks><ThingDef>EVOR_Item_Appendage_ExtradextrousArm</ThingDef><RecipeDef>EVOR_SurgeryInstall_Appendage_ExtradextrousArm</RecipeDef></descriptionHyperlinks>
	</HediffDef>
	<RecipeDef ParentName="EVOR_SurgeryInstallBodyPartArtificialBase">
		<defName>EVOR_SurgeryInstall_Appendage_ExtradextrousArm</defName>
		<label>&lt;color=#00FFF7&gt;implant extradextrous appendage&lt;/color&gt;</label>
		<description>Implant extradextrous appendage.</description>
		<jobString>Implanting extradextrous appendage.</jobString>
		<skillRequirements><Medicine>13</Medicine></skillRequirements>
		<ingredients><li><filter><thingDefs><li>EVOR_Item_Appendage_ExtradextrousArm</li></thingDefs></filter></li></ingredients>
		<fixedIngredientFilter><thingDefs><li>EVOR_Item_Appendage_ExtradextrousArm</li></thingDefs></fixedIngredientFilter>
		<appliedOnFixedBodyParts><li>Shoulder</li></appliedOnFixedBodyParts>
		<addsHediff>EVOR_Hediff_Appendage_ExtradextrousArm</addsHediff>
		<descriptionHyperlinks>
			<ThingDef>EVOR_Item_Appendage_ExtradextrousArm</ThingDef>
			<HediffDef>EVOR_Hediff_Appendage_ExtradextrousArm</HediffDef>
		</descriptionHyperlinks>
	</RecipeDef>
	<RecipeDef ParentName="EVOR_SurgeryRemoveImplantBase">
		<defName>EVOR_SurgeryRemove_Appendage_ExtradextrousArm</defName>
		<label>&lt;color=#00FFF7&gt;remove extradextrous appendage&lt;/color&gt;</label>
		<description>Remove extradextrous appendage.</description>
		<jobString>Removing extradextrous appendage.</jobString>
		<descriptionHyperlinks>
			<ThingDef>EVOR_Item_Appendage_ExtradextrousArm</ThingDef>
			<HediffDef>EVOR_Hediff_Appendage_ExtradextrousArm</HediffDef>
		</descriptionHyperlinks>
		<removesHediff>EVOR_Hediff_Appendage_ExtradextrousArm</removesHediff>
		<appliedOnFixedBodyParts><li>LowerShoulder</li></appliedOnFixedBodyParts>
	</RecipeDef>
	
	<!-- rending claw -->
	<ThingDef ParentName="EVOR_Item_Base_120protein2mechanites">
		<defName>EVOR_Item_Appendage_RendingClaw</defName>
		<label>&lt;color=#00FFF7&gt;rending claw&lt;/color&gt;</label>
		<description>While being less dextrous than the extradextrous appendage, the sharp talons also increase the hosts ability to fight back.</description>
		<descriptionHyperlinks>
			<RecipeDef>EVOR_SurgeryInstall_Appendage_RendingClaw</RecipeDef>
			<HediffDef>EVOR_Hediff_Appendage_RendingClaw</HediffDef>
		</descriptionHyperlinks>
		<recipeMaker>
			<researchPrerequisite>EVOR_Research_Limbs2</researchPrerequisite>
		</recipeMaker>
	</ThingDef>
	<HediffDef ParentName="EVOR_Hediff_BodyPartBase">
		<defName>EVOR_Hediff_Appendage_RendingClaw</defName>
		<label>&lt;color=#00FFF7&gt;rending claw&lt;/color&gt;</label>
		<labelNoun>rending claw</labelNoun>
		<addedPartProps><partEfficiency>1.25</partEfficiency><isGoodWeapon>true</isGoodWeapon></addedPartProps>
		<spawnThingOnRemoved>EVOR_Item_Appendage_RendingClaw</spawnThingOnRemoved>
		<comps>
			<li Class="HediffCompProperties_VerbGiver">
				<tools>
					<li>
						<chanceFactor>2</chanceFactor>
						<capacities>
							<li>Cut</li>
						</capacities>
						<power>30</power>
						<cooldownTime>2.5</cooldownTime>
						<armorPenetration>0.5</armorPenetration>
						<alwaysTreatAsWeapon>true</alwaysTreatAsWeapon>
					</li>
				</tools>
			</li>
		</comps>
		<description>While being less dextrous than the extradextrous arm, the sharp talons also increase the hosts ability to fight back.</description>
    	<descriptionHyperlinks>
			<ThingDef>EVOR_Item_Appendage_RendingClaw</ThingDef>
			<RecipeDef>EVOR_SurgeryInstall_Appendage_RendingClaw</RecipeDef>
		</descriptionHyperlinks>
	</HediffDef>
	<RecipeDef ParentName="EVOR_SurgeryInstallBodyPartArtificialBase">
		<defName>EVOR_SurgeryInstall_Appendage_RendingClaw</defName>
		<label>&lt;color=#00FFF7&gt;implant rending claw&lt;/color&gt;</label>
		<description>Implant rending claw.</description>
		<jobString>Implanting rending claw.</jobString>
		<skillRequirements><Medicine>13</Medicine></skillRequirements>
		<ingredients><li><filter><thingDefs><li>EVOR_Item_Appendage_RendingClaw</li></thingDefs></filter></li></ingredients>
		<fixedIngredientFilter><thingDefs><li>EVOR_Item_Appendage_RendingClaw</li></thingDefs></fixedIngredientFilter>
		<appliedOnFixedBodyParts><li>Shoulder</li></appliedOnFixedBodyParts>
		<addsHediff>EVOR_Hediff_Appendage_RendingClaw</addsHediff>
		<descriptionHyperlinks><ThingDef>EVOR_Item_Appendage_RendingClaw</ThingDef><HediffDef>EVOR_Hediff_Appendage_RendingClaw</HediffDef></descriptionHyperlinks>
	</RecipeDef>
	<RecipeDef ParentName="EVOR_SurgeryRemoveImplantBase">
		<defName>EVOR_SurgeryRemove_Hediff_RendingClaw</defName>
		<label>&lt;color=#00FFF7&gt;remove rending claw&lt;/color&gt;</label>
		<description>Remove rending claw.</description>
		<jobString>Removing rending claw.</jobString>
		<descriptionHyperlinks>
			<ThingDef>EVOR_Item_Appendage_RendingClaw</ThingDef>
			<HediffDef>EVOR_Hediff_Appendage_RendingClaw</HediffDef>
		</descriptionHyperlinks>
		<removesHediff>EVOR_Hediff_Appendage_RendingClaw</removesHediff>
	</RecipeDef>
	
	<!-- high pressure pincer -->
	<ThingDef ParentName="EVOR_Item_Base_120protein2mechanites">
		<defName>EVOR_Item_Appendage_HighPressurePincer</defName>
		<label>&lt;color=#00FFF7&gt;high pressure pincer&lt;/color&gt;</label>
		<description>The claws on this limb are made of the toughest chitin, as well as being backed by muscles stronger than most animal jaws. The end result is a pincer that can wrench though any metal to destroy what lies inside.</description>
		<descriptionHyperlinks>
			<RecipeDef>EVOR_SurgeryInstall_Appendage_HighPressurePincer</RecipeDef>
			<HediffDef>EVOR_Hediff_Appendage_HighPressurePincer</HediffDef>
		</descriptionHyperlinks>
		<recipeMaker>
			<researchPrerequisite>EVOR_Research_Limbs2</researchPrerequisite>
		</recipeMaker>
	</ThingDef>
	<HediffDef ParentName="EVOR_Hediff_BodyPartBase">
		<defName>EVOR_Hediff_Appendage_HighPressurePincer</defName>
		<label>&lt;color=#00FFF7&gt;high pressure pincer&lt;/color&gt;</label>
		<labelNoun>high pressure pincer</labelNoun>
		<addedPartProps><partEfficiency>1.00</partEfficiency><isGoodWeapon>true</isGoodWeapon></addedPartProps>
		<spawnThingOnRemoved>EVOR_Item_Appendage_HighPressurePincer</spawnThingOnRemoved>
		<comps>
			<li Class="HediffCompProperties_VerbGiver">
				<tools>
					<li>
						<chanceFactor>2</chanceFactor>
						<capacities>
							<li>Blunt</li>
						</capacities>
						<power>48.0</power>
						<cooldownTime>3.2</cooldownTime>
						<armorPenetration>0.8</armorPenetration>
						<alwaysTreatAsWeapon>true</alwaysTreatAsWeapon>
					</li>
				</tools>
			</li>
		</comps>
		<description>The claws on this limb are made of the toughest chitin, as well as being backed by muscles stronger than most animal jaws. The end result is a pincer that can wrench though any metal to destroy what lies inside.</description>
    	<descriptionHyperlinks><ThingDef>EVOR_Item_Appendage_HighPressurePincer</ThingDef><RecipeDef>EVOR_SurgeryInstall_Appendage_HighPressurePincer</RecipeDef></descriptionHyperlinks>
	</HediffDef>
	<RecipeDef ParentName="EVOR_SurgeryInstallBodyPartArtificialBase">
		<defName>EVOR_SurgeryInstall_Appendage_HighPressurePincer</defName>
		<label>&lt;color=#00FFF7&gt;implant high pressure pincer&lt;/color&gt;</label>
		<description>Implant high pressure pincer.</description>
		<jobString>Implanting high pressure pincer.</jobString>
		<skillRequirements><Medicine>13</Medicine></skillRequirements>
		<ingredients><li><filter><thingDefs><li>EVOR_Item_Appendage_HighPressurePincer</li></thingDefs></filter></li></ingredients>
		<fixedIngredientFilter><thingDefs><li>EVOR_Item_Appendage_HighPressurePincer</li></thingDefs></fixedIngredientFilter>
		<appliedOnFixedBodyParts><li>Shoulder</li></appliedOnFixedBodyParts>
		<addsHediff>EVOR_Hediff_Appendage_HighPressurePincer</addsHediff>
		<descriptionHyperlinks><ThingDef>EVOR_Item_Appendage_HighPressurePincer</ThingDef><HediffDef>EVOR_Hediff_Appendage_HighPressurePincer</HediffDef></descriptionHyperlinks>
	</RecipeDef>
	<RecipeDef ParentName="EVOR_SurgeryRemoveImplantBase">
		<defName>EVOR_SurgeryRemove_Hediff_HighPressurePincer</defName>
		<label>&lt;color=#00FFF7&gt;remove high pressure pincer&lt;/color&gt;</label>
		<description>Remove high pressure pincer.</description>
		<jobString>Removing high pressure pincer.</jobString>
		<descriptionHyperlinks><ThingDef>EVOR_Item_Appendage_HighPressurePincer</ThingDef><HediffDef>EVOR_Hediff_Appendage_HighPressurePincer</HediffDef></descriptionHyperlinks>
		<removesHediff>EVOR_Hediff_Appendage_HighPressurePincer</removesHediff>
	</RecipeDef>
	
	<!-- sonic impact mace -->
	<ThingDef ParentName="EVOR_Item_Base_120protein2mechanites">
		<defName>EVOR_Item_Appendage_SonicImpactMace</defName>
		<label>&lt;color=#00FFF7&gt;sonic impact mace&lt;/color&gt;</label>
		<description>This limb is created out of a mass of strengthened bone, with an intricate series of holes that serves to amplify sound. This results in a mace that creates a large disorienting soundwave on impact.</description>
		<descriptionHyperlinks>
			<RecipeDef>EVOR_SurgeryInstall_Appendage_SonicImpactMace</RecipeDef>
			<HediffDef>EVOR_Hediff_Appendage_SonicImpactMace</HediffDef>
		</descriptionHyperlinks>
		<recipeMaker>
			<researchPrerequisite>EVOR_Research_ExpandedLimbBattleUtility</researchPrerequisite>
		</recipeMaker>
	</ThingDef>
	<HediffDef ParentName="EVOR_Hediff_BodyPartBase">
		<defName>EVOR_Hediff_Appendage_SonicImpactMace</defName>
		<label>&lt;color=#00FFF7&gt;sonic impact mace&lt;/color&gt;</label>
		<labelNoun>sonic impact mace</labelNoun>
		<addedPartProps><partEfficiency>1.25</partEfficiency><isGoodWeapon>true</isGoodWeapon></addedPartProps>
		<spawnThingOnRemoved>EVOR_Item_Appendage_SonicImpactMace</spawnThingOnRemoved>
		<comps>
			<li Class="HediffCompProperties_VerbGiver">
				<tools>
					<li>
						<chanceFactor>10</chanceFactor>
						<capacities>
							<li>Blunt</li>
							<li>EVOR_Cap_Sonic</li>
						</capacities>
						<power>10.0</power>
						<cooldownTime>3.2</cooldownTime>
						<alwaysTreatAsWeapon>true</alwaysTreatAsWeapon>
						<armorPenetration>0.1</armorPenetration>
					</li>
				</tools>
			</li>
		</comps>
		<description>This limb is created out of a mass of strengthened bone, with an intricate series of holes that serves to amplify sound. This results in a mace that creates a large disorienting soundwave on impact.</description>
    	<descriptionHyperlinks><ThingDef>EVOR_Item_Appendage_SonicImpactMace</ThingDef><RecipeDef>EVOR_SurgeryInstall_Appendage_SonicImpactMace</RecipeDef></descriptionHyperlinks>
	</HediffDef>
	<RecipeDef ParentName="EVOR_SurgeryInstallBodyPartArtificialBase">
		<defName>EVOR_SurgeryInstall_Appendage_SonicImpactMace</defName>
		<label>&lt;color=#00FFF7&gt;implant sonic impact mace&lt;/color&gt;</label>
		<description>Implant sonic impact mace.</description>
		<jobString>Implanting sonic impact mace.</jobString>
		<skillRequirements><Medicine>13</Medicine></skillRequirements>
		<ingredients><li><filter><thingDefs><li>EVOR_Item_Appendage_SonicImpactMace</li></thingDefs></filter></li></ingredients>
		<fixedIngredientFilter><thingDefs><li>EVOR_Item_Appendage_SonicImpactMace</li></thingDefs></fixedIngredientFilter>
		<appliedOnFixedBodyParts><li>Shoulder</li></appliedOnFixedBodyParts>
		<addsHediff>EVOR_Hediff_Appendage_SonicImpactMace</addsHediff>
		<descriptionHyperlinks><ThingDef>EVOR_Item_Appendage_SonicImpactMace</ThingDef><HediffDef>EVOR_Hediff_Appendage_SonicImpactMace</HediffDef></descriptionHyperlinks>
	</RecipeDef>
	<RecipeDef ParentName="EVOR_SurgeryRemoveImplantBase">
		<defName>EVOR_SurgeryRemove_Hediff_SonicImpactMace</defName>
		<label>&lt;color=#00FFF7&gt;remove sonic impact mace&lt;/color&gt;</label>
		<description>Remove sonic impact mace.</description>
		<jobString>Removing sonic impact mace.</jobString>
		<descriptionHyperlinks><ThingDef>EVOR_Item_Appendage_SonicImpactMace</ThingDef><HediffDef>EVOR_Hediff_Appendage_SonicImpactMace</HediffDef></descriptionHyperlinks>
		<removesHediff>EVOR_Hediff_Appendage_SonicImpactMace</removesHediff>
	</RecipeDef>

	<!-- venopillar arm -->
	<ThingDef ParentName="EVOR_Item_Base_120protein2mechanites">
		<defName>EVOR_Item_Appendage_VenopillarArm</defName>
		<label>&lt;color=#00FFF7&gt;venopillar arm&lt;/color&gt;</label>
		<description>An arm with a parotid gland that contains a potent venom and sharp nails.</description>
		<descriptionHyperlinks>
			<RecipeDef>EVOR_SurgeryInstall_Appendage_VenopillarArm</RecipeDef>
			<HediffDef>EVOR_Hediff_Appendage_VenopillarArm</HediffDef>
		</descriptionHyperlinks>
		<recipeMaker>
			<researchPrerequisite>EVOR_Research_ExpandedLimbBattleUtility</researchPrerequisite>
		</recipeMaker>
	</ThingDef>
	<HediffDef ParentName="EVOR_Hediff_BodyPartBase">
		<defName>EVOR_Hediff_Appendage_VenopillarArm</defName>
		<label>&lt;color&gt;venopillar arm&lt;/color&gt;</label>
		<labelNoun>venopillar arm</labelNoun>
		<addedPartProps><partEfficiency>1.25</partEfficiency><isGoodWeapon>true</isGoodWeapon></addedPartProps>
		<spawnThingOnRemoved>EVOR_Item_Appendage_VenopillarArm</spawnThingOnRemoved>
		<comps>
			<li Class="HediffCompProperties_VerbGiver">
				<tools>
					<li>
						<capacities>
							<li>ScratchToxic</li>
						</capacities>
						<power>5</power>
						<cooldownTime>2</cooldownTime>
						<alwaysTreatAsWeapon>true</alwaysTreatAsWeapon>
					</li>
				</tools>
			</li>
		</comps>
		<description>An arm with a parotid gland that contains a potent venom and sharp nails.</description>
    	<descriptionHyperlinks>
			<ThingDef>EVOR_Item_Appendage_VenopillarArm</ThingDef>
			<RecipeDef>EVOR_SurgeryInstall_Appendage_VenopillarArm</RecipeDef>
		</descriptionHyperlinks>
	</HediffDef>
	<RecipeDef ParentName="EVOR_SurgeryInstallBodyPartArtificialBase">
		<defName>EVOR_SurgeryInstall_Appendage_VenopillarArm</defName>
		<label>&lt;color=#00FFF7&gt;implant venopillar arm&lt;/color&gt;</label>
		<description>Implant venopillar arm.</description>
		<jobString>Implanting venopillar arm.</jobString>
		<skillRequirements><Medicine>13</Medicine></skillRequirements>
		<ingredients><li><filter><thingDefs><li>EVOR_Item_Appendage_VenopillarArm</li></thingDefs></filter></li></ingredients>
		<fixedIngredientFilter><thingDefs><li>EVOR_Item_Appendage_VenopillarArm</li></thingDefs></fixedIngredientFilter>
		<appliedOnFixedBodyParts><li>Shoulder</li></appliedOnFixedBodyParts>
		<addsHediff>EVOR_Hediff_Appendage_VenopillarArm</addsHediff>
		<descriptionHyperlinks><ThingDef>EVOR_Item_Appendage_VenopillarArm</ThingDef><HediffDef>EVOR_Hediff_Appendage_VenopillarArm</HediffDef></descriptionHyperlinks>
	</RecipeDef>
	<RecipeDef ParentName="EVOR_SurgeryRemoveImplantBase">
		<defName>EVOR_SurgeryRemove_VenopillarArm</defName>
		<label>&lt;color&gt;remove venopillar arm&lt;/color&gt;</label>
		<description>Remove venopillar arm.</description>
		<jobString>Removing venopillar arm.</jobString>
		<descriptionHyperlinks>
			<ThingDef>EVOR_Item_Appendage_VenopillarArm</ThingDef>
			<HediffDef>EVOR_Hediff_Appendage_VenopillarArm</HediffDef>
		</descriptionHyperlinks>
		<removesHediff>EVOR_Hediff_Appendage_VenopillarArm</removesHediff>
	</RecipeDef>
	
	<!-- frost mantis hook -->
	<ThingDef ParentName="EVOR_Item_Base_150protein3mechanites">
		<defName>EVOR_Item_Appendage_FrostMantisHook</defName>
		<label>&lt;color=#00FFF7&gt;frost mantis hook&lt;/color&gt;</label>
		<description>The tip of this limb has a nasty hook with the ability to flash freeze.</description>
		<descriptionHyperlinks>
			<RecipeDef>EVOR_SurgeryInstall_Appendage_FrostMantisHook</RecipeDef>
			<HediffDef>EVOR_Hediff_Appendage_FrostMantisHook</HediffDef>
		</descriptionHyperlinks>
		<recipeMaker>
			<researchPrerequisite>EVOR_Research_ExpandedLimbBattleUtility</researchPrerequisite>
		</recipeMaker>
	</ThingDef>
	<HediffDef ParentName="EVOR_Hediff_BodyPartBase">
		<defName>EVOR_Hediff_Appendage_FrostMantisHook</defName>
		<label>&lt;color=#00FFF7&gt;frost mantis hook&lt;/color&gt;</label>
		<labelNoun>frost mantis hook</labelNoun>
		<addedPartProps><partEfficiency>1.25</partEfficiency><isGoodWeapon>true</isGoodWeapon></addedPartProps>
		<spawnThingOnRemoved>EVOR_Item_Appendage_FrostMantisHook</spawnThingOnRemoved>
		<comps>
			<li Class="HediffCompProperties_VerbGiver">
				<tools>
					<li>
						<capacities>
							<li>EVOR_Frostbite</li>
						</capacities>
						<power>20</power>
						<cooldownTime>4</cooldownTime>
						<alwaysTreatAsWeapon>true</alwaysTreatAsWeapon>
					</li>
				</tools>
			</li>
		</comps>
		<description>The tip of this limb has a nasty hook with the ability to flash freeze.</description>
    	<descriptionHyperlinks>
			<ThingDef>EVOR_Item_Appendage_FrostMantisHook</ThingDef>
			<RecipeDef>EVOR_SurgeryInstall_Appendage_FrostMantisHook</RecipeDef>
		</descriptionHyperlinks>
	</HediffDef>
	<RecipeDef ParentName="EVOR_SurgeryInstallBodyPartArtificialBase">
		<defName>EVOR_SurgeryInstall_Appendage_FrostMantisHook</defName>
		<label>&lt;color=#00FFF7&gt;implant frost mantis hook&lt;/color&gt;</label>
		<description>Implant frost mantis hook.</description>
		<jobString>Implanting frost mantis hook.</jobString>
		<skillRequirements><Medicine>13</Medicine></skillRequirements>
		<ingredients><li><filter><thingDefs><li>EVOR_Item_Appendage_FrostMantisHook</li></thingDefs></filter></li></ingredients>
		<fixedIngredientFilter><thingDefs><li>EVOR_Item_Appendage_FrostMantisHook</li></thingDefs></fixedIngredientFilter>
		<appliedOnFixedBodyParts><li>Shoulder</li></appliedOnFixedBodyParts>
		<addsHediff>EVOR_Hediff_Appendage_FrostMantisHook</addsHediff>
		<descriptionHyperlinks><ThingDef>EVOR_Item_Appendage_FrostMantisHook</ThingDef><HediffDef>EVOR_Hediff_Appendage_FrostMantisHook</HediffDef></descriptionHyperlinks>
	</RecipeDef>
	<RecipeDef ParentName="EVOR_SurgeryRemoveImplantBase">
		<defName>EVOR_SurgeryRemove_FrostMantisHook</defName>
		<label>&lt;color&gt;remove frost mantis hook&lt;/color&gt;</label>
		<description>Remove frost mantis hook.</description>
		<jobString>Removing frost mantis hook.</jobString>
		<descriptionHyperlinks>
			<ThingDef>EVOR_Item_Appendage_FrostMantisHook</ThingDef>
			<HediffDef>EVOR_Hediff_Appendage_FrostMantisHook</HediffDef>
		</descriptionHyperlinks>
		<removesHediff>EVOR_Hediff_Appendage_FrostMantisHook</removesHediff>
	</RecipeDef>
	
	<!-- salamander whip -->
	<ThingDef ParentName="EVOR_Item_Base_150protein3mechanites">
		<defName>EVOR_Item_Appendage_SalamanderWhip</defName>
		<label>&lt;color=#00FFF7&gt;salamander whip&lt;/color&gt;</label>
		<description>This limb is very flexible and it's core can be superheated when needed.</description>
		<descriptionHyperlinks>
			<RecipeDef>EVOR_SurgeryInstall_Appendage_SalamanderWhip</RecipeDef>
			<HediffDef>EVOR_Hediff_Appendage_SalamanderWhip</HediffDef>
		</descriptionHyperlinks>
		<recipeMaker>
			<researchPrerequisite>EVOR_Research_ExpandedLimbBattleUtility</researchPrerequisite>
		</recipeMaker>
	</ThingDef>
	<HediffDef ParentName="EVOR_Hediff_BodyPartBase">
		<defName>EVOR_Hediff_Appendage_SalamanderWhip</defName>
		<label>&lt;color=#00FFF7&gt;salamander whip&lt;/color&gt;</label>
		<labelNoun>salamander whip</labelNoun>
		<addedPartProps><partEfficiency>1.25</partEfficiency><isGoodWeapon>true</isGoodWeapon></addedPartProps>
		<spawnThingOnRemoved>EVOR_Item_Appendage_SalamanderWhip</spawnThingOnRemoved>
		<comps>
			<li Class="HediffCompProperties_VerbGiver">
				<tools>
					<li>
						<capacities>
							<li>EVOR_Burn</li>
						</capacities>
						<power>20</power>
						<cooldownTime>4</cooldownTime>
						<alwaysTreatAsWeapon>true</alwaysTreatAsWeapon>
					</li>
				</tools>
			</li>
		</comps>
		<description>This limb is very flexible and it's core can be superheated when needed.</description>
    	<descriptionHyperlinks>
			<ThingDef>EVOR_Item_Appendage_SalamanderWhip</ThingDef>
			<RecipeDef>EVOR_SurgeryInstall_Appendage_SalamanderWhip</RecipeDef>
		</descriptionHyperlinks>
	</HediffDef>
	<RecipeDef ParentName="EVOR_SurgeryInstallBodyPartArtificialBase">
		<defName>EVOR_SurgeryInstall_Appendage_SalamanderWhip</defName>
		<label>&lt;color=#00FFF7&gt;implant salamander whip&lt;/color&gt;</label>
		<description>Implant salamander whip.</description>
		<jobString>Implanting salamander whip.</jobString>
		<skillRequirements><Medicine>13</Medicine></skillRequirements>
		<ingredients><li><filter><thingDefs><li>EVOR_Item_Appendage_SalamanderWhip</li></thingDefs></filter></li></ingredients>
		<fixedIngredientFilter><thingDefs><li>EVOR_Item_Appendage_SalamanderWhip</li></thingDefs></fixedIngredientFilter>
		<appliedOnFixedBodyParts><li>Shoulder</li></appliedOnFixedBodyParts>
		<addsHediff>EVOR_Hediff_Appendage_SalamanderWhip</addsHediff>
		<descriptionHyperlinks><ThingDef>EVOR_Item_Appendage_SalamanderWhip</ThingDef><HediffDef>EVOR_Hediff_Appendage_SalamanderWhip</HediffDef></descriptionHyperlinks>
	</RecipeDef>
	<RecipeDef ParentName="EVOR_SurgeryRemoveImplantBase">
		<defName>EVOR_SurgeryRemove_SalamanderWhip</defName>
		<label>&lt;color&gt;remove salamander whip&lt;/color&gt;</label>
		<description>Remove salamander whip.</description>
		<jobString>Removing salamander whip.</jobString>
		<descriptionHyperlinks>
			<ThingDef>EVOR_Item_Appendage_SalamanderWhip</ThingDef>
			<HediffDef>EVOR_Hediff_Appendage_SalamanderWhip</HediffDef>
		</descriptionHyperlinks>
		<removesHediff>EVOR_Hediff_Appendage_SalamanderWhip</removesHediff>
	</RecipeDef>
	
	<!-- ossified bone saber -->
	<ThingDef ParentName="EVOR_Item_Base_120protein2mechanites">
		<defName>EVOR_Item_Appendage_OssifiedBoneSaber</defName>
		<label>&lt;color=#00FFF7&gt;ossified bone saber&lt;/color&gt;</label>
		<description>By creating sharp bone growths that naturally keep themselves unnaturally sharp, an appendage can be created that is more lethal than any sword.</description>
		<descriptionHyperlinks><RecipeDef>EVOR_SurgeryInstall_Appendage_OssifiedBoneSaber</RecipeDef><HediffDef>EVOR_Hediff_Appendage_OssifiedBoneSaber</HediffDef></descriptionHyperlinks>
		<recipeMaker>
			<researchPrerequisite>EVOR_Research_Limbs1</researchPrerequisite>
		</recipeMaker>
	</ThingDef>
	<HediffDef ParentName="EVOR_Hediff_BodyPartBase">
		<defName>EVOR_Hediff_Appendage_OssifiedBoneSaber</defName>
		<label>&lt;color=#00FFF7&gt;ossified bone saber&lt;/color&gt;</label>
		<labelNoun>ossified bone saber</labelNoun>
		<addedPartProps><partEfficiency>1.25</partEfficiency><isGoodWeapon>true</isGoodWeapon></addedPartProps>
		<spawnThingOnRemoved>EVOR_Item_Appendage_OssifiedBoneSaber</spawnThingOnRemoved>
		<comps>
			<li Class="HediffCompProperties_VerbGiver">
				<tools>
					<li>
						<chanceFactor>2</chanceFactor>
						<capacities>
							<li>Cut</li>
						</capacities>
						<power>4</power>
						<cooldownTime>0.5</cooldownTime>
						<armorPenetration>0.2</armorPenetration>
						<alwaysTreatAsWeapon>true</alwaysTreatAsWeapon>
					</li>
				</tools>
			</li>
		</comps>
		<description>By creating sharp bone growths that naturally keep themselves unnaturally sharp, an appendage can be created that is more lethal than any sword.</description>
    	<descriptionHyperlinks>
			<ThingDef>EVOR_Item_Appendage_OssifiedBoneSaber</ThingDef>
			<RecipeDef>EVOR_SurgeryInstall_Appendage_OssifiedBoneSaber</RecipeDef>
		</descriptionHyperlinks>
	</HediffDef>
	<RecipeDef ParentName="EVOR_SurgeryInstallBodyPartArtificialBase">
		<defName>EVOR_SurgeryInstall_Appendage_OssifiedBoneSaber</defName>
		<label>&lt;color=#00FFF7&gt;implant ossified bone saber&lt;/color&gt;</label>
		<description>Implant ossified bone saber.</description>
		<jobString>Implanting ossified bone saber.</jobString>
		<skillRequirements><Medicine>13</Medicine></skillRequirements>
		<ingredients><li><filter><thingDefs><li>EVOR_Item_Appendage_OssifiedBoneSaber</li></thingDefs></filter></li></ingredients>
		<fixedIngredientFilter><thingDefs><li>EVOR_Item_Appendage_OssifiedBoneSaber</li></thingDefs></fixedIngredientFilter>
		<appliedOnFixedBodyParts><li>Shoulder</li><li>Leg</li></appliedOnFixedBodyParts>
		<addsHediff>EVOR_Hediff_Appendage_OssifiedBoneSaber</addsHediff>
		<descriptionHyperlinks><ThingDef>EVOR_Item_Appendage_OssifiedBoneSaber</ThingDef><HediffDef>EVOR_Hediff_Appendage_OssifiedBoneSaber</HediffDef></descriptionHyperlinks>
	</RecipeDef>
	<RecipeDef ParentName="EVOR_SurgeryRemoveImplantBase">
		<defName>EVOR_SurgeryRemove_Hediff_Appendage_OssifiedBoneSaber</defName>
		<label>&lt;color=#00FFF7&gt;remove ossified bone saber&lt;/color&gt;</label>
		<description>Remove ossified bone saber.</description>
		<jobString>Removing ossified bone saber.</jobString>
		<descriptionHyperlinks>
			<ThingDef>EVOR_Item_Appendage_OssifiedBoneSaber</ThingDef>
			<HediffDef>EVOR_Hediff_Appendage_OssifiedBoneSaber</HediffDef>
		</descriptionHyperlinks>
		<removesHediff>EVOR_Hediff_Appendage_OssifiedBoneSaber</removesHediff>
	</RecipeDef>
	
	<!-- tri plated limb -->	
	<ThingDef ParentName="EVOR_Item_Base_120protein2mechanites">
		<defName>EVOR_Item_Appendage_TriPlacedLimb</defName>
		<label>&lt;color=#00FFF7&gt;tri plated limb&lt;/color&gt;</label>
		<description>A limb with a focus on toughness.</description>
		<descriptionHyperlinks>
			<RecipeDef>EVOR_SurgeryInstall_Appendage_TriPlacedLimb</RecipeDef>
			<HediffDef>EVOR_Hediff_Appendage_TriPlacedLimb</HediffDef>
		</descriptionHyperlinks>
		<recipeMaker>
			<researchPrerequisite>EVOR_Research_Limbs1</researchPrerequisite>
		</recipeMaker>
	</ThingDef>
	<HediffDef ParentName="EVOR_Hediff_BodyPartBase">
		<defName>EVOR_Hediff_Appendage_TriPlacedLimb</defName>
		<label>&lt;color=#00FFF7&gt;tri plated limb&lt;/color&gt;</label>
		<labelNoun>tri plated limb</labelNoun>
		<addedPartProps><partEfficiency>1.5</partEfficiency><isGoodWeapon>true</isGoodWeapon></addedPartProps>
		<spawnThingOnRemoved>EVOR_Item_Appendage_TriPlacedLimb</spawnThingOnRemoved>
		<comps>
			<li Class="HediffCompProperties_VerbGiver">
				<tools>
					<li>
						<capacities>
							<li>Blunt</li>
						</capacities>
						<power>14</power>
						<cooldownTime>2</cooldownTime>
					</li>
				</tools>
			</li>
		</comps>
		<stages>
			<li>
				<statOffsets>
					<ArmorRating_Blunt>0.10</ArmorRating_Blunt>
					<ArmorRating_Sharp>0.20</ArmorRating_Sharp>
					<ArmorRating_Heat>0.025</ArmorRating_Heat>
				</statOffsets>
			</li>	
		</stages>
		<description>A limb with a focus on toughness.</description>
    	<descriptionHyperlinks><ThingDef>EVOR_Item_Appendage_TriPlacedLimb</ThingDef><RecipeDef>EVOR_SurgeryInstall_Appendage_TriPlacedLimb</RecipeDef></descriptionHyperlinks>
	</HediffDef>
	<RecipeDef ParentName="EVOR_SurgeryInstallBodyPartArtificialBase">
		<defName>EVOR_SurgeryInstall_Appendage_TriPlacedLimb</defName>
		<label>&lt;color=#00FFF7&gt;implant tri plated limb&lt;/color&gt;</label>
		<description>Implant tri plated limb.</description>
		<jobString>Implanting tri plated limb.</jobString>
		<skillRequirements><Medicine>13</Medicine></skillRequirements>
		<ingredients><li><filter><thingDefs><li>EVOR_Item_Appendage_TriPlacedLimb</li></thingDefs></filter></li></ingredients>
		<fixedIngredientFilter><thingDefs><li>EVOR_Item_Appendage_TriPlacedLimb</li></thingDefs></fixedIngredientFilter>
		<appliedOnFixedBodyParts><li>Shoulder</li><li>Leg</li></appliedOnFixedBodyParts>
		<addsHediff>EVOR_Hediff_Appendage_TriPlacedLimb</addsHediff>
		<descriptionHyperlinks><ThingDef>EVOR_Item_Appendage_TriPlacedLimb</ThingDef><HediffDef>EVOR_Hediff_Appendage_TriPlacedLimb</HediffDef></descriptionHyperlinks>
	</RecipeDef>
	<RecipeDef ParentName="EVOR_SurgeryRemoveImplantBase">
		<defName>EVOR_SurgeryRemove_Hediff_TriPlacedLimb</defName>
		<label>&lt;color=#00FFF7&gt;remove tri plated limb&lt;/color&gt;</label>
		<description>Remove tri plated limb.</description>
		<jobString>Removing tri plated limb.</jobString>
		<descriptionHyperlinks><ThingDef>EVOR_Item_Appendage_TriPlacedLimb</ThingDef><HediffDef>EVOR_Hediff_Appendage_TriPlacedLimb</HediffDef></descriptionHyperlinks>
		<removesHediff>EVOR_Hediff_Appendage_TriPlacedLimb</removesHediff>
	</RecipeDef>
	
	<!-- reinforced leg -->
	<ThingDef ParentName="EVOR_Item_Base_120protein2mechanites">
		<defName>EVOR_Item_Appendage_ReinforcedLeg</defName>
		<label>&lt;color=#00FFF7&gt;reinforced leg&lt;/color&gt;</label>
		<description>By reinforcing the muscles and bones, legs that allow for more weight capacity and speed can be created.</description>
		<descriptionHyperlinks>
			<RecipeDef>EVOR_SurgeryInstall_Appendage_ReinforcedLeg</RecipeDef>
			<HediffDef>EVOR_Hediff_Appendage_ReinforcedLeg</HediffDef>
		</descriptionHyperlinks>
		<recipeMaker>
			<researchPrerequisite>EVOR_Research_Limbs1</researchPrerequisite>
		</recipeMaker>
	</ThingDef>
	<HediffDef ParentName="EVOR_Hediff_BodyPartBase">
		<defName>EVOR_Hediff_Appendage_ReinforcedLeg</defName>
		<label>&lt;color=#00FFF7&gt;reinforced leg&lt;/color&gt;</label>
		<labelNoun>reinforced leg</labelNoun>
		<addedPartProps><partEfficiency>1.5</partEfficiency></addedPartProps>
		<spawnThingOnRemoved>EVOR_Item_Appendage_ReinforcedLeg</spawnThingOnRemoved>
		<stages>
			<li>
                <statOffsets>
                    <CarryingCapacity>2</CarryingCapacity>
                </statOffsets>
            </li>
		</stages>
		<comps></comps>
		<description>By reinforcing the muscles and bones, legs that allow for more weight capacity and speed can be created.</description>
    	<descriptionHyperlinks><ThingDef>EVOR_Item_Appendage_ReinforcedLeg</ThingDef><RecipeDef>EVOR_SurgeryInstall_Appendage_ReinforcedLeg</RecipeDef></descriptionHyperlinks>
	</HediffDef>
	<RecipeDef ParentName="EVOR_SurgeryInstallBodyPartArtificialBase">
		<defName>EVOR_SurgeryInstall_Appendage_ReinforcedLeg</defName>
		<label>&lt;color=#00FFF7&gt;implant reinforced leg&lt;/color&gt;</label>
		<description>Implant reinforced leg.</description>
		<jobString>Implanting reinforced leg.</jobString>
		<skillRequirements><Medicine>13</Medicine></skillRequirements>
		<ingredients><li><filter><thingDefs><li>EVOR_Item_Appendage_ReinforcedLeg</li></thingDefs></filter></li></ingredients>
		<fixedIngredientFilter><thingDefs><li>EVOR_Item_Appendage_ReinforcedLeg</li></thingDefs></fixedIngredientFilter>
		<appliedOnFixedBodyParts><li>Leg</li></appliedOnFixedBodyParts>
		<addsHediff>EVOR_Hediff_Appendage_ReinforcedLeg</addsHediff>
		<descriptionHyperlinks><ThingDef>EVOR_Item_Appendage_ReinforcedLeg</ThingDef><HediffDef>EVOR_Hediff_Appendage_ReinforcedLeg</HediffDef></descriptionHyperlinks>
	</RecipeDef>
	<RecipeDef ParentName="EVOR_SurgeryRemoveImplantBase">
		<defName>EVOR_SurgeryRemove_Hediff_ReinforcedLeg</defName>
		<label>&lt;color=#00FFF7&gt;remove reinforced leg&lt;/color&gt;</label>
		<description>Remove reinforced leg.</description>
		<jobString>Removing reinforced leg.</jobString>
		<descriptionHyperlinks><ThingDef>EVOR_Item_Appendage_ReinforcedLeg</ThingDef><HediffDef>EVOR_Hediff_Appendage_ReinforcedLeg</HediffDef></descriptionHyperlinks>
		<removesHediff>EVOR_Hediff_Appendage_ReinforcedLeg</removesHediff>
	</RecipeDef>

	<!-- grasping leg -->
	<ThingDef ParentName="EVOR_Item_Base_120protein2mechanites">
		<defName>EVOR_Item_Appendage_GraspingLeg</defName>
		<label>&lt;color=#00FFF7&gt;grasping leg&lt;/color&gt;</label>
		<description>Imitating our genetic relatives, this leg has a hand instad of a foot.</description>
		<descriptionHyperlinks>
			<RecipeDef>EVOR_SurgeryInstall_Appendage_GraspingLeg</RecipeDef>
			<HediffDef>EVOR_Hediff_Appendage_GraspingLeg</HediffDef>
		</descriptionHyperlinks>
		<recipeMaker>
			<researchPrerequisite>EVOR_Research_Limbs1</researchPrerequisite>
		</recipeMaker>
	</ThingDef>
	<HediffDef ParentName="EVOR_Hediff_BodyPartBase">
		<defName>EVOR_Hediff_Appendage_GraspingLeg</defName>
		<label>&lt;color=#00FFF7&gt;grasping leg&lt;/color&gt;</label>
		<labelNoun>grasping leg</labelNoun>
		<addedPartProps><partEfficiency>1.25</partEfficiency></addedPartProps>
		<spawnThingOnRemoved>EVOR_Item_Appendage_GraspingLeg</spawnThingOnRemoved>
		<stages>
			<li>
				<capMods>
					<li>
						<capacity>Manipulation</capacity>
						<offset>0.25</offset>
					</li>
				</capMods>
			</li>	
		</stages>
		<comps></comps>
		<description>Imitating our genetic relatives, this leg has a hand instad of a foot.</description>
    	<descriptionHyperlinks><ThingDef>EVOR_Item_Appendage_GraspingLeg</ThingDef><RecipeDef>EVOR_SurgeryInstall_Appendage_GraspingLeg</RecipeDef></descriptionHyperlinks>
	</HediffDef>
	<RecipeDef ParentName="EVOR_SurgeryInstallBodyPartArtificialBase">
		<defName>EVOR_SurgeryInstall_Appendage_GraspingLeg</defName>
		<label>&lt;color=#00FFF7&gt;implant grasping leg&lt;/color&gt;</label>
		<description>Implant grasping leg.</description>
		<jobString>Implanting grasping leg.</jobString>
		<skillRequirements><Medicine>13</Medicine></skillRequirements>
		<ingredients><li><filter><thingDefs><li>EVOR_Item_Appendage_GraspingLeg</li></thingDefs></filter></li></ingredients>
		<fixedIngredientFilter><thingDefs><li>EVOR_Item_Appendage_GraspingLeg</li></thingDefs></fixedIngredientFilter>
		<appliedOnFixedBodyParts><li>Leg</li></appliedOnFixedBodyParts>
		<addsHediff>EVOR_Hediff_Appendage_GraspingLeg</addsHediff>
		<descriptionHyperlinks><ThingDef>EVOR_Item_Appendage_GraspingLeg</ThingDef><HediffDef>EVOR_Hediff_Appendage_GraspingLeg</HediffDef></descriptionHyperlinks>
	</RecipeDef>
	<RecipeDef ParentName="EVOR_SurgeryRemoveImplantBase">
		<defName>EVOR_SurgeryRemove_Hediff_GraspingLeg</defName>
		<label>&lt;color=#00FFF7&gt;remove grasping leg&lt;/color&gt;</label>
		<description>Remove grasping leg.</description>
		<jobString>Removing grasping leg.</jobString>
		<descriptionHyperlinks><ThingDef>EVOR_Item_Appendage_GraspingLeg</ThingDef><HediffDef>EVOR_Hediff_Appendage_GraspingLeg</HediffDef></descriptionHyperlinks>
		<removesHediff>EVOR_Hediff_Appendage_GraspingLeg</removesHediff>
	</RecipeDef>

	<!-- shire horse leg -->
	<ThingDef ParentName="EVOR_Item_Base_120protein2mechanites">
		<defName>EVOR_Item_Appendage_ShireHorseLeg</defName>
		<label>&lt;color=#00FFF7&gt;shire horse leg&lt;/color&gt;</label>
		<description>A very sturdy leg that supports an extreme amount of weight at the cost of speed.</description>
		<descriptionHyperlinks>
			<RecipeDef>EVOR_SurgeryInstall_Appendage_ShireHorseLeg</RecipeDef>
			<HediffDef>EVOR_Hediff_Appendage_ShireHorseLeg</HediffDef>
		</descriptionHyperlinks>
		<recipeMaker>
			<researchPrerequisite>EVOR_Research_Limbs2</researchPrerequisite>
		</recipeMaker>
	</ThingDef>
	<HediffDef ParentName="EVOR_Hediff_BodyPartBase">
		<defName>EVOR_Hediff_Appendage_ShireHorseLeg</defName>
		<label>shire horse leg</label>
		<labelNoun>shire horse leg</labelNoun>
		<spawnThingOnRemoved>EVOR_Item_Appendage_ShireHorseLeg</spawnThingOnRemoved>
		<stages>
			<li>
				<statOffsets>
                    <CarryingCapacity>5</CarryingCapacity>
				</statOffsets>
			</li>
		</stages>
		<comps></comps>
		<description>A very sturdy leg that supports an extreme amount of weight at the cost of speed.</description>
    	<descriptionHyperlinks>
			<ThingDef>EVOR_Item_Appendage_ShireHorseLeg</ThingDef>
			<RecipeDef>EVOR_SurgeryInstall_Appendage_ShireHorseLeg</RecipeDef>
		</descriptionHyperlinks>
	</HediffDef>
	<RecipeDef ParentName="EVOR_SurgeryInstallBodyPartArtificialBase">
		<defName>EVOR_SurgeryInstall_Appendage_ShireHorseLeg</defName>
		<label>&lt;color=#00FFF7&gt;implant shire horse leg&lt;/color&gt;</label>
		<description>Implant shire horse leg.</description>
		<jobString>Implanting shire horse leg.</jobString>
		<skillRequirements><Medicine>13</Medicine></skillRequirements>
		<ingredients><li><filter><thingDefs><li>EVOR_Item_Appendage_ShireHorseLeg</li></thingDefs></filter></li></ingredients>
		<fixedIngredientFilter><thingDefs><li>EVOR_Item_Appendage_ShireHorseLeg</li></thingDefs></fixedIngredientFilter>
		<appliedOnFixedBodyParts><li>Leg</li></appliedOnFixedBodyParts>
		<addsHediff>EVOR_Hediff_Appendage_ShireHorseLeg</addsHediff>
		<descriptionHyperlinks><ThingDef>EVOR_Item_Appendage_ShireHorseLeg</ThingDef><HediffDef>EVOR_Hediff_Appendage_ShireHorseLeg</HediffDef></descriptionHyperlinks>
	</RecipeDef>
	<RecipeDef ParentName="EVOR_SurgeryRemoveImplantBase">
		<defName>EVOR_SurgeryRemove_ShireHorseLeg</defName>
		<label>&lt;color&gt;remove shire horse leg&lt;/color&gt;</label>
		<description>Remove shire horse leg.</description>
		<jobString>Removing shire horse leg.</jobString>
		<descriptionHyperlinks>
			<ThingDef>EVOR_Item_Appendage_ShireHorseLeg</ThingDef>
			<HediffDef>EVOR_Hediff_Appendage_ShireHorseLeg</HediffDef>
		</descriptionHyperlinks>
		<removesHediff>EVOR_Hediff_Appendage_ShireHorseLeg</removesHediff>
	</RecipeDef>
	
	<!-- weigthed tail -->
	<ThingDef ParentName="EVOR_Item_Base_120protein2mechanites">
		<defName>EVOR_Item_Appendage_WeightedTail</defName>
		<label>&lt;color=#00FFF7&gt;weigthed tail&lt;/color&gt;</label>
		<description>A tail with a heavy growth at the end. This helps the user to maneuver.</description>
		<descriptionHyperlinks>
			<RecipeDef>EVOR_SurgeryInstall_Appendage_WeightedTail</RecipeDef>
			<HediffDef>EVOR_Hediff_Appendage_WeightedTail</HediffDef>
		</descriptionHyperlinks>
		<recipeMaker>
			<researchPrerequisite>EVOR_Research_Limbs3</researchPrerequisite>
		</recipeMaker>
	</ThingDef>
	<HediffDef ParentName="EVOR_Hediff_BodyPartBase">
		<defName>EVOR_Hediff_Appendage_WeightedTail</defName>
		<label>weigthed tail</label>
		<labelNoun>weigthed tail</labelNoun>
		<addedPartProps><partEfficiency>1.25</partEfficiency><isGoodWeapon>true</isGoodWeapon></addedPartProps>
		<spawnThingOnRemoved>EVOR_Item_Appendage_WeightedTail</spawnThingOnRemoved>
		<stages>
			<li>
				<capMods>
					<li>
						<capacity>Moving</capacity>
						<offset>0.20</offset>
					</li>
				</capMods>
				<statOffsets>
                    <MeleeDodgeChance>3</MeleeDodgeChance>
				</statOffsets>
			</li>
		</stages>
		<comps></comps>
		<description>A tail with a heavy growth at the end. This helps the user to maneuver.</description>
    	<descriptionHyperlinks>
			<ThingDef>EVOR_Item_Appendage_WeightedTail</ThingDef>
			<RecipeDef>EVOR_SurgeryInstall_Appendage_WeightedTail</RecipeDef>
		</descriptionHyperlinks>
	</HediffDef>
	<RecipeDef ParentName="EVOR_SurgeryInstallBodyPartArtificialBase">
		<defName>EVOR_SurgeryInstall_Appendage_WeightedTail</defName>
		<label>&lt;color=#00FFF7&gt;implant weigthed tail&lt;/color&gt;</label>
		<description>Implant weigthed tail.</description>
		<jobString>Implanting weigthed tail.</jobString>
		<skillRequirements><Medicine>13</Medicine></skillRequirements>
		<ingredients><li><filter><thingDefs><li>EVOR_Item_Appendage_WeightedTail</li></thingDefs></filter></li></ingredients>
		<fixedIngredientFilter><thingDefs><li>EVOR_Item_Appendage_WeightedTail</li></thingDefs></fixedIngredientFilter>
		<addsHediff>EVOR_Hediff_Appendage_WeightedTail</addsHediff>
		<descriptionHyperlinks><ThingDef>EVOR_Item_Appendage_WeightedTail</ThingDef><HediffDef>EVOR_Hediff_Appendage_WeightedTail</HediffDef></descriptionHyperlinks>
	</RecipeDef>
	<RecipeDef ParentName="EVOR_SurgeryRemoveImplantBase">
		<defName>EVOR_SurgeryRemove_WeightedTail</defName>
		<label>&lt;color&gt;remove weigthed tail&lt;/color&gt;</label>
		<description>Remove weigthed tail.</description>
		<jobString>Removing weigthed tail.</jobString>
		<descriptionHyperlinks>
			<ThingDef>EVOR_Item_Appendage_WeightedTail</ThingDef>
			<HediffDef>EVOR_Hediff_Appendage_WeightedTail</HediffDef>
		</descriptionHyperlinks>
		<removesHediff>EVOR_Hediff_Appendage_WeightedTail</removesHediff>
	</RecipeDef>
	
	<!-- venomous stinger -->
	<ThingDef ParentName="EVOR_Item_Base_120protein2mechanites">
		<defName>EVOR_Item_Tail_VenomousStinger</defName>
		<label>&lt;color=#00FFF7&gt;venomous stinger&lt;/color&gt;</label>
		<description>A tail with a stringer at the tip that contains a potent venom.</description>
		<descriptionHyperlinks>
			<RecipeDef>EVOR_SurgeryInstall_Tail_VenomousStinger</RecipeDef>
			<HediffDef>EVOR_Hediff_Tail_VenomousStinger</HediffDef>
		</descriptionHyperlinks>
		<recipeMaker>
			<researchPrerequisite>EVOR_Research_ExpandedLimbBattleUtility</researchPrerequisite>
		</recipeMaker>
	</ThingDef>
	<HediffDef ParentName="EVOR_Hediff_BodyPartBase">
		<defName>EVOR_Hediff_Tail_VenomousStinger</defName>
		<label>&lt;color=#00FFF7&gt;venomous stinger&lt;/color&gt;</label>
		<labelNoun>venomous stinger</labelNoun>
		<addedPartProps><partEfficiency>1.25</partEfficiency><isGoodWeapon>true</isGoodWeapon></addedPartProps>
		<spawnThingOnRemoved>EVOR_Item_Tail_VenomousStinger</spawnThingOnRemoved>
		<comps>
			<li Class="HediffCompProperties_VerbGiver">
				<tools>
					<li>
						<capacities>
							<li>ScratchToxic</li>
						</capacities>
						<power>5</power>
						<cooldownTime>2</cooldownTime>
						<alwaysTreatAsWeapon>true</alwaysTreatAsWeapon>
					</li>
				</tools>
			</li>
		</comps>
		<description>A tail with a stringer at the tip that contains a potent venom.</description>
    	<descriptionHyperlinks>
			<ThingDef>EVOR_Item_Tail_VenomousStinger</ThingDef>
			<RecipeDef>EVOR_SurgeryInstall_Tail_VenomousStinger</RecipeDef>
		</descriptionHyperlinks>
	</HediffDef>
	<RecipeDef ParentName="EVOR_SurgeryInstallBodyPartArtificialBase">
		<defName>EVOR_SurgeryInstall_Tail_VenomousStinger</defName>
		<label>&lt;color=#00FFF7&gt;implant venomous stinger&lt;/color&gt;</label>
		<description>Implant venomous stinger.</description>
		<jobString>Implanting venomous stinger.</jobString>
		<skillRequirements><Medicine>13</Medicine></skillRequirements>
		<ingredients><li><filter><thingDefs><li>EVOR_Item_Tail_VenomousStinger</li></thingDefs></filter></li></ingredients>
		<fixedIngredientFilter><thingDefs><li>EVOR_Item_Tail_VenomousStinger</li></thingDefs></fixedIngredientFilter>
		<addsHediff>EVOR_Hediff_Tail_VenomousStinger</addsHediff>
		<descriptionHyperlinks><ThingDef>EVOR_Item_Tail_VenomousStinger</ThingDef><HediffDef>EVOR_Hediff_Tail_VenomousStinger</HediffDef></descriptionHyperlinks>
	</RecipeDef>
	<RecipeDef ParentName="EVOR_SurgeryRemoveImplantBase">
		<defName>EVOR_SurgeryRemove_Tail_VenomousStinger</defName>
		<label>&lt;color=#00FFF7&gt;remove venomous stinger&lt;/color&gt;</label>
		<description>Remove venomous stinger.</description>
		<jobString>Removing venomous stinger.</jobString>
		<descriptionHyperlinks>
			<ThingDef>EVOR_Item_Tail_VenomousStinger</ThingDef>
			<HediffDef>EVOR_Hediff_Tail_VenomousStinger</HediffDef>
		</descriptionHyperlinks>
		<removesHediff>EVOR_Hediff_Tail_VenomousStinger</removesHediff>
	</RecipeDef>
</Defs>