<?xml version="1.0" encoding="utf-8" ?>
<Defs>

	<!-- triwoven primary heart -->
	<ThingDef ParentName="EVOR_Item_Base_120protein2mechanites">
		<defName>EVOR_Item_Heart_TriwovenPrimaryHeart</defName>
		<label>&lt;color=#00FFF7&gt;triwoven primary heart&lt;/color&gt;</label>
		<description>By weaving muscles in an overlapping pattern the heart gains more control about the volume and speed of blood flow.</description>
		<descriptionHyperlinks>
			<RecipeDef>EVOR_SurgeryInstall_Heart_TriwovenPrimaryHeart</RecipeDef>
			<HediffDef>EVOR_Hediff_Heart_TriwovenPrimaryHeart</HediffDef>
		</descriptionHyperlinks>
		<recipeMaker>
			<researchPrerequisite>EVOR_Research_Organs1</researchPrerequisite>
		</recipeMaker>
	</ThingDef>
	<HediffDef ParentName="EVOR_Hediff_BodyPartBase">
		<defName>EVOR_Hediff_Heart_TriwovenPrimaryHeart</defName>
		<label>&lt;color=#00FFF7&gt;triwoven primary heart&lt;/color&gt;</label>
		<labelNoun>triwoven primary heart</labelNoun>
		<addedPartProps><partEfficiency>1.5</partEfficiency></addedPartProps>
		<spawnThingOnRemoved>EVOR_Item_Heart_TriwovenPrimaryHeart</spawnThingOnRemoved>
		<stages>
			<li>
				<totalBleedFactor>0.7</totalBleedFactor>
			</li>
		</stages>
		<comps></comps>
		<description>By weaving muscles in an overlapping pattern the heart gains more control about the volume and speed of blood flow.</description>
    	<descriptionHyperlinks>
			<ThingDef>EVOR_Item_Heart_TriwovenPrimaryHeart</ThingDef>
			<RecipeDef>EVOR_SurgeryInstall_Heart_TriwovenPrimaryHeart</RecipeDef>
		</descriptionHyperlinks>
	</HediffDef>
	<RecipeDef ParentName="EVOR_SurgeryInstallBodyPartArtificialBase">
		<defName>EVOR_SurgeryInstall_Heart_TriwovenPrimaryHeart</defName>
		<appliedOnFixedBodyParts><li>Heart</li></appliedOnFixedBodyParts>
		<label>&lt;color=#00FFF7&gt;implant triwoven primary heart&lt;/color&gt;</label>
		<description>Implant triwoven primary heart.</description>
		<jobString>Implanting triwoven primary heart.</jobString>
		<skillRequirements><Medicine>13</Medicine></skillRequirements>
		<ingredients><li><filter><thingDefs><li>EVOR_Item_Heart_TriwovenPrimaryHeart</li></thingDefs></filter></li></ingredients>
		<fixedIngredientFilter><thingDefs><li>EVOR_Item_Heart_TriwovenPrimaryHeart</li></thingDefs></fixedIngredientFilter>
		<addsHediff>EVOR_Hediff_Heart_TriwovenPrimaryHeart</addsHediff>
		<descriptionHyperlinks><ThingDef>EVOR_Item_Heart_TriwovenPrimaryHeart</ThingDef><HediffDef>EVOR_Hediff_Heart_TriwovenPrimaryHeart</HediffDef></descriptionHyperlinks>
	</RecipeDef>
	<!--<RecipeDef ParentName="SurgeryRemoveImplantBase">
		<defName>EVOR_SurgeryRemove_Heart_TriwovenPrimaryHeart</defName>
		<label>&lt;color=#00FFF7&gt;remove triwoven primary heart&lt;/color&gt;</label>
		<description>Remove triwoven primary heart.</description>
		<jobString>Removing triwoven primary heart.</jobString>
		<descriptionHyperlinks>
			<ThingDef>EVOR_Item_Heart_TriwovenPrimaryHeart</ThingDef>
			<HediffDef>EVOR_Hediff_Heart_TriwovenPrimaryHeart</HediffDef>
		</descriptionHyperlinks>
		<removesHediff>EVOR_Hediff_Heart_TriwovenPrimaryHeart</removesHediff>
	</RecipeDef>-->

	<!-- triple filter pass kidney -->
	<ThingDef ParentName="EVOR_Item_Base_120protein2mechanites">
		<defName>EVOR_Item_Kidney_TripleFilterPassKidney</defName>
		<label>&lt;color=#00FFF7&gt;triple filter pass kidney&lt;/color&gt;</label>
		<description>This ingenious designed system filters blood thrice without a drop in performance.</description>
		<descriptionHyperlinks>
			<RecipeDef>EVOR_SurgeryInstall_Kidney_TripleFilterPassKidney</RecipeDef>
			<HediffDef>EVOR_Hediff_Kidney_TripleFilterPassKidney</HediffDef>
		</descriptionHyperlinks>
		<recipeMaker>
			<researchPrerequisite>EVOR_Research_Organs1</researchPrerequisite>
		</recipeMaker>
	</ThingDef>
	<HediffDef ParentName="EVOR_Hediff_BodyPartBase">
		<defName>EVOR_Hediff_Kidney_TripleFilterPassKidney</defName>
		<label>&lt;color=#00FFF7&gt;triple filter pass kidney&lt;/color&gt;</label>
		<labelNoun>triple filter pass kidney</labelNoun>
		<addedPartProps><partEfficiency>1.5</partEfficiency></addedPartProps>
		<spawnThingOnRemoved>EVOR_Item_Kidney_TripleFilterPassKidney</spawnThingOnRemoved>
		<stages>
			<li>
				<statOffsets>
					<ToxicSensitivity>-0.15</ToxicSensitivity>
				</statOffsets>
			</li>
		</stages>
		<comps></comps>
		<description>This ingenious designed system filters blood thrice without a drop in performance.</description>
    	<descriptionHyperlinks>
			<ThingDef>EVOR_Item_Kidney_TripleFilterPassKidney</ThingDef>
			<RecipeDef>EVOR_SurgeryInstall_Kidney_TripleFilterPassKidney</RecipeDef>
		</descriptionHyperlinks>
	</HediffDef>
	<RecipeDef ParentName="EVOR_SurgeryInstallBodyPartArtificialBase">
		<defName>EVOR_SurgeryInstall_Kidney_TripleFilterPassKidney</defName>
		<appliedOnFixedBodyParts><li>Kidney</li></appliedOnFixedBodyParts>
		<label>&lt;color=#00FFF7&gt;implant triple filter pass kidney&lt;/color&gt;</label>
		<description>Implant triple filter pass kidney.</description>
		<jobString>Implanting triple filter pass kidney.</jobString>
		<skillRequirements><Medicine>13</Medicine></skillRequirements>
		<ingredients><li><filter><thingDefs><li>EVOR_Item_Kidney_TripleFilterPassKidney</li></thingDefs></filter></li></ingredients>
		<fixedIngredientFilter><thingDefs><li>EVOR_Item_Kidney_TripleFilterPassKidney</li></thingDefs></fixedIngredientFilter>
		<addsHediff>EVOR_Hediff_Kidney_TripleFilterPassKidney</addsHediff>
		<descriptionHyperlinks><ThingDef>EVOR_Item_Kidney_TripleFilterPassKidney</ThingDef><HediffDef>EVOR_Hediff_Kidney_TripleFilterPassKidney</HediffDef></descriptionHyperlinks>
	</RecipeDef>
	<!--<RecipeDef ParentName="SurgeryRemoveImplantBase">
		<defName>EVOR_SurgeryRemove_Kidney_TripleFilterPassKidney</defName>
		<label>&lt;color=#00FFF7&gt;remove triple filter pass kidney&lt;/color&gt;</label>
		<description>Remove triple filter pass kidney.</description>
		<jobString>Removing triple filter pass kidney.</jobString>
		<descriptionHyperlinks>
			<ThingDef>EVOR_Item_Kidney_TripleFilterPassKidney</ThingDef>
			<HediffDef>EVOR_Hediff_Kidney_TripleFilterPassKidney</HediffDef>
		</descriptionHyperlinks>
		<removesHediff>EVOR_Hediff_Kidney_TripleFilterPassKidney</removesHediff>
	</RecipeDef>-->

	<!-- perspiration cleansing kidney -->
	<ThingDef ParentName="EVOR_Item_Base_120protein2mechanites">
		<defName>EVOR_Item_Kidney_PerspirationCleansingKidney</defName>
		<label>&lt;color=#00FFF7&gt;perspiration cleansing kidney&lt;/color&gt;</label>
		<description>These highly specialized kidneys clean sweat and other emissions to reduce the odour of the user.</description>
		<descriptionHyperlinks>
			<RecipeDef>EVOR_SurgeryInstall_Kidney_PerspirationCleansingKidney</RecipeDef>
			<HediffDef>EVOR_Hediff_Kidney_PerspirationCleansingKidney</HediffDef>
		</descriptionHyperlinks>
		<recipeMaker>
			<researchPrerequisite>EVOR_Research_Organs1</researchPrerequisite>
		</recipeMaker>
	</ThingDef>
	<HediffDef ParentName="EVOR_Hediff_BodyPartBase">
		<defName>EVOR_Hediff_Kidney_PerspirationCleansingKidney</defName>
		<label>&lt;color=#00FFF7&gt;perspiration cleansing kidney&lt;/color&gt;</label>
		<labelNoun>perspiration cleansing kidney</labelNoun>
		<addedPartProps><partEfficiency>1.5</partEfficiency></addedPartProps>
		<spawnThingOnRemoved>EVOR_Item_Kidney_PerspirationCleansingKidney</spawnThingOnRemoved>
		<stages><li><statOffsets>
			<HuntingStealth>0.10</HuntingStealth>
			<TameAnimalChance>0.10</TameAnimalChance>
        </statOffsets></li></stages>
		<comps></comps>
		<description>These highly specialized kidneys clean sweat and other emissions to reduce the odour of the user.</description>
    	<descriptionHyperlinks>
			<ThingDef>EVOR_Item_Kidney_PerspirationCleansingKidney</ThingDef>
			<RecipeDef>EVOR_SurgeryInstall_Kidney_PerspirationCleansingKidney</RecipeDef>
		</descriptionHyperlinks>
	</HediffDef>
	<RecipeDef ParentName="EVOR_SurgeryInstallBodyPartArtificialBase">
		<defName>EVOR_SurgeryInstall_Kidney_PerspirationCleansingKidney</defName>
		<appliedOnFixedBodyParts><li>Kidney</li></appliedOnFixedBodyParts>
		<label>&lt;color=#00FFF7&gt;implant perspiration cleansing kidney&lt;/color&gt;</label>
		<description>Implant perspiration cleansing kidney.</description>
		<jobString>Implanting perspiration cleansing kidney.</jobString>
		<skillRequirements><Medicine>13</Medicine></skillRequirements>
		<ingredients><li><filter><thingDefs><li>EVOR_Item_Kidney_PerspirationCleansingKidney</li></thingDefs></filter></li></ingredients>
		<fixedIngredientFilter><thingDefs><li>EVOR_Item_Kidney_PerspirationCleansingKidney</li></thingDefs></fixedIngredientFilter>
		<addsHediff>EVOR_Hediff_Kidney_PerspirationCleansingKidney</addsHediff>
		<descriptionHyperlinks><ThingDef>EVOR_Item_Kidney_PerspirationCleansingKidney</ThingDef><HediffDef>EVOR_Hediff_Kidney_PerspirationCleansingKidney</HediffDef></descriptionHyperlinks>
	</RecipeDef>
	<!--<RecipeDef ParentName="SurgeryRemoveImplantBase">
		<defName>EVOR_SurgeryRemove_Kidney_PerspirationCleansingKidney</defName>
		<label>&lt;color=#00FFF7&gt;remove perspiration cleansing kidney&lt;/color&gt;</label>
		<description>Remove perspiration cleansing kidney.</description>
		<jobString>Removing perspiration cleansing kidney.</jobString>
		<descriptionHyperlinks>
			<ThingDef>EVOR_Item_Kidney_PerspirationCleansingKidney</ThingDef>
			<HediffDef>EVOR_Hediff_Kidney_PerspirationCleansingKidney</HediffDef>
		</descriptionHyperlinks>
		<removesHediff>EVOR_Hediff_Kidney_PerspirationCleansingKidney</removesHediff>
	</RecipeDef>-->

	<!-- nano alveoli lung -->
	<ThingDef ParentName="EVOR_Item_Base_120protein2mechanites">
		<defName>EVOR_Item_Lung_NanoAlveoliLung</defName>
		<label>&lt;color=#00FFF7&gt;nano alveoli lung&lt;/color&gt;</label>
		<description>By decreasing the area and increasing the amount of alveoli, the internal gas transfer is performed a lot quicker.</description>
		<descriptionHyperlinks>
			<RecipeDef>EVOR_SurgeryInstall_Lung_NanoAlveoliLung</RecipeDef>
			<HediffDef>EVOR_Hediff_Lung_NanoAlveoliLung</HediffDef>
		</descriptionHyperlinks>
		<recipeMaker>
			<researchPrerequisite>EVOR_Research_Organs2</researchPrerequisite>
		</recipeMaker>
	</ThingDef>
	<HediffDef ParentName="EVOR_Hediff_BodyPartBase">
		<defName>EVOR_Hediff_Lung_NanoAlveoliLung</defName>
		<label>&lt;color=#00FFF7&gt;nano alveoli lung&lt;/color&gt;</label>
		<labelNoun>nano alveoli lung</labelNoun>
		<addedPartProps><partEfficiency>1.5</partEfficiency></addedPartProps>
		<spawnThingOnRemoved>EVOR_Item_Lung_NanoAlveoliLung</spawnThingOnRemoved>
		<stages>
			<li>
				<statOffsets>
						<ToxicSensitivity>-0.1</ToxicSensitivity>
				</statOffsets>
			</li>
		</stages>
		<comps></comps>
		<description>By decreasing the area and increasing the amount of alveoli, the internal gas transfer is performed a lot quicker.</description>
    	<descriptionHyperlinks>
			<ThingDef>EVOR_Item_Lung_NanoAlveoliLung</ThingDef>
			<RecipeDef>EVOR_SurgeryInstall_Lung_NanoAlveoliLung</RecipeDef>
		</descriptionHyperlinks>
	</HediffDef>
	<RecipeDef ParentName="EVOR_SurgeryInstallBodyPartArtificialBase">
		<defName>EVOR_SurgeryInstall_Lung_NanoAlveoliLung</defName>
		<appliedOnFixedBodyParts><li>Lung</li></appliedOnFixedBodyParts>
		<label>&lt;color=#00FFF7&gt;implant nano alveoli lung&lt;/color&gt;</label>
		<description>Implant nano alveoli lung.</description>
		<jobString>Implanting nano alveoli lung.</jobString>
		<skillRequirements><Medicine>13</Medicine></skillRequirements>
		<ingredients><li><filter><thingDefs><li>EVOR_Item_Lung_NanoAlveoliLung</li></thingDefs></filter></li></ingredients>
		<fixedIngredientFilter><thingDefs><li>EVOR_Item_Lung_NanoAlveoliLung</li></thingDefs></fixedIngredientFilter>
		<addsHediff>EVOR_Hediff_Lung_NanoAlveoliLung</addsHediff>
		<descriptionHyperlinks><ThingDef>EVOR_Item_Lung_NanoAlveoliLung</ThingDef><HediffDef>EVOR_Hediff_Lung_NanoAlveoliLung</HediffDef></descriptionHyperlinks>
	</RecipeDef>
	<!--<RecipeDef ParentName="SurgeryRemoveImplantBase">
		<defName>EVOR_SurgeryRemove_Lung_NanoAlveoliLung</defName>
		<label>&lt;color=#00FFF7&gt;remove nano alveoli lung&lt;/color&gt;</label>
		<description>Remove nano alveoli lung.</description>
		<jobString>Removing nano alveoli lung.</jobString>
		<descriptionHyperlinks>
			<ThingDef>EVOR_Item_Lung_NanoAlveoliLung</ThingDef>
			<HediffDef>EVOR_Hediff_Lung_NanoAlveoliLung</HediffDef>
		</descriptionHyperlinks>
		<removesHediff>EVOR_Hediff_Lung_NanoAlveoliLung</removesHediff>
	</RecipeDef>-->

	<!-- multichamber stomach -->
	<ThingDef ParentName="EVOR_Item_Base_120protein2mechanites">
		<defName>EVOR_Item_Stomach_MultichamberStomach</defName>
		<label>&lt;color=#00FFF7&gt;multichamber stomach&lt;/color&gt;</label>
		<description>By separating digestion into specialized chambers, the effiency of processing food is increased.</description>
		<descriptionHyperlinks>
			<RecipeDef>EVOR_SurgeryInstall_Stomach_MultichamberStomach</RecipeDef>
			<HediffDef>EVOR_Hediff_Stomach_MultichamberStomach</HediffDef>
		</descriptionHyperlinks>
		<recipeMaker>
			<researchPrerequisite>EVOR_Research_Organs1</researchPrerequisite>
		</recipeMaker>
	</ThingDef>
	<HediffDef ParentName="EVOR_Hediff_BodyPartBase">
		<defName>EVOR_Hediff_Stomach_MultichamberStomach</defName>
		<label>&lt;color=#00FFF7&gt;multichamber stomach&lt;/color&gt;</label>
		<labelNoun>multichamber stomach</labelNoun>
		<addedPartProps><partEfficiency>1.5</partEfficiency></addedPartProps>
		<spawnThingOnRemoved>EVOR_Item_Stomach_MultichamberStomach</spawnThingOnRemoved>
		<stages>
			<li>
				<foodPoisoningChanceFactor>0</foodPoisoningChanceFactor>
				<hungerRateFactor>0.80</hungerRateFactor>
			</li>
		</stages>
		<comps></comps>
		<description>By separating digestion into specialized chambers, the effiency of processing food is increased.</description>
    	<descriptionHyperlinks>
			<ThingDef>EVOR_Item_Stomach_MultichamberStomach</ThingDef>
			<RecipeDef>EVOR_SurgeryInstall_Stomach_MultichamberStomach</RecipeDef>
		</descriptionHyperlinks>
	</HediffDef>
	<RecipeDef ParentName="EVOR_SurgeryInstallBodyPartArtificialBase">
		<defName>EVOR_SurgeryInstall_Stomach_MultichamberStomach</defName>
		<appliedOnFixedBodyParts><li>Stomach</li></appliedOnFixedBodyParts>
		<label>&lt;color=#00FFF7&gt;implant multichamber stomach&lt;/color&gt;</label>
		<description>Implant multichamber stomach.</description>
		<jobString>Implanting multichamber stomach.</jobString>
		<skillRequirements><Medicine>13</Medicine></skillRequirements>
		<ingredients><li><filter><thingDefs><li>EVOR_Item_Stomach_MultichamberStomach</li></thingDefs></filter></li></ingredients>
		<fixedIngredientFilter><thingDefs><li>EVOR_Item_Stomach_MultichamberStomach</li></thingDefs></fixedIngredientFilter>
		<addsHediff>EVOR_Hediff_Stomach_MultichamberStomach</addsHediff>
		<descriptionHyperlinks><ThingDef>EVOR_Item_Stomach_MultichamberStomach</ThingDef><HediffDef>EVOR_Hediff_Stomach_MultichamberStomach</HediffDef></descriptionHyperlinks>
	</RecipeDef>
	<!--<RecipeDef ParentName="SurgeryRemoveImplantBase">
		<defName>EVOR_SurgeryRemove_Stomach_MultichamberStomach</defName>
		<label>&lt;color=#00FFF7&gt;remove multichamber stomach&lt;/color&gt;</label>
		<description>Remove multichamber stomach.</description>
		<jobString>Removing multichamber stomach.</jobString>
		<descriptionHyperlinks>
			<ThingDef>EVOR_Item_Stomach_MultichamberStomach</ThingDef>
			<HediffDef>EVOR_Hediff_Stomach_MultichamberStomach</HediffDef>
		</descriptionHyperlinks>
		<removesHediff>EVOR_Hediff_Stomach_MultichamberStomach</removesHediff>
	</RecipeDef>-->

	<!-- quadlobe liver -->
	<ThingDef ParentName="EVOR_Item_Base_120protein2mechanites">
		<defName>EVOR_Item_Liver_QuadlobeLiver</defName>
		<label>&lt;color=#00FFF7&gt;quadlobe liver&lt;/color&gt;</label>
		<description>By decreasing the size of the cells, the lobes can be doubled without the user noticing any difference.</description>
		<descriptionHyperlinks>
			<RecipeDef>EVOR_SurgeryInstall_Liver_QuadlobeLiver</RecipeDef>
			<HediffDef>EVOR_Hediff_Liver_QuadlobeLiver</HediffDef>
		</descriptionHyperlinks>
		<recipeMaker>
			<researchPrerequisite>EVOR_Research_Organs1</researchPrerequisite>
		</recipeMaker>
	</ThingDef>
	<HediffDef ParentName="EVOR_Hediff_BodyPartBase">
		<defName>EVOR_Hediff_Liver_QuadlobeLiver</defName>
		<label>&lt;color=#00FFF7&gt;quadlobe liver&lt;/color&gt;</label>
		<labelNoun>quadlobe liver</labelNoun>
		<addedPartProps><partEfficiency>1.5</partEfficiency></addedPartProps>
		<spawnThingOnRemoved>EVOR_Item_Liver_QuadlobeLiver</spawnThingOnRemoved>
		<stages>
			<li>
				<statOffsets>
					<ImmunityGainSpeed>0.1</ImmunityGainSpeed>
				</statOffsets>
				<restFallFactor>0.90</restFallFactor>
			</li>
		</stages>
		<comps></comps>
		<description>By decreasing the size of the cells, the lobes can be doubled without increasing the overall mass.</description>
    	<descriptionHyperlinks>
			<ThingDef>EVOR_Item_Liver_QuadlobeLiver</ThingDef>
			<RecipeDef>EVOR_SurgeryInstall_Liver_QuadlobeLiver</RecipeDef>
		</descriptionHyperlinks>
	</HediffDef>
	<RecipeDef ParentName="EVOR_SurgeryInstallBodyPartArtificialBase">
		<defName>EVOR_SurgeryInstall_Liver_QuadlobeLiver</defName>
		<appliedOnFixedBodyParts><li>Liver</li></appliedOnFixedBodyParts>
		<label>&lt;color=#00FFF7&gt;implant quadlobe liver&lt;/color&gt;</label>
		<description>Implant quadlobe liver.</description>
		<jobString>Implanting quadlobe liver.</jobString>
		<skillRequirements><Medicine>13</Medicine></skillRequirements>
		<ingredients><li><filter><thingDefs><li>EVOR_Item_Liver_QuadlobeLiver</li></thingDefs></filter></li></ingredients>
		<fixedIngredientFilter><thingDefs><li>EVOR_Item_Liver_QuadlobeLiver</li></thingDefs></fixedIngredientFilter>
		<addsHediff>EVOR_Hediff_Liver_QuadlobeLiver</addsHediff>
		<descriptionHyperlinks><ThingDef>EVOR_Item_Liver_QuadlobeLiver</ThingDef><HediffDef>EVOR_Hediff_Liver_QuadlobeLiver</HediffDef></descriptionHyperlinks>
	</RecipeDef>
	<!--<RecipeDef ParentName="SurgeryRemoveImplantBase">
		<defName>EVOR_SurgeryRemove_Liver_QuadlobeLiver</defName>
		<label>&lt;color=#00FFF7&gt;remove quadlobe liver&lt;/color&gt;</label>
		<description>Remove quadlobe liver.</description>
		<jobString>Removing quadlobe liver.</jobString>
		<descriptionHyperlinks>
			<ThingDef>EVOR_Item_Liver_QuadlobeLiver</ThingDef>
			<HediffDef>EVOR_Hediff_Liver_QuadlobeLiver</HediffDef>
		</descriptionHyperlinks>
		<removesHediff>EVOR_Hediff_Liver_QuadlobeLiver</removesHediff>
	</RecipeDef>-->

	<!-- regenerative liver -->
	<ThingDef ParentName="EVOR_Item_Base_120protein2mechanites">
		<defName>EVOR_Item_Liver_RegenerativeLiver</defName>
		<label>&lt;color=#00FFF7&gt;regenerative liver&lt;/color&gt;</label>
		<description>By optimizing the cellular processes of cell proliferation, morphogenesis and cell differentiation of the human body, this liver can increase the latent regenerative abilities of the user.</description>
		<descriptionHyperlinks>
			<RecipeDef>EVOR_SurgeryInstall_Liver_RegenerativeLiver</RecipeDef>
			<HediffDef>EVOR_Hediff_Liver_RegenerativeLiver</HediffDef>
		</descriptionHyperlinks>
		<recipeMaker>
			<researchPrerequisite>EVOR_Research_Organs3</researchPrerequisite>
		</recipeMaker>
	</ThingDef>
	<HediffDef ParentName="EVOR_Hediff_BodyPartBase">
		<defName>EVOR_Hediff_Liver_RegenerativeLiver</defName>
		<label>&lt;color=#00FFF7&gt;regenerative liver&lt;/color&gt;</label>
		<labelNoun>regenerative liver</labelNoun>
		<addedPartProps><partEfficiency>1.5</partEfficiency></addedPartProps>
		<spawnThingOnRemoved>EVOR_Item_Liver_RegenerativeLiver</spawnThingOnRemoved>
		<stages>
			<li>
				<naturalHealingFactor>1.5</naturalHealingFactor>
			</li>
		</stages>
		<comps></comps>
		<description>By optimizing the cellular processes of cell proliferation, morphogenesis and cell differentiation of the human body, this liver can increase the latent regenerative abilities of the user.</description>
    	<descriptionHyperlinks>
			<ThingDef>EVOR_Item_Liver_RegenerativeLiver</ThingDef>
			<RecipeDef>EVOR_SurgeryInstall_Liver_RegenerativeLiver</RecipeDef>
		</descriptionHyperlinks>
	</HediffDef>
	<RecipeDef ParentName="EVOR_SurgeryInstallBodyPartArtificialBase">
		<defName>EVOR_SurgeryInstall_Liver_RegenerativeLiver</defName>
		<appliedOnFixedBodyParts><li>Liver</li></appliedOnFixedBodyParts>
		<label>&lt;color=#00FFF7&gt;implant regenerative liver&lt;/color&gt;</label>
		<description>Implant regenerative liver.</description>
		<jobString>Implanting regenerative liver.</jobString>
		<skillRequirements><Medicine>13</Medicine></skillRequirements>
		<ingredients><li><filter><thingDefs><li>EVOR_Item_Liver_RegenerativeLiver</li></thingDefs></filter></li></ingredients>
		<fixedIngredientFilter><thingDefs><li>EVOR_Item_Liver_RegenerativeLiver</li></thingDefs></fixedIngredientFilter>
		<addsHediff>EVOR_Hediff_Liver_RegenerativeLiver</addsHediff>
		<descriptionHyperlinks><ThingDef>EVOR_Item_Liver_RegenerativeLiver</ThingDef><HediffDef>EVOR_Hediff_Liver_RegenerativeLiver</HediffDef></descriptionHyperlinks>
	</RecipeDef>
	<!--<RecipeDef ParentName="SurgeryRemoveImplantBase">
		<defName>EVOR_SurgeryRemove_Liver_RegenerativeLiver</defName>
		<label>&lt;color=#00FFF7&gt;remove regenerative liver&lt;/color&gt;</label>
		<description>Remove regenerative liver.</description>
		<jobString>Removing regenerative liver.</jobString>
		<descriptionHyperlinks>
			<ThingDef>EVOR_Item_Liver_RegenerativeLiver</ThingDef>
			<HediffDef>EVOR_Hediff_Liver_RegenerativeLiver</HediffDef>
		</descriptionHyperlinks>
		<removesHediff>EVOR_Hediff_Liver_RegenerativeLiver</removesHediff>
	</RecipeDef>-->

	<!-- neuro accelerated spine -->
	<ThingDef ParentName="EVOR_Item_Base_120protein2mechanites">
		<defName>EVOR_Item_Spine_NeuroAcceleratedSpine</defName>
		<label>&lt;color=#00FFF7&gt;neuro accelerated spine&lt;/color&gt;</label>
		<description>While the gila coating increased signal transmission speed massively, of higher significance are the secondary processing nodules which allows the spinal cord to process less complex signals on it's own to free up the brain.</description>
		<descriptionHyperlinks>
			<RecipeDef>EVOR_SurgeryInstall_Spine_NeuroAcceleratedSpine</RecipeDef>
			<HediffDef>EVOR_Hediff_Spine_NeuroAcceleratedSpine</HediffDef>
		</descriptionHyperlinks>
		<recipeMaker>
			<researchPrerequisite>EVOR_Research_Organs3</researchPrerequisite>
		</recipeMaker>
	</ThingDef>
	<HediffDef ParentName="EVOR_Hediff_BodyPartBase">
		<defName>EVOR_Hediff_Spine_NeuroAcceleratedSpine</defName>
		<label>&lt;color=#00FFF7&gt;neuro accelerated spine&lt;/color&gt;</label>
		<labelNoun>neuro accelerated spine</labelNoun>
		<addedPartProps><partEfficiency>1.5</partEfficiency></addedPartProps>
		<spawnThingOnRemoved>EVOR_Item_Spine_NeuroAcceleratedSpine</spawnThingOnRemoved>
		<stages>
			<li>
				<statOffsets>
					<WorkSpeedGlobal>0.15</WorkSpeedGlobal>
				</statOffsets>
			</li>
		</stages>
		<comps></comps>
		<description>While the gila coating increased signal transmission speed massively, of higher significance are the secondary processing nodules which allows the spinal cord to process less complex signals on it's own to free up the brain.</description>
    	<descriptionHyperlinks>
			<ThingDef>EVOR_Item_Spine_NeuroAcceleratedSpine</ThingDef>
			<RecipeDef>EVOR_SurgeryInstall_Spine_NeuroAcceleratedSpine</RecipeDef>
		</descriptionHyperlinks>
	</HediffDef>
	<RecipeDef ParentName="EVOR_SurgeryInstallBodyPartArtificialBase">
		<defName>EVOR_SurgeryInstall_Spine_NeuroAcceleratedSpine</defName>
		<appliedOnFixedBodyParts><li>Spine</li></appliedOnFixedBodyParts>
		<label>&lt;color=#00FFF7&gt;implant neuro accelerated spine&lt;/color&gt;</label>
		<description>Implant neuro accelerated spine.</description>
		<jobString>Implanting neuro accelerated spine.</jobString>
		<skillRequirements><Medicine>13</Medicine></skillRequirements>
		<ingredients><li><filter><thingDefs><li>EVOR_Item_Spine_NeuroAcceleratedSpine</li></thingDefs></filter></li></ingredients>
		<fixedIngredientFilter><thingDefs><li>EVOR_Item_Spine_NeuroAcceleratedSpine</li></thingDefs></fixedIngredientFilter>
		<addsHediff>EVOR_Hediff_Spine_NeuroAcceleratedSpine</addsHediff>
		<descriptionHyperlinks><ThingDef>EVOR_Item_Spine_NeuroAcceleratedSpine</ThingDef><HediffDef>EVOR_Hediff_Spine_NeuroAcceleratedSpine</HediffDef></descriptionHyperlinks>
	</RecipeDef>
	<!--<RecipeDef ParentName="SurgeryRemoveImplantBase">
		<defName>EVOR_SurgeryRemove_Spine_NeuroAcceleratedSpine</defName>
		<label>&lt;color=#00FFF7&gt;remove neuro accelerated spine&lt;/color&gt;</label>
		<description>Remove neuro accelerated spine.</description>
		<jobString>Removing neuro accelerated spine.</jobString>
		<descriptionHyperlinks>
			<ThingDef>EVOR_Item_Spine_NeuroAcceleratedSpine</ThingDef>
			<HediffDef>EVOR_Hediff_Spine_NeuroAcceleratedSpine</HediffDef>
		</descriptionHyperlinks>
		<removesHediff>EVOR_Hediff_Spine_NeuroAcceleratedSpine</removesHediff>
	</RecipeDef>-->

	<!-- multispectrum eye -->
	<ThingDef ParentName="EVOR_Item_Base_90protein1mechanites">
		<defName>EVOR_Item_Eye_MultispectrumEye</defName>
		<label>&lt;color=#00FFF7&gt;multispectrum eye&lt;/color&gt;</label>
		<description>By integrating cells that allow for collection of light in the ultraviolent and infrared spectrum, these eyes allow for much more spacial awareness of their host.</description>
		<descriptionHyperlinks>
			<RecipeDef>EVOR_SurgeryInstall_Eye_MultispectrumEye</RecipeDef>
			<HediffDef>EVOR_Hediff_Eye_MultispectrumEye</HediffDef>
		</descriptionHyperlinks>
		<recipeMaker>
			<researchPrerequisite>EVOR_Research_Organs2</researchPrerequisite>
		</recipeMaker>
	</ThingDef>
	<HediffDef ParentName="EVOR_Hediff_BodyPartBase">
		<defName>EVOR_Hediff_Eye_MultispectrumEye</defName>
		<label>&lt;color=#00FFF7&gt;multispectrum eye&lt;/color&gt;</label>
		<labelNoun>multispectrum eye</labelNoun>
		<addedPartProps><partEfficiency>1.5</partEfficiency></addedPartProps>
		<spawnThingOnRemoved>EVOR_Item_Eye_MultispectrumEye</spawnThingOnRemoved>
		<stages>
			<li>
				<statOffsets>
					<AimingDelayFactor>-0.05</AimingDelayFactor>
					<ShootingAccuracyPawn>2</ShootingAccuracyPawn>
				</statOffsets>
			</li>
		</stages>
		<comps></comps>
		<description>By integrating cells that allow for collection of light in the ultraviolent and infrared spectrum, these eyes allow for much more spacial awareness of their host.</description>
    	<descriptionHyperlinks>
			<ThingDef>EVOR_Item_Eye_MultispectrumEye</ThingDef>
			<RecipeDef>EVOR_SurgeryInstall_Eye_MultispectrumEye</RecipeDef>
		</descriptionHyperlinks>
	</HediffDef>
	<RecipeDef ParentName="EVOR_SurgeryInstallBodyPartArtificialBase">
		<defName>EVOR_SurgeryInstall_Eye_MultispectrumEye</defName>
		<appliedOnFixedBodyParts><li>Eye</li></appliedOnFixedBodyParts>
		<label>&lt;color=#00FFF7&gt;implant multispectrum eye&lt;/color&gt;</label>
		<description>Implant multispectrum eye.</description>
		<jobString>Implanting multispectrum eye.</jobString>
		<skillRequirements><Medicine>13</Medicine></skillRequirements>
		<ingredients><li><filter><thingDefs><li>EVOR_Item_Eye_MultispectrumEye</li></thingDefs></filter></li></ingredients>
		<fixedIngredientFilter><thingDefs><li>EVOR_Item_Eye_MultispectrumEye</li></thingDefs></fixedIngredientFilter>
		<addsHediff>EVOR_Hediff_Eye_MultispectrumEye</addsHediff>
		<descriptionHyperlinks><ThingDef>EVOR_Item_Eye_MultispectrumEye</ThingDef><HediffDef>EVOR_Hediff_Eye_MultispectrumEye</HediffDef></descriptionHyperlinks>
	</RecipeDef>
	<!--<RecipeDef ParentName="SurgeryRemoveImplantBase">
		<defName>EVOR_SurgeryRemove_Eye_MultispectrumEye</defName>
		<label>&lt;color=#00FFF7&gt;remove multispectrum eye&lt;/color&gt;</label>
		<description>Remove multispectrum eye.</description>
		<jobString>Removing multispectrum eye.</jobString>
		<descriptionHyperlinks>
			<ThingDef>EVOR_Item_Eye_MultispectrumEye</ThingDef>
			<HediffDef>EVOR_Hediff_Eye_MultispectrumEye</HediffDef>
		</descriptionHyperlinks>
		<removesHediff>EVOR_Hediff_Eye_MultispectrumEye</removesHediff>
	</RecipeDef>-->

	<!-- iridescent eye -->
	<ThingDef ParentName="EVOR_Item_Base_90protein1mechanites">
		<defName>EVOR_Item_Eye_IridescentEye</defName>
		<label>&lt;color=#00FFF7&gt;iridescent eye&lt;/color&gt;</label>
		<description>The colours of this eye swirl and change constantly.</description>
		<descriptionHyperlinks>
			<RecipeDef>EVOR_SurgeryInstall_Eye_IridescentEye</RecipeDef>
			<HediffDef>EVOR_Hediff_Eye_IridescentEye</HediffDef>
		</descriptionHyperlinks>
		<recipeMaker>
			<researchPrerequisite>EVOR_Research_Organs2</researchPrerequisite>
		</recipeMaker>
	</ThingDef>
	<HediffDef ParentName="EVOR_Hediff_BodyPartBase">
		<defName>EVOR_Hediff_Eye_IridescentEye</defName>
		<label>&lt;color=#00FFF7&gt;iridescent eye&lt;/color&gt;</label>
		<labelNoun>iridescent eye</labelNoun>
		<addedPartProps><partEfficiency>1.5</partEfficiency></addedPartProps>
		<spawnThingOnRemoved>EVOR_Item_Eye_IridescentEye</spawnThingOnRemoved>
		<stages>
			<li>
				<statOffsets>
                    <SocialImpact>0.03</SocialImpact>
                    <NegotiationAbility>0.05</NegotiationAbility>
                    <PawnBeauty>0.5</PawnBeauty>
                    <ArrestSuccessChance>0.02</ArrestSuccessChance>
                    <TradePriceImprovement>0.03</TradePriceImprovement>
				</statOffsets>
			</li>
		</stages>
		<comps></comps>
		<description>The colours of this eye swirl and change constantly.</description>
    	<descriptionHyperlinks>
			<ThingDef>EVOR_Item_Eye_IridescentEye</ThingDef>
			<RecipeDef>EVOR_SurgeryInstall_Eye_IridescentEye</RecipeDef>
		</descriptionHyperlinks>
	</HediffDef>
	<RecipeDef ParentName="EVOR_SurgeryInstallBodyPartArtificialBase">
		<defName>EVOR_SurgeryInstall_Eye_IridescentEye</defName>
		<appliedOnFixedBodyParts><li>Eye</li></appliedOnFixedBodyParts>
		<label>&lt;color=#00FFF7&gt;implant iridescent eye&lt;/color&gt;</label>
		<description>Implant iridescent eye.</description>
		<jobString>Implanting iridescent eye.</jobString>
		<skillRequirements><Medicine>13</Medicine></skillRequirements>
		<ingredients><li><filter><thingDefs><li>EVOR_Item_Eye_IridescentEye</li></thingDefs></filter></li></ingredients>
		<fixedIngredientFilter><thingDefs><li>EVOR_Item_Eye_IridescentEye</li></thingDefs></fixedIngredientFilter>
		<addsHediff>EVOR_Hediff_Eye_IridescentEye</addsHediff>
		<descriptionHyperlinks><ThingDef>EVOR_Item_Eye_IridescentEye</ThingDef><HediffDef>EVOR_Hediff_Eye_IridescentEye</HediffDef></descriptionHyperlinks>
	</RecipeDef>
	<!--<RecipeDef ParentName="SurgeryRemoveImplantBase">
		<defName>EVOR_SurgeryRemove_Eye_IridescentEye</defName>
		<label>&lt;color=#00FFF7&gt;remove iridescent eye&lt;/color&gt;</label>
		<description>Remove iridescent eye.</description>
		<jobString>Removing iridescent eye.</jobString>
		<descriptionHyperlinks>
			<ThingDef>EVOR_Item_Eye_IridescentEye</ThingDef>
			<HediffDef>EVOR_Hediff_Eye_IridescentEye</HediffDef>
		</descriptionHyperlinks>
		<removesHediff>EVOR_Hediff_Eye_IridescentEye</removesHediff>
	</RecipeDef>-->

	<!-- micro analyzer nose -->
	<ThingDef ParentName="EVOR_Item_Base_90protein1mechanites">
		<defName>EVOR_Item_Nose_MicroAnalyzerNose</defName>
		<label>&lt;color=#00FFF7&gt;micro analyzer nose&lt;/color&gt;</label>
		<description>Increasing the amount of cells dedicated to analyzing specific molecules, certain scents can be more easily distinguished from surrounding gasses.</description>
		<descriptionHyperlinks>
			<RecipeDef>EVOR_SurgeryInstall_Nose_MicroAnalyzerNose</RecipeDef>
			<HediffDef>EVOR_Hediff_Nose_MicroAnalyzerNose</HediffDef>
		</descriptionHyperlinks>
		<recipeMaker>
			<researchPrerequisite>EVOR_Research_Organs2</researchPrerequisite>
		</recipeMaker>
	</ThingDef>
	<HediffDef ParentName="EVOR_Hediff_BodyPartBase">
		<defName>EVOR_Hediff_Nose_MicroAnalyzerNose</defName>
		<label>&lt;color=#00FFF7&gt;micro analyzer nose&lt;/color&gt;</label>
		<labelNoun>micro analyzer nose</labelNoun>
		<addedPartProps><partEfficiency>1.5</partEfficiency></addedPartProps>
		<spawnThingOnRemoved>EVOR_Item_Nose_MicroAnalyzerNose</spawnThingOnRemoved>
		<stages>
			<li>
				<statOffsets>
					<PlantWorkSpeed>0.3</PlantWorkSpeed>
					<TameAnimalChance>0.2</TameAnimalChance>
					<TrainAnimalChance>0.4</TrainAnimalChance>
				</statOffsets>
			</li>
		</stages>
		<comps></comps>
		<description>Increasing the amount of cells dedicated to analyzing specific molecules, certain scents can be more easily distinguished from surrounding gasses.</description>
    	<descriptionHyperlinks>
			<ThingDef>EVOR_Item_Nose_MicroAnalyzerNose</ThingDef>
			<RecipeDef>EVOR_SurgeryInstall_Nose_MicroAnalyzerNose</RecipeDef>
		</descriptionHyperlinks>
	</HediffDef>
	<RecipeDef ParentName="EVOR_SurgeryInstallBodyPartArtificialBase">
		<defName>EVOR_SurgeryInstall_Nose_MicroAnalyzerNose</defName>
		<appliedOnFixedBodyParts><li>Nose</li></appliedOnFixedBodyParts>
		<label>&lt;color=#00FFF7&gt;implant micro analyzer nose&lt;/color&gt;</label>
		<description>Implant micro analyzer nose.</description>
		<jobString>Implanting micro analyzer nose.</jobString>
		<skillRequirements><Medicine>13</Medicine></skillRequirements>
		<ingredients><li><filter><thingDefs><li>EVOR_Item_Nose_MicroAnalyzerNose</li></thingDefs></filter></li></ingredients>
		<fixedIngredientFilter><thingDefs><li>EVOR_Item_Nose_MicroAnalyzerNose</li></thingDefs></fixedIngredientFilter>
		<addsHediff>EVOR_Hediff_Nose_MicroAnalyzerNose</addsHediff>
		<descriptionHyperlinks><ThingDef>EVOR_Item_Nose_MicroAnalyzerNose</ThingDef><HediffDef>EVOR_Hediff_Nose_MicroAnalyzerNose</HediffDef></descriptionHyperlinks>
	</RecipeDef>
	<!--<RecipeDef ParentName="SurgeryRemoveImplantBase">
		<defName>EVOR_SurgeryRemove_Nose_MicroAnalyzerNose</defName>
		<label>&lt;color=#00FFF7&gt;remove micro analyzer nose&lt;/color&gt;</label>
		<description>Remove micro analyzer nose.</description>
		<jobString>Removing micro analyzer nose.</jobString>
		<descriptionHyperlinks>
			<ThingDef>EVOR_Item_Nose_MicroAnalyzerNose</ThingDef>
			<HediffDef>EVOR_Hediff_Nose_MicroAnalyzerNose</HediffDef>
		</descriptionHyperlinks>
		<removesHediff>EVOR_Hediff_Nose_MicroAnalyzerNose</removesHediff>
	</RecipeDef>-->

	<!-- pheromone releaser nose -->
	<ThingDef ParentName="EVOR_Item_Base_90protein1mechanites">
		<defName>EVOR_Item_Nose_PheromoneReleaserNose</defName>
		<label>&lt;color=#00FFF7&gt;pheromone releaser nose&lt;/color&gt;</label>
		<description>By adding special pheromone glands to the base of the nose, the host can slightly alter the disposition of those they are communicating with.</description>
		<descriptionHyperlinks>
			<RecipeDef>EVOR_SurgeryInstall_Nose_PheromoneReleaserNose</RecipeDef>
			<HediffDef>EVOR_Hediff_Nose_PheromoneReleaserNose</HediffDef>
		</descriptionHyperlinks>
		<recipeMaker>
			<researchPrerequisite>EVOR_Research_Organs2</researchPrerequisite>
		</recipeMaker>
	</ThingDef>
	<HediffDef ParentName="EVOR_Hediff_BodyPartBase">
		<defName>EVOR_Hediff_Nose_PheromoneReleaserNose</defName>
		<label>&lt;color=#00FFF7&gt;pheromone releaser nose&lt;/color&gt;</label>
		<labelNoun>pheromone releaser nose</labelNoun>
		<addedPartProps><partEfficiency>1.5</partEfficiency></addedPartProps>
		<spawnThingOnRemoved>EVOR_Item_Nose_PheromoneReleaserNose</spawnThingOnRemoved>
		<stages>
			<li>
				<statOffsets>
					<NegotiationAbility>0.3</NegotiationAbility>
					<TradePriceImprovement>0.2</TradePriceImprovement>
					<SocialImpact>0.4</SocialImpact>
				</statOffsets>
			</li>
		</stages>
		<comps></comps>
		<description>By adding special pheromone glands to the base of the nose, the host can slightly alter the disposition of those they are communicating with.</description>
    	<descriptionHyperlinks>
			<ThingDef>EVOR_Item_Nose_PheromoneReleaserNose</ThingDef>
			<RecipeDef>EVOR_SurgeryInstall_Nose_PheromoneReleaserNose</RecipeDef>
		</descriptionHyperlinks>
	</HediffDef>
	<RecipeDef ParentName="EVOR_SurgeryInstallBodyPartArtificialBase">
		<defName>EVOR_SurgeryInstall_Nose_PheromoneReleaserNose</defName>
		<appliedOnFixedBodyParts><li>Nose</li></appliedOnFixedBodyParts>
		<label>&lt;color=#00FFF7&gt;implant pheromone releaser nose&lt;/color&gt;</label>
		<description>Implant pheromone releaser nose.</description>
		<jobString>Implanting pheromone releaser nose.</jobString>
		<skillRequirements><Medicine>13</Medicine></skillRequirements>
		<ingredients><li><filter><thingDefs><li>EVOR_Item_Nose_PheromoneReleaserNose</li></thingDefs></filter></li></ingredients>
		<fixedIngredientFilter><thingDefs><li>EVOR_Item_Nose_PheromoneReleaserNose</li></thingDefs></fixedIngredientFilter>
		<addsHediff>EVOR_Hediff_Nose_PheromoneReleaserNose</addsHediff>
		<descriptionHyperlinks><ThingDef>EVOR_Item_Nose_PheromoneReleaserNose</ThingDef><HediffDef>EVOR_Hediff_Nose_PheromoneReleaserNose</HediffDef></descriptionHyperlinks>
	</RecipeDef>
	<!--<RecipeDef ParentName="SurgeryRemoveImplantBase">
		<defName>EVOR_SurgeryRemove_Nose_PheromoneReleaserNose</defName>
		<label>&lt;color=#00FFF7&gt;remove pheromone releaser nose&lt;/color&gt;</label>
		<description>Remove pheromone releaser nose.</description>
		<jobString>Removing pheromone releaser nose.</jobString>
		<descriptionHyperlinks>
			<ThingDef>EVOR_Item_Nose_PheromoneReleaserNose</ThingDef>
			<HediffDef>EVOR_Hediff_Nose_PheromoneReleaserNose</HediffDef>
		</descriptionHyperlinks>
		<removesHediff>EVOR_Hediff_Nose_PheromoneReleaserNose</removesHediff>
	</RecipeDef>-->

	<!-- multifrequency ear -->
	<ThingDef ParentName="EVOR_Item_Base_90protein1mechanites">
		<defName>EVOR_Item_Ear_MultifrequencyEar</defName>
		<label>&lt;color=#00FFF7&gt;multifrequency ear&lt;/color&gt;</label>
		<description>By increasing the range of receivable frequencies and giving the user the ability to focus on certain frequencies, the user is even able to hear muscles move.</description>
		<descriptionHyperlinks>
			<RecipeDef>EVOR_SurgeryInstall_Ear_MultifrequencyEar</RecipeDef>
			<HediffDef>EVOR_Hediff_Ear_MultifrequencyEar</HediffDef>
		</descriptionHyperlinks>
		<recipeMaker>
			<researchPrerequisite>EVOR_Research_Organs2</researchPrerequisite>
		</recipeMaker>
	</ThingDef>
	<HediffDef ParentName="EVOR_Hediff_BodyPartBase">
		<defName>EVOR_Hediff_Ear_MultifrequencyEar</defName>
		<label>&lt;color=#00FFF7&gt;multifrequency ear&lt;/color&gt;</label>
		<labelNoun>multifrequency ear</labelNoun>
		<addedPartProps><partEfficiency>1.5</partEfficiency></addedPartProps>
		<spawnThingOnRemoved>EVOR_Item_Ear_MultifrequencyEar</spawnThingOnRemoved>
		<stages>
			<li>
				<statOffsets>
					<MeleeDodgeChance>2</MeleeDodgeChance>
				</statOffsets>
			</li>
		</stages>
		<comps></comps>
		<description>By increasing the range of receivable frequencies and giving the user the ability to focus on certain frequencies, the user is even able to hear muscles move.</description>
    	<descriptionHyperlinks>
			<ThingDef>EVOR_Item_Ear_MultifrequencyEar</ThingDef>
			<RecipeDef>EVOR_SurgeryInstall_Ear_MultifrequencyEar</RecipeDef>
		</descriptionHyperlinks>
	</HediffDef>
	<RecipeDef ParentName="EVOR_SurgeryInstallBodyPartArtificialBase">
		<defName>EVOR_SurgeryInstall_Ear_MultifrequencyEar</defName>
		<appliedOnFixedBodyParts><li>Ear</li></appliedOnFixedBodyParts>
		<label>&lt;color=#00FFF7&gt;implant multifrequency ear&lt;/color&gt;</label>
		<description>Implant multifrequency ear.</description>
		<jobString>Implanting multifrequency ear.</jobString>
		<skillRequirements><Medicine>13</Medicine></skillRequirements>
		<ingredients><li><filter><thingDefs><li>EVOR_Item_Ear_MultifrequencyEar</li></thingDefs></filter></li></ingredients>
		<fixedIngredientFilter><thingDefs><li>EVOR_Item_Ear_MultifrequencyEar</li></thingDefs></fixedIngredientFilter>
		<addsHediff>EVOR_Hediff_Ear_MultifrequencyEar</addsHediff>
		<descriptionHyperlinks><ThingDef>EVOR_Item_Ear_MultifrequencyEar</ThingDef><HediffDef>EVOR_Hediff_Ear_MultifrequencyEar</HediffDef></descriptionHyperlinks>
	</RecipeDef>
	<!--<RecipeDef ParentName="SurgeryRemoveImplantBase">
		<defName>EVOR_SurgeryRemove_Ear_MultifrequencyEar</defName>
		<label>&lt;color=#00FFF7&gt;remove multifrequency ear&lt;/color&gt;</label>
		<description>Remove multifrequency ear.</description>
		<jobString>Removing multifrequency ear.</jobString>
		<descriptionHyperlinks>
			<ThingDef>EVOR_Item_Ear_MultifrequencyEar</ThingDef>
			<HediffDef>EVOR_Hediff_Ear_MultifrequencyEar</HediffDef>
		</descriptionHyperlinks>
		<removesHediff>EVOR_Hediff_Ear_MultifrequencyEar</removesHediff>
	</RecipeDef>-->

	<!-- distendable jaw -->
	<ThingDef ParentName="EVOR_Item_Base_90protein1mechanites">
		<defName>EVOR_Item_Jaw_DistendableJaw</defName>
		<label>&lt;color=#00FFF7&gt;distendable jaw&lt;/color&gt;</label>
		<description>This jaw is inspired by cranial kinesis and allows the user to increase the ingestion speed.</description>
		<descriptionHyperlinks>
			<RecipeDef>EVOR_SurgeryInstall_Jaw_DistendableJaw</RecipeDef>
			<HediffDef>EVOR_Hediff_Jaw_DistendableJaw</HediffDef>
		</descriptionHyperlinks>
		<recipeMaker>
			<researchPrerequisite>EVOR_Research_Organs2</researchPrerequisite>
		</recipeMaker>
	</ThingDef>
	<HediffDef ParentName="EVOR_Hediff_BodyPartBase">
		<defName>EVOR_Hediff_Jaw_DistendableJaw</defName>
		<label>&lt;color=#00FFF7&gt;distendable jaw&lt;/color&gt;</label>
		<labelNoun>distendable jaw</labelNoun>
		<addedPartProps><partEfficiency>1.5</partEfficiency></addedPartProps>
		<spawnThingOnRemoved>EVOR_Item_Jaw_DistendableJaw</spawnThingOnRemoved>
		<stages>
			<li>
                <statOffsets>
          			<EatingSpeed>0.2</EatingSpeed>
          			<SocialImpact>0.05</SocialImpact>
        		</statOffsets>
            </li>
		</stages>
		<comps>
			<li Class="HediffCompProperties_VerbGiver">
				<tools>
					<li>
						<capacities>
							<li>Stab</li>
						</capacities>
						<power>10.0</power>
						<cooldownTime>2.7</cooldownTime>
					</li>
				</tools>
			</li>
		</comps>
		<description>This jaw is inspired by cranial kinesis and allows the user to increase the ingestion speed.</description>
    	<descriptionHyperlinks>
			<ThingDef>EVOR_Item_Jaw_DistendableJaw</ThingDef>
			<RecipeDef>EVOR_SurgeryInstall_Jaw_DistendableJaw</RecipeDef>
		</descriptionHyperlinks>
	</HediffDef>
	<RecipeDef ParentName="EVOR_SurgeryInstallBodyPartArtificialBase">
		<defName>EVOR_SurgeryInstall_Jaw_DistendableJaw</defName>
		<appliedOnFixedBodyParts><li>Jaw</li></appliedOnFixedBodyParts>
		<label>&lt;color=#00FFF7&gt;implant distendable jaw&lt;/color&gt;</label>
		<description>Implant distendable jaw.</description>
		<jobString>Implanting distendable jaw.</jobString>
		<skillRequirements><Medicine>13</Medicine></skillRequirements>
		<ingredients><li><filter><thingDefs><li>EVOR_Item_Jaw_DistendableJaw</li></thingDefs></filter></li></ingredients>
		<fixedIngredientFilter><thingDefs><li>EVOR_Item_Jaw_DistendableJaw</li></thingDefs></fixedIngredientFilter>
		<addsHediff>EVOR_Hediff_Jaw_DistendableJaw</addsHediff>
		<descriptionHyperlinks><ThingDef>EVOR_Item_Jaw_DistendableJaw</ThingDef><HediffDef>EVOR_Hediff_Jaw_DistendableJaw</HediffDef></descriptionHyperlinks>
	</RecipeDef>
	<!--<RecipeDef ParentName="SurgeryRemoveImplantBase">
		<defName>EVOR_SurgeryRemove_Jaw_DistendableJaw</defName>
		<label>&lt;color=#00FFF7&gt;remove distendable jaw&lt;/color&gt;</label>
		<description>Remove distendable jaw.</description>
		<jobString>Removing distendable jaw.</jobString>
		<descriptionHyperlinks>
			<ThingDef>EVOR_Item_Jaw_DistendableJaw</ThingDef>
			<HediffDef>EVOR_Hediff_Jaw_DistendableJaw</HediffDef>
		</descriptionHyperlinks>
		<removesHediff>EVOR_Hediff_Jaw_DistendableJaw</removesHediff>
	</RecipeDef>-->

	<!-- venomous fangs -->
	<ThingDef ParentName="EVOR_Item_Base_90protein1mechanites">
		<defName>EVOR_Item_Jaw_VenomousFangs</defName>
		<label>&lt;color=#00FFF7&gt;venomous fangs&lt;/color&gt;</label>
		<description>By altering the parotid salivary glands and adding hoolow fangs, the user is able to poison with a bite.</description>
		<descriptionHyperlinks>
			<RecipeDef>EVOR_SurgeryInstall_Jaw_VenomousFangs</RecipeDef>
			<HediffDef>EVOR_Hediff_Jaw_VenomousFangs</HediffDef>
		</descriptionHyperlinks>
		<recipeMaker>
			<researchPrerequisite>EVOR_Research_Organs2</researchPrerequisite>
		</recipeMaker>
	</ThingDef>
	<HediffDef ParentName="EVOR_Hediff_BodyPartBase">
		<defName>EVOR_Hediff_Jaw_VenomousFangs</defName>
		<label>&lt;color=#00FFF7&gt;venomous fangs&lt;/color&gt;</label>
		<labelNoun>venomous fangs</labelNoun>
		<spawnThingOnRemoved>EVOR_Item_Jaw_VenomousFangs</spawnThingOnRemoved>
		<comps>
			<li Class="HediffCompProperties_VerbGiver">
				<tools>
					<li>
						<capacities>
							<li>EVOR_Cap_Toxic</li>
						</capacities>
						<power>17.0</power>
						<cooldownTime>2.7</cooldownTime>
						<alwaysTreatAsWeapon>true</alwaysTreatAsWeapon>
					</li>
				</tools>
			</li>
		</comps>
		<description>By altering the parotid salivary glands and adding hoolow fangs, the user is able to poison with a bite.</description>
    	<descriptionHyperlinks>
			<ThingDef>EVOR_Item_Jaw_VenomousFangs</ThingDef>
			<RecipeDef>EVOR_SurgeryInstall_Jaw_VenomousFangs</RecipeDef>
		</descriptionHyperlinks>
	</HediffDef>
	<RecipeDef ParentName="EVOR_SurgeryInstallBodyPartArtificialBase">
		<defName>EVOR_SurgeryInstall_Jaw_VenomousFangs</defName>
		<appliedOnFixedBodyParts><li>Jaw</li></appliedOnFixedBodyParts>
		<label>&lt;color=#00FFF7&gt;implant venomous fangs&lt;/color&gt;</label>
		<description>Implant venomous fangs.</description>
		<jobString>Implanting venomous fangs.</jobString>
		<skillRequirements><Medicine>13</Medicine></skillRequirements>
		<ingredients><li><filter><thingDefs><li>EVOR_Item_Jaw_VenomousFangs</li></thingDefs></filter></li></ingredients>
		<fixedIngredientFilter><thingDefs><li>EVOR_Item_Jaw_VenomousFangs</li></thingDefs></fixedIngredientFilter>
		<addsHediff>EVOR_Hediff_Jaw_VenomousFangs</addsHediff>
		<descriptionHyperlinks><ThingDef>EVOR_Item_Jaw_VenomousFangs</ThingDef><HediffDef>EVOR_Hediff_Jaw_VenomousFangs</HediffDef></descriptionHyperlinks>
	</RecipeDef>
	<!--<RecipeDef ParentName="SurgeryRemoveImplantBase">
		<defName>EVOR_SurgeryRemove_Jaw_VenomousFangs</defName>
		<label>&lt;color=#00FFF7&gt;remove venomous fangs&lt;/color&gt;</label>
		<description>Remove venomous fangs.</description>
		<jobString>Removing venomous fangs.</jobString>
		<descriptionHyperlinks>
			<ThingDef>EVOR_Item_Jaw_VenomousFangs</ThingDef>
			<HediffDef>EVOR_Hediff_Jaw_VenomousFangs</HediffDef>
		</descriptionHyperlinks>
		<removesHediff>EVOR_Hediff_Jaw_VenomousFangs</removesHediff>
	</RecipeDef>-->

</Defs>