<?xml version="1.0" encoding="utf-8" ?>
<Defs>

	<!-- extra nanofilter lung -->
	<ThingDef ParentName="EVOR_Item_Base_120protein2mechanites">
		<defName>EVOR_Item_AbdominalAndChestcavity_ExtraNanofilterLung</defName>
		<label>&lt;color=#00FFF7&gt;extra nanofilter lung&lt;/color&gt;</label>
		<description>While only being marginally more efficient than a normal lung, this lung is equipped with a series of filters, able to process out a large proportion of airborne toxins.</description>
		<descriptionHyperlinks>
			<RecipeDef>EVOR_SurgeryInstall_AbdominalAndChestcavity_ExtraNanofilterLung</RecipeDef>
			<HediffDef>EVOR_Hediff_AbdominalAndChestcavity_ExtraNanofilterLung</HediffDef>
		</descriptionHyperlinks>
		<recipeMaker>
			<researchPrerequisite>EVOR_Research_AdditionalOrgans</researchPrerequisite>
		</recipeMaker>
	</ThingDef>
	<HediffDef ParentName="EVOR_Hediff_BodyPartBase">
		<defName>EVOR_Hediff_AbdominalAndChestcavity_ExtraNanofilterLung</defName>
		<label>&lt;color=#00FFF7&gt;extra nanofilter lung&lt;/color&gt;</label>
		<labelNoun>extra nanofilter lung</labelNoun>
		<spawnThingOnRemoved>EVOR_Item_AbdominalAndChestcavity_ExtraNanofilterLung</spawnThingOnRemoved>
		<comps></comps>
		<stages>
			<li>
				<statOffsets>
					<ToxicSensitivity>-0.5</ToxicSensitivity>
				</statOffsets>
				<capMods>
					<li>
						<capacity>Breathing</capacity>
						<offset>0.6</offset>
					</li>
				</capMods>
			</li>
		</stages>
		<description>While only being marginally more efficient than a normal lung, this lung is equipped with a series of filters, able to process out a large proportion of airborne toxins.</description>
    	<descriptionHyperlinks>
			<ThingDef>EVOR_Item_AbdominalAndChestcavity_ExtraNanofilterLung</ThingDef>
			<RecipeDef>EVOR_SurgeryInstall_AbdominalAndChestcavity_ExtraNanofilterLung</RecipeDef>
		</descriptionHyperlinks>
	</HediffDef>
	<RecipeDef ParentName="EVOR_SurgeryInstallBodyPartArtificialBase">
		<defName>EVOR_SurgeryInstall_AbdominalAndChestcavity_ExtraNanofilterLung</defName>
		<label>&lt;color=#00FFF7&gt;implant extra nanofilter lung&lt;/color&gt;</label>
		<description>Implant extra nanofilter lung.</description>
		<jobString>Implanting extra nanofilter lung.</jobString>
		<skillRequirements><Medicine>13</Medicine></skillRequirements>
		<ingredients><li><filter><thingDefs><li>EVOR_Item_AbdominalAndChestcavity_ExtraNanofilterLung</li></thingDefs></filter></li></ingredients>
		<fixedIngredientFilter><thingDefs><li>EVOR_Item_AbdominalAndChestcavity_ExtraNanofilterLung</li></thingDefs></fixedIngredientFilter>
		<addsHediff>EVOR_Hediff_AbdominalAndChestcavity_ExtraNanofilterLung</addsHediff>
		<descriptionHyperlinks><ThingDef>EVOR_Item_AbdominalAndChestcavity_ExtraNanofilterLung</ThingDef><HediffDef>EVOR_Hediff_AbdominalAndChestcavity_ExtraNanofilterLung</HediffDef></descriptionHyperlinks>
		<researchPrerequisite>EVOR_Research_AdditionalOrgans</researchPrerequisite>
	</RecipeDef>
	<RecipeDef ParentName="EVOR_SurgeryRemoveImplantBase">
		<defName>EVOR_SurgeryRemove_AbdominalAndChestcavity_ExtraNanofilterLung</defName>
		<label>&lt;color=#00FFF7&gt;remove extra nanofilter lung&lt;/color&gt;</label>
		<description>Remove extra nanofilter lung.</description>
		<jobString>Removing extra nanofilter lung.</jobString>
		<descriptionHyperlinks>
			<ThingDef>EVOR_Item_AbdominalAndChestcavity_ExtraNanofilterLung</ThingDef>
			<HediffDef>EVOR_Hediff_AbdominalAndChestcavity_ExtraNanofilterLung</HediffDef>
		</descriptionHyperlinks>
		<removesHediff>EVOR_Hediff_AbdominalAndChestcavity_ExtraNanofilterLung</removesHediff>
	</RecipeDef>

	<!-- auxilary heart -->
	<ThingDef ParentName="EVOR_Item_Base_120protein2mechanites">
		<defName>EVOR_Item_AbdominalAndChestcavity_AuxilaryHeart</defName>
		<label>&lt;color=#00FFF7&gt;auxilary heart&lt;/color&gt;</label>
		<description>This auxilary heart increases the amount of oxygen going though the persons body, allowing them to function more efficiently.</description>
		<descriptionHyperlinks>
			<RecipeDef>EVOR_SurgeryInstall_AbdominalAndChestcavity_AuxilaryHeart</RecipeDef>
			<HediffDef>EVOR_Hediff_AbdominalAndChestcavity_AuxilaryHeart</HediffDef>
		</descriptionHyperlinks>
		<recipeMaker>
			<researchPrerequisite>EVOR_Research_AdditionalOrgans</researchPrerequisite>
		</recipeMaker>
	</ThingDef>
	<HediffDef ParentName="EVOR_Hediff_BodyPartBase">
		<defName>EVOR_Hediff_AbdominalAndChestcavity_AuxilaryHeart</defName>
		<label>&lt;color=#00FFF7&gt;auxilary heart&lt;/color&gt;</label>
		<labelNoun>auxilary heart</labelNoun>
		<spawnThingOnRemoved>EVOR_Item_AbdominalAndChestcavity_AuxilaryHeart</spawnThingOnRemoved>
		<comps></comps>
		<stages>
			<li>
				<capMods>
					<li>
						<capacity>BloodPumping</capacity>
						<offset>0.5</offset>
					</li>
					<li>
						<capacity>Moving</capacity>
						<offset>0.15</offset>
					</li>
				</capMods>
			</li>
		</stages>
		<description>This auxilary heart increases the amount of oxygen going though the persons body, allowing them to function more efficiently.</description>
    	<descriptionHyperlinks>
			<ThingDef>EVOR_Item_AbdominalAndChestcavity_AuxilaryHeart</ThingDef>
			<RecipeDef>EVOR_SurgeryInstall_AbdominalAndChestcavity_AuxilaryHeart</RecipeDef>
		</descriptionHyperlinks>
	</HediffDef>
	<RecipeDef ParentName="EVOR_SurgeryInstallBodyPartArtificialBase">
		<defName>EVOR_SurgeryInstall_AbdominalAndChestcavity_AuxilaryHeart</defName>
		<label>&lt;color=#00FFF7&gt;implant auxilary heart&lt;/color&gt;</label>
		<description>Implant auxilary heart.</description>
		<jobString>Implanting auxilary heart.</jobString>
		<skillRequirements><Medicine>13</Medicine></skillRequirements>
		<ingredients><li><filter><thingDefs><li>EVOR_Item_AbdominalAndChestcavity_AuxilaryHeart</li></thingDefs></filter></li></ingredients>
		<fixedIngredientFilter><thingDefs><li>EVOR_Item_AbdominalAndChestcavity_AuxilaryHeart</li></thingDefs></fixedIngredientFilter>
		<addsHediff>EVOR_Hediff_AbdominalAndChestcavity_AuxilaryHeart</addsHediff>
		<descriptionHyperlinks><ThingDef>EVOR_Item_AbdominalAndChestcavity_AuxilaryHeart</ThingDef><HediffDef>EVOR_Hediff_AbdominalAndChestcavity_AuxilaryHeart</HediffDef></descriptionHyperlinks>
		<researchPrerequisite>EVOR_Research_AdditionalOrgans</researchPrerequisite>
	</RecipeDef>
	<RecipeDef ParentName="EVOR_SurgeryRemoveImplantBase">
		<defName>EVOR_SurgeryRemove_AbdominalAndChestcavity_AuxilaryHeart</defName>
		<label>&lt;color=#00FFF7&gt;remove auxilary heart&lt;/color&gt;</label>
		<description>Remove auxilary heart.</description>
		<jobString>Removing auxilary heart.</jobString>
		<descriptionHyperlinks>
			<ThingDef>EVOR_Item_AbdominalAndChestcavity_AuxilaryHeart</ThingDef>
			<HediffDef>EVOR_Hediff_AbdominalAndChestcavity_AuxilaryHeart</HediffDef>
		</descriptionHyperlinks>
		<removesHediff>EVOR_Hediff_AbdominalAndChestcavity_AuxilaryHeart</removesHediff>
	</RecipeDef>

	<!-- combat serum gland -->
	<ThingDef ParentName="EVOR_Item_Base_120protein2mechanites">
		<defName>EVOR_Item_AbdominalAndChestcavity_CombatSerumGland</defName>
		<label>&lt;color=#00FFF7&gt;combat serum gland&lt;/color&gt;</label>
		<description>This gland injects a potent brew of combat drugs into the body, significantly increasing close combat capabilities.</description>
		<descriptionHyperlinks>
			<RecipeDef>EVOR_SurgeryInstall_AbdominalAndChestcavity_CombatSerumGland</RecipeDef>
			<HediffDef>EVOR_Hediff_AbdominalAndChestcavity_CombatSerumGland</HediffDef>
		</descriptionHyperlinks>
		<recipeMaker>
			<researchPrerequisite>EVOR_Research_AdditionalOrgans</researchPrerequisite>
		</recipeMaker>
	</ThingDef>
	<HediffDef ParentName="EVOR_Hediff_BodyPartBase">
		<defName>EVOR_Hediff_AbdominalAndChestcavity_CombatSerumGland</defName>
		<label>&lt;color=#00FFF7&gt;combat serum gland&lt;/color&gt;</label>
		<labelNoun>combat serum gland</labelNoun>
		<spawnThingOnRemoved>EVOR_Item_AbdominalAndChestcavity_CombatSerumGland</spawnThingOnRemoved>
		<comps></comps>
		<stages>
			<li>
				<statOffsets>
					<MeleeDodgeChance>2</MeleeDodgeChance>
					<MeleeHitChance>2</MeleeHitChance>
				</statOffsets>
				<painFactor>0.75</painFactor>
			</li>
		</stages>
		<description>This gland injects a potent brew of combat drugs into the body, significantly increasing close combat capabilities.</description>
    	<descriptionHyperlinks>
			<ThingDef>EVOR_Item_AbdominalAndChestcavity_CombatSerumGland</ThingDef>
			<RecipeDef>EVOR_SurgeryInstall_AbdominalAndChestcavity_CombatSerumGland</RecipeDef>
		</descriptionHyperlinks>
	</HediffDef>
	<RecipeDef ParentName="EVOR_SurgeryInstallBodyPartArtificialBase">
		<defName>EVOR_SurgeryInstall_AbdominalAndChestcavity_CombatSerumGland</defName>
		<label>&lt;color=#00FFF7&gt;implant combat serum gland&lt;/color&gt;</label>
		<description>Implant combat serum gland.</description>
		<jobString>Implanting combat serum gland.</jobString>
		<skillRequirements><Medicine>13</Medicine></skillRequirements>
		<ingredients><li><filter><thingDefs><li>EVOR_Item_AbdominalAndChestcavity_CombatSerumGland</li></thingDefs></filter></li></ingredients>
		<fixedIngredientFilter><thingDefs><li>EVOR_Item_AbdominalAndChestcavity_CombatSerumGland</li></thingDefs></fixedIngredientFilter>
		<addsHediff>EVOR_Hediff_AbdominalAndChestcavity_CombatSerumGland</addsHediff>
		<descriptionHyperlinks><ThingDef>EVOR_Item_AbdominalAndChestcavity_CombatSerumGland</ThingDef><HediffDef>EVOR_Hediff_AbdominalAndChestcavity_CombatSerumGland</HediffDef></descriptionHyperlinks>
		<researchPrerequisite>EVOR_Research_AdditionalOrgans</researchPrerequisite>
	</RecipeDef>
	<RecipeDef ParentName="EVOR_SurgeryRemoveImplantBase">
		<defName>EVOR_SurgeryRemove_AbdominalAndChestcavity_CombatSerumGland</defName>
		<label>&lt;color=#00FFF7&gt;remove combat serum gland&lt;/color&gt;</label>
		<description>Remove combat serum gland.</description>
		<jobString>Removing combat serum gland.</jobString>
		<descriptionHyperlinks>
			<ThingDef>EVOR_Item_AbdominalAndChestcavity_CombatSerumGland</ThingDef>
			<HediffDef>EVOR_Hediff_AbdominalAndChestcavity_CombatSerumGland</HediffDef>
		</descriptionHyperlinks>
		<removesHediff>EVOR_Hediff_AbdominalAndChestcavity_CombatSerumGland</removesHediff>
	</RecipeDef>

	<!-- hormone regulator -->
	<ThingDef ParentName="EVOR_Item_Base_120protein2mechanites">
		<defName>EVOR_Item_AbdominalAndChestcavity_HormoneRegulator</defName>
		<label>&lt;color=#00FFF7&gt;hormone regulator&lt;/color&gt;</label>
		<description>This gland regulates the mood of the user, resulting in a more balanced mind.</description>
		<descriptionHyperlinks>
			<RecipeDef>EVOR_SurgeryInstall_AbdominalAndChestcavity_HormoneRegulator</RecipeDef>
			<HediffDef>EVOR_Hediff_AbdominalAndChestcavity_HormoneRegulator</HediffDef>
		</descriptionHyperlinks>
		<recipeMaker>
			<researchPrerequisite>EVOR_Research_AdditionalOrgans</researchPrerequisite>
		</recipeMaker>
	</ThingDef>
	<HediffDef ParentName="EVOR_Hediff_BodyPartBase">
		<defName>EVOR_Hediff_AbdominalAndChestcavity_HormoneRegulator</defName>
		<label>&lt;color=#00FFF7&gt;hormone regulator&lt;/color&gt;</label>
		<labelNoun>hormone regulator</labelNoun>
		<spawnThingOnRemoved>EVOR_Item_AbdominalAndChestcavity_HormoneRegulator</spawnThingOnRemoved>
		<comps></comps>
		<stages>
			<li>
				<statOffsets>
					<MentalBreakThreshold>-0.2</MentalBreakThreshold>
				</statOffsets>
			</li>
		</stages>
		<description>This gland regulates the mood of the host, making it much harder for their mind to snap.</description>
    	<descriptionHyperlinks>
			<ThingDef>EVOR_Item_AbdominalAndChestcavity_HormoneRegulator</ThingDef>
			<RecipeDef>EVOR_SurgeryInstall_AbdominalAndChestcavity_HormoneRegulator</RecipeDef>
		</descriptionHyperlinks>
	</HediffDef>
	<RecipeDef ParentName="EVOR_SurgeryInstallBodyPartArtificialBase">
		<defName>EVOR_SurgeryInstall_AbdominalAndChestcavity_HormoneRegulator</defName>
		<label>&lt;color=#00FFF7&gt;implant hormone regulator&lt;/color&gt;</label>
		<description>Implant hormone regulator.</description>
		<jobString>Implanting hormone regulator.</jobString>
		<skillRequirements><Medicine>13</Medicine></skillRequirements>
		<ingredients><li><filter><thingDefs><li>EVOR_Item_AbdominalAndChestcavity_HormoneRegulator</li></thingDefs></filter></li></ingredients>
		<fixedIngredientFilter><thingDefs><li>EVOR_Item_AbdominalAndChestcavity_HormoneRegulator</li></thingDefs></fixedIngredientFilter>
		<addsHediff>EVOR_Hediff_AbdominalAndChestcavity_HormoneRegulator</addsHediff>
		<descriptionHyperlinks><ThingDef>EVOR_Item_AbdominalAndChestcavity_HormoneRegulator</ThingDef><HediffDef>EVOR_Hediff_AbdominalAndChestcavity_HormoneRegulator</HediffDef></descriptionHyperlinks>
		<researchPrerequisite>EVOR_Research_AdditionalOrgans</researchPrerequisite>
	</RecipeDef>
	<RecipeDef ParentName="EVOR_SurgeryRemoveImplantBase">
		<defName>EVOR_SurgeryRemove_AbdominalAndChestcavity_HormoneRegulator</defName>
		<label>&lt;color=#00FFF7&gt;remove hormone regulator&lt;/color&gt;</label>
		<description>Remove hormone regulator.</description>
		<jobString>Removing hormone regulator.</jobString>
		<descriptionHyperlinks>
			<ThingDef>EVOR_Item_AbdominalAndChestcavity_HormoneRegulator</ThingDef>
			<HediffDef>EVOR_Hediff_AbdominalAndChestcavity_HormoneRegulator</HediffDef>
		</descriptionHyperlinks>
		<removesHediff>EVOR_Hediff_AbdominalAndChestcavity_HormoneRegulator</removesHediff>
	</RecipeDef>

	<!-- lymphatic proliferator -->
	<ThingDef ParentName="EVOR_Item_Base_120protein2mechanites">
		<defName>EVOR_Item_AbdominalAndChestcavity_LymphaticProliferator</defName>
		<label>&lt;color=#00FFF7&gt;lymphatic proliferator&lt;/color&gt;</label>
		<description>This gland significantly boosts it's hosts immunizing capability, rendering them immune to most normal infectious agents.</description>
		<descriptionHyperlinks>
			<RecipeDef>EVOR_SurgeryInstall_AbdominalAndChestcavity_LymphaticProliferator</RecipeDef>
			<HediffDef>EVOR_Hediff_AbdominalAndChestcavity_LymphaticProliferator</HediffDef>
		</descriptionHyperlinks>
		<recipeMaker>
			<researchPrerequisite>EVOR_Research_AdditionalOrgans</researchPrerequisite>
		</recipeMaker>
	</ThingDef>
	<HediffDef ParentName="EVOR_Hediff_BodyPartBase">
		<defName>EVOR_Hediff_AbdominalAndChestcavity_LymphaticProliferator</defName>
		<label>&lt;color=#00FFF7&gt;lymphatic proliferator&lt;/color&gt;</label>
		<labelNoun>lymphatic proliferator</labelNoun>
		<spawnThingOnRemoved>EVOR_Item_AbdominalAndChestcavity_LymphaticProliferator</spawnThingOnRemoved>
		<comps></comps>
		<stages>
			<li>
				<makeImmuneTo>
					<li>WoundInfection</li>
					<li>Flu</li>
					<li>Plague</li>
					<li>Malaria</li>
					<li>SleepingSickness</li>
				</makeImmuneTo>
				<statOffsets>
					<ImmunityGainSpeed>0.2</ImmunityGainSpeed>
				</statOffsets>
			</li>
		</stages>
		<description>This gland significantly boosts it's hosts immunizing capability, rendering them immune to most normal infectious agents.</description>
    	<descriptionHyperlinks>
			<ThingDef>EVOR_Item_AbdominalAndChestcavity_LymphaticProliferator</ThingDef>
			<RecipeDef>EVOR_SurgeryInstall_AbdominalAndChestcavity_LymphaticProliferator</RecipeDef>
		</descriptionHyperlinks>
	</HediffDef>
	<RecipeDef ParentName="EVOR_SurgeryInstallBodyPartArtificialBase">
		<defName>EVOR_SurgeryInstall_AbdominalAndChestcavity_LymphaticProliferator</defName>
		<label>&lt;color=#00FFF7&gt;implant lymphatic proliferator&lt;/color&gt;</label>
		<description>Implant lymphatic proliferator.</description>
		<jobString>Implanting lymphatic proliferator.</jobString>
		<skillRequirements><Medicine>13</Medicine></skillRequirements>
		<ingredients><li><filter><thingDefs><li>EVOR_Item_AbdominalAndChestcavity_LymphaticProliferator</li></thingDefs></filter></li></ingredients>
		<fixedIngredientFilter><thingDefs><li>EVOR_Item_AbdominalAndChestcavity_LymphaticProliferator</li></thingDefs></fixedIngredientFilter>
		<addsHediff>EVOR_Hediff_AbdominalAndChestcavity_LymphaticProliferator</addsHediff>
		<descriptionHyperlinks><ThingDef>EVOR_Item_AbdominalAndChestcavity_LymphaticProliferator</ThingDef><HediffDef>EVOR_Hediff_AbdominalAndChestcavity_LymphaticProliferator</HediffDef></descriptionHyperlinks>
		<researchPrerequisite>EVOR_Research_AdditionalOrgans</researchPrerequisite>
	</RecipeDef>
	<RecipeDef ParentName="EVOR_SurgeryRemoveImplantBase">
		<defName>EVOR_SurgeryRemove_AbdominalAndChestcavity_LymphaticProliferator</defName>
		<label>&lt;color=#00FFF7&gt;remove lymphatic proliferator&lt;/color&gt;</label>
		<description>Remove lymphatic proliferator.</description>
		<jobString>Removing lymphatic proliferator.</jobString>
		<descriptionHyperlinks>
			<ThingDef>EVOR_Item_AbdominalAndChestcavity_LymphaticProliferator</ThingDef>
			<HediffDef>EVOR_Hediff_AbdominalAndChestcavity_LymphaticProliferator</HediffDef>
		</descriptionHyperlinks>
		<removesHediff>EVOR_Hediff_AbdominalAndChestcavity_LymphaticProliferator</removesHediff>
	</RecipeDef>

	<!-- ras vacoule -->
	<ThingDef ParentName="EVOR_Item_Base_120protein2mechanites">
		<defName>EVOR_Item_AbdominalAndChestcavity_RasVacoule</defName>
		<label>&lt;color=#00FFF7&gt;ras vacoule&lt;/color&gt;</label>
		<description>This gland inhibits the affects of aging. While it won't cure anything any existing conditions, it will stop the host from degrading further due to old age.</description>
		<descriptionHyperlinks>
			<RecipeDef>EVOR_SurgeryInstall_AbdominalAndChestcavity_RasVacoule</RecipeDef>
			<HediffDef>EVOR_Hediff_AbdominalAndChestcavity_RasVacoule</HediffDef>
		</descriptionHyperlinks>
		<recipeMaker>
			<researchPrerequisite>EVOR_Research_AdditionalOrgans</researchPrerequisite>
		</recipeMaker>
	</ThingDef>
	<HediffDef ParentName="EVOR_Hediff_BodyPartBase">
		<defName>EVOR_Hediff_AbdominalAndChestcavity_RasVacoule</defName>
		<label>&lt;color=#00FFF7&gt;ras vacoule&lt;/color&gt;</label>
		<labelNoun>ras vacoule</labelNoun>
		<spawnThingOnRemoved>EVOR_Item_AbdominalAndChestcavity_RasVacoule</spawnThingOnRemoved>
		<comps></comps>
		<description>This gland inhibits the affects of aging. While it won't cure anything any existing conditions, it will stop the host from degrading further due to old age.</description>
    	<descriptionHyperlinks>
			<ThingDef>EVOR_Item_AbdominalAndChestcavity_RasVacoule</ThingDef>
			<RecipeDef>EVOR_SurgeryInstall_AbdominalAndChestcavity_RasVacoule</RecipeDef>
		</descriptionHyperlinks>
	</HediffDef>
	<RecipeDef ParentName="EVOR_SurgeryInstallBodyPartArtificialBase">
		<defName>EVOR_SurgeryInstall_AbdominalAndChestcavity_RasVacoule</defName>
		<label>&lt;color=#00FFF7&gt;implant ras vacoule&lt;/color&gt;</label>
		<description>Implant ras vacoule.</description>
		<jobString>Implanting ras vacoule.</jobString>
		<skillRequirements><Medicine>13</Medicine></skillRequirements>
		<ingredients><li><filter><thingDefs><li>EVOR_Item_AbdominalAndChestcavity_RasVacoule</li></thingDefs></filter></li></ingredients>
		<fixedIngredientFilter><thingDefs><li>EVOR_Item_AbdominalAndChestcavity_RasVacoule</li></thingDefs></fixedIngredientFilter>
		<addsHediff>EVOR_Hediff_AbdominalAndChestcavity_RasVacoule</addsHediff>
		<descriptionHyperlinks><ThingDef>EVOR_Item_AbdominalAndChestcavity_RasVacoule</ThingDef><HediffDef>EVOR_Hediff_AbdominalAndChestcavity_RasVacoule</HediffDef></descriptionHyperlinks>
		<researchPrerequisite>EVOR_Research_AdditionalOrgans</researchPrerequisite>
	</RecipeDef>
	<RecipeDef ParentName="EVOR_SurgeryRemoveImplantBase">
		<defName>EVOR_SurgeryRemove_AbdominalAndChestcavity_RasVacoule</defName>
		<label>&lt;color=#00FFF7&gt;remove ras vacoule&lt;/color&gt;</label>
		<description>Remove ras vacoule.</description>
		<jobString>Removing ras vacoule.</jobString>
		<descriptionHyperlinks>
			<ThingDef>EVOR_Item_AbdominalAndChestcavity_RasVacoule</ThingDef>
			<HediffDef>EVOR_Hediff_AbdominalAndChestcavity_RasVacoule</HediffDef>
		</descriptionHyperlinks>
		<removesHediff>EVOR_Hediff_AbdominalAndChestcavity_RasVacoule</removesHediff>
	</RecipeDef>

</Defs>