<?xml version="1.0" encoding="utf-8" ?>
<Defs>

	<HediffDef Name="EVOR_Hediff_BodyPartBase" ParentName="AddedBodyPartBase" Abstract="True">
		<defaultLabelColor>(.2,1,.9)</defaultLabelColor>
		<addedPartProps>
			<solid>true</solid>
			<partEfficiency>1.00001</partEfficiency>
			<betterThanNatural>true</betterThanNatural>
		</addedPartProps>
	</HediffDef>
	
	<HediffDef Name="EVOR_Hediff_ImplantBase" ParentName="ImplantHediffBase" Abstract="True">
		<defaultLabelColor>(.2,1,.9)</defaultLabelColor>
		<addedPartProps>
			<solid>true</solid>
			<partEfficiency>1.00001</partEfficiency>
			<betterThanNatural>true</betterThanNatural>
		</addedPartProps>
	</HediffDef>
	
	<RecipeDef Name="EVOR_SurgeryInstallImplantBase" ParentName="SurgeryInstallImplantBase" Abstract="True">
		<workAmount>3000</workAmount>
		<workerClass>Recipe_InstallImplant</workerClass>
		<skillRequirements>
			<Medicine>5</Medicine>
		</skillRequirements>
		<recipeUsers>
			<li>Human</li>
		</recipeUsers>
	</RecipeDef>
	
	<RecipeDef Name="EVOR_SurgeryInstallBodyPartArtificialBase" ParentName="EVOR_SurgeryInstallImplantBase" Abstract="True">
		<workerClass>Recipe_InstallArtificialBodyPart</workerClass>
	</RecipeDef>
	
	
	<RecipeDef Name="EVOR_SurgeryRemoveImplantBase" ParentName="SurgeryRemoveImplantBase" Abstract="True">
		<workerClass>EvolvedOrgansRedux.Recipe_RemoveImplant</workerClass>
	</RecipeDef>
</Defs>