<?xml version="1.0" encoding="utf-8" ?>
<Defs>

    <HediffDef>
        <defName>EVOR_Hediff_Damage_Sonic</defName>
        <hediffClass>HediffWithComps</hediffClass>
        <defaultLabelColor>(0.7, 1.0, 0.7)</defaultLabelColor>
        <label>sonic damage</label>
        <lethalSeverity>1</lethalSeverity>
        <makesSickThought>false</makesSickThought>
        <scenarioCanAdd>true</scenarioCanAdd>
        <comps>
			<li Class="HediffCompProperties_SeverityPerDay">
				<severityPerDay>-4</severityPerDay>
				<showHoursToRecover>true</showHoursToRecover>
			</li>
        </comps>
        <description>Disorientation due to the application of loud sound.</description>
        <stages>
            <li>
                <label>initial</label>
                <minSeverity>0.10</minSeverity>
                <capMods>
                    <li>
                        <capacity>Consciousness</capacity>
                        <offset>-0.025</offset>
                    </li>
                </capMods>
                <statOffsets>
					<MeleeDodgeChance>-1</MeleeDodgeChance>
					<MeleeHitChance>-1</MeleeHitChance>
				</statOffsets>
            </li>
            <li>
                <label>minor</label>
                <minSeverity>0.20</minSeverity>
                <capMods>
                    <li>
                        <capacity>Consciousness</capacity>
                        <offset>-0.1</offset>
                    </li>
                </capMods>
                <statOffsets>
					<MeleeDodgeChance>-2</MeleeDodgeChance>
					<MeleeHitChance>-2</MeleeHitChance>
				</statOffsets>
            </li>
            <li>
                <label>moderate</label>
                <minSeverity>0.40</minSeverity>
                <capMods>
                    <li>
                        <capacity>Consciousness</capacity>
                        <offset>-0.2</offset>
                    </li>
                </capMods>
                <statOffsets>
					<MeleeDodgeChance>-5</MeleeDodgeChance>
					<MeleeHitChance>-5</MeleeHitChance>
				</statOffsets>
            </li>
            <li>
                <label>high</label>
                <minSeverity>0.80</minSeverity>
                <capMods>
                    <li>
                        <capacity>Consciousness</capacity>
                        <offset>-0.50</offset>
                    </li>
                </capMods>
                <statOffsets>
					<MeleeDodgeChance>-7</MeleeDodgeChance>
					<MeleeHitChance>-7</MeleeHitChance>
				</statOffsets>
            </li>
        </stages>
    </HediffDef>

    <!--
    <HediffDef>
        <defName>EVOR_Hediff_Damage_Shock</defName>
        <hediffClass>HediffWithComps</hediffClass>
        <defaultLabelColor>(0.7, 1.0, 0.7)</defaultLabelColor>
        <label>shock damage</label>
        <lethalSeverity>4</lethalSeverity>
        <makesSickThought>false</makesSickThought>
        <scenarioCanAdd>true</scenarioCanAdd>
        <comps>
        <li Class="HediffCompProperties_Immunizable">
            <severityPerDayNotImmune>-1.00</severityPerDayNotImmune>
        </li>
        </comps>
        <stages>
            <li>
                <label>initial</label>
                <becomeVisible>false</becomeVisible>
            </li>
            <li>
                <label>initial</label>
                <minSeverity>0.01</minSeverity>
            </li>
            <li>
                <label>initial</label>
                <minSeverity>0.10</minSeverity>
                <capMods>
                    <li>
                        <capacity>Consciousness</capacity>
                        <offset>-0.05</offset>
                    </li>
                </capMods>
            </li>
            <li>
                <label>minor</label>
                <minSeverity>0.20</minSeverity>
                <capMods>
                    <li>
                        <capacity>Consciousness</capacity>
                        <offset>-0.20</offset>
                    </li>
                </capMods>
            </li>
            <li>
                <label>moderate</label>
                <minSeverity>0.40</minSeverity>
                <vomitMtbDays>5</vomitMtbDays>
                <capMods>
                    <li>
                        <capacity>Consciousness</capacity>
                        <offset>-0.035</offset>
                    </li>
                </capMods>
            </li>
            <li>
                <label>high</label>
                <minSeverity>0.80</minSeverity>
                <vomitMtbDays>5</vomitMtbDays>
                <capMods>
                    <li>
                        <capacity>Consciousness</capacity>
                        <offset>-0.50</offset>
                    </li>
                </capMods>
            </li>
        </stages>
    </HediffDef>
    -->
    
    <HediffDef>
        <defName>EVOR_Hediff_Damage_PurgleRot</defName>
        <label>Purgle's Rot</label>
        <description>A truly dangerous infectious disease caused by designed bacteria. Exceptionally lethal.</description>
        <makesSickThought>true</makesSickThought>
        <lethalSeverity>1</lethalSeverity>
        <tendable>true</tendable>
        <hediffClass>HediffWithComps</hediffClass>
        <defaultLabelColor>(0.8, 0.8, 0.35)</defaultLabelColor>
        <initialSeverity>0.001</initialSeverity>
        <removeOnRedressChanceByDaysCurve>
            <points>
                <li>(0, 0)</li>
                <li>(2, 0)</li>
                <li>(7, 0.5)</li>
                <li>(20, 1)</li>
            </points>
        </removeOnRedressChanceByDaysCurve>
        <comps>
            <li Class="HediffCompProperties_TendDuration">
                <baseTendDurationHours>12</baseTendDurationHours>
                <severityPerDayTended>-0.3628</severityPerDayTended>
            </li>
            <li Class="HediffCompProperties_Immunizable">
                <severityPerDayNotImmune>0.666</severityPerDayNotImmune>
                <immunityPerDaySick>0.5224</immunityPerDaySick>
                <severityPerDayImmune>-0.333</severityPerDayImmune>
                <immunityPerDayNotSick>-0.02</immunityPerDayNotSick>
            </li>
        </comps>
        <stages>
            <li>
                <label>minor</label>
                <painOffset>0.2</painOffset>
                <capMods>
                    <li>
                        <capacity>Consciousness</capacity>
                        <offset>-0.05</offset>
                    </li>
                    <li>
                        <capacity>Manipulation</capacity>
                        <offset>-0.05</offset>
                    </li>
                </capMods>
            </li>
            <li>
                <minSeverity>0.6</minSeverity>
                <label>major</label>
                <painOffset>0.35</painOffset>
                <capMods>
                    <li>
                        <capacity>Consciousness</capacity>
                        <offset>-0.2</offset>
                    </li>
                    <li>
                        <capacity>Manipulation</capacity>
                        <offset>-0.2</offset>
                    </li>
                </capMods>
            </li>
            <li>
                <minSeverity>0.8</minSeverity>
                <label>extreme</label>
                <painOffset>0.6</painOffset>
                <capMods>
                    <li>
                        <capacity>Consciousness</capacity>
                        <offset>-0.3</offset>
                    </li>
                    <li>
                        <capacity>Manipulation</capacity>
                        <offset>-0.3</offset>
                    </li>
                    <li>
                        <capacity>Breathing</capacity>
                        <offset>-0.1</offset>
                    </li>
                </capMods>
            </li>
            <li>
                <minSeverity>0.9</minSeverity>
                <label>extreme</label>
                <lifeThreatening>true</lifeThreatening>
                <painOffset>0.85</painOffset>
                <capMods>
                    <li>
                        <capacity>Consciousness</capacity>
                        <offset>-0.3</offset>
                    </li>
                    <li>
                        <capacity>Manipulation</capacity>
                        <offset>-0.3</offset>
                    </li>
                    <li>
                        <capacity>Breathing</capacity>
                        <offset>-0.2</offset>
                    </li>
                </capMods>
            </li>
        </stages>
    </HediffDef>
</Defs>