<?xml version="1.0" encoding="utf-8"?>

<ModMetaData>
  <name>Not My Fault</name>
  <author>Vesper</author>
  <packageId>Vesper.NotMyFault</packageId>
  <supportedVersions>
    <li>
      1.3
    </li>
    <li>
      1.4
    </li>
  </supportedVersions>
  <description>
Picture this - You get a new notification, a trade a caravan! How exciting! Except... No, guys, please don't walk through the cave filled to the brim with angry genetically engineered insects... Aaaand your visitors are all dead. And now their faction hates you for some reason.

"Not My Fault" is a simple mod. It removes the -5 penalty you get from visitors dying on your map tile due to events you had no control over. 

No more faction reputation loss because your visitors picked a fight with a wild manhunting grizzly bear. Or perhaps they lit themselves on fire because they somehow missed the fact that a dry thunderstorm turned your rice fields into a raging inferno. Or maybe one of their own has a mental break and decides to go on a grenade throwing spree. 

Either way, you wouldn't have been penalized if this happened on the tile directly adjacent to your map. Why should you be punished for it now? 

It should be noted that this mod does NOT remove penalties for intentionally harming visitors. That being said, this is still not a "balanced" mod in that there are definitely ways to exploit this system. Up to you how you would like to use it.

Credit:
Programmer: Vesper
Commissioner: Foxy Carter

Compatibility:
As the mod replaces the -5 faction penalty in the vanilla source code with 0, there should be no issues with mod compatibility.
If any bugs are found, please let me know in the comments!
  </description>
  <modDependencies>
    <li>
      <packageId>brrainz.harmony</packageId>
      <displayName>Harmony</displayName>
      <steamWorkshopUrl>steam://url/CommunityFilePage/2009463077</steamWorkshopUrl>
      <downloadUrl>https://github.com/pardeike/HarmonyRimWorld/releases/latest</downloadUrl>
    </li>
  </modDependencies>
</ModMetaData>