﻿<ModMetaData>
  <packageId>notfood.MendAndRecycle</packageId>
  <name>MendAndRecycle</name>
  <author>NotFood</author>
  <url>https://ludeon.com/forums/index.php?topic=22894.0</url>
  <supportedVersions>
    <li>1.1</li>
    <li>1.2</li>
    <li>1.3</li>
    <li>1.4</li>
  </supportedVersions>
  <description>Repair the durability of items or just recycle them.

Thank You
-Wastelander (original mod)
-Skyarkhangel, (A12 update)
-topp2000 (A13 update)
-NotFood (A14, A15, A16, A17, B18, B19, 1.0, 1.1 updates)
-KiameV (support)
-Syrchalis for the great mending table and mending kit textures!</description>
</ModMetaData>
