﻿<?xml version="1.0" encoding="utf-8"?>
<Defs>
	<HediffGiverSetDef>
		<defName>OrganicPsychology</defName>
		<hediffGivers>
			<!-- Birthday long-term chronic-->
			<li Class="HediffGiver_Birthday">
				<hediff>Anxiety</hediff>
				<partsToAffect>
					<li>Brain</li>
				</partsToAffect>
				<ageFractionChanceCurve>
					<points>
						<li>(0.15, 0.0)</li>
						<li>(0.3375, 0.00225)</li>
						<li>(0.45, 0.0003375)</li>
						<li>(0.5625, 0.0)</li>
					</points>
				</ageFractionChanceCurve>
				<averageSeverityPerDayBeforeGeneration>-0.0006</averageSeverityPerDayBeforeGeneration>
			</li>
		</hediffGivers>
	</HediffGiverSetDef>
	<!--	<HediffGiverSetDef>
		<defName>OrganicPsychology</defName>
		<hediffGivers>
			<li Class="HediffGiver_Birthday">
				<hediff>Anxiety</hediff>
				<partsToAffect>
					<li>Brain</li>
				</partsToAffect>
				<ageFractionChanceCurve>
					<points>
						<li>(0.1250, 0.0000)</li>
						<li>(0.1625, 0.0020)</li>
						<li>(0.2250, 0.0020)</li>
						<li>(0.3750, 0.0001)</li>
						<li>(0.5625, 0.0001)</li>
						<li>(0.6875, 0.0005)</li>
						<li>(0.8125, 0.0001)</li>
						<li>(1.0000, 0.0000)</li>
					</points>
				</ageFractionChanceCurve>
				<averageSeverityPerDayBeforeGeneration>-0.0006</averageSeverityPerDayBeforeGeneration>
			</li>
		</hediffGivers>
	</HediffGiverSetDef>-->
</Defs>