<?xml version="1.0" encoding="utf-8" ?>
<Defs>

  <ResearchProjectDef>
    <defName>EVOR_Research_Artifact_NornCrown</defName>
    <tab>EVOR_EvolvedOrgansResearchTab</tab>
    <label>Psychic Area Mood Profileration</label>
    <description>With more knowledge of how the mind interacts with psychic waves, a synaptic node that allows one to affect others with their mood can be created.</description>
    <baseCost>1000</baseCost>
    <techLevel>Spacer</techLevel>
    <prerequisites>
      <li>EVOR_Research_Start3</li>
    </prerequisites>
    <requiredResearchBuilding>HiTechResearchBench</requiredResearchBuilding>
    <requiredResearchFacilities>
      <li>MultiAnalyzer</li>
    </requiredResearchFacilities>
    <researchViewX>4</researchViewX>
    <researchViewY>5</researchViewY>
    <techprintCount>1</techprintCount>
    <techprintCommonality>1</techprintCommonality>
    <techprintMarketValue>3000</techprintMarketValue>
    <heldByFactionCategoryTags>
		  <li>Outlander</li>
      <li>Empire</li>
		</heldByFactionCategoryTags>
  </ResearchProjectDef>

  <ResearchProjectDef>
    <defName>EVOR_Research_Artifact_ShimmerWorm</defName>
    <tab>EVOR_EvolvedOrgansResearchTab</tab>
    <label>Psuedo-Invisibility Studies</label>
    <description>By combining the hosts with an alien worms DNA it is possible to turn the host invisible when perceiving pain.</description>
    <baseCost>1000</baseCost>
    <techLevel>Spacer</techLevel>
    <prerequisites>
      <li>EVOR_Research_Start3</li>
    </prerequisites>
    <requiredResearchBuilding>HiTechResearchBench</requiredResearchBuilding>
    <requiredResearchFacilities>
      <li>MultiAnalyzer</li>
    </requiredResearchFacilities>
    <researchViewX>5</researchViewX>
    <researchViewY>5</researchViewY>
    <techprintCount>1</techprintCount>
    <techprintCommonality>1</techprintCommonality>
    <techprintMarketValue>3000</techprintMarketValue>
    <heldByFactionCategoryTags>
      <li>Empire</li>
      <li>Outlander</li>
		</heldByFactionCategoryTags>
  </ResearchProjectDef>

  <ResearchProjectDef>
    <defName>EVOR_Research_Psychic1</defName>
    <tab>EVOR_EvolvedOrgansResearchTab</tab>
    <label>Psychic Synapse Network</label>
	<description>Thanks to research into the brain, an organ that increases the levels of psychic power can be created</description>
    <baseCost>4500</baseCost>
    <techLevel>Spacer</techLevel>
    <prerequisites>
      <li>EVOR_Research_Organs3</li>
      <li>EVOR_Research_Brain1</li>
    </prerequisites>
    <requiredResearchBuilding>HiTechResearchBench</requiredResearchBuilding>
    <requiredResearchFacilities>
      <li>MultiAnalyzer</li>
    </requiredResearchFacilities>
    <researchViewX>6</researchViewX>
    <researchViewY>3</researchViewY>
  </ResearchProjectDef>

</Defs>
