<Patch>

	<Operation Class="PatchOperationAdd">
	<xpath>Defs/ThingDef[@Name="TableGatherSpotBase"]/comps</xpath>
		<value>
			<li>
				<compClass>Psychology.CompPotentialOfficeTable</compClass>
			</li>
		</value>
	</Operation>

	<!-- Gloomy furniture support -->

	<Operation Class="PatchOperationSequence">
		<success>Always</success>
		<operations>
			<li Class="PatchOperationTest">
			  <xpath>*/ThingDef[@ParentName="RGKTableBase"]/comps</xpath>
			</li>
			<li Class="PatchOperationAdd">
				<xpath>*/ThingDef[@ParentName="RGKTableBase"]/comps</xpath>
				<value>
					<li>
						<compClass>Psychology.CompPotentialOfficeTable</compClass>
					</li>
				</value>
			</li>
		</operations>
	</Operation>
	
	<!-- Comps doesn't already exist -->
	
	<Operation Class="PatchOperationSequence">
		<success>Always</success>
		<operations>
			<li Class="PatchOperationTest">
			  <xpath>*/ThingDef[@ParentName="RGKTableBase"]/comps</xpath>
			  <success>Invert</success>
			</li>
			<li Class="PatchOperationAdd">
				<xpath>*/ThingDef[@ParentName="RGKTableBase"]</xpath>
				<value>
					<comps>
						<li>
							<compClass>Psychology.CompPotentialOfficeTable</compClass>
						</li>
					</comps>
				</value>
			</li>
		</operations>
	</Operation>

</Patch>