<Patch>
	<Operation Class="PatchOperationReplace">
			<xpath>*/InteractionDef[defName="Chitchat"]/label</xpath>
			<value>
				<label>smalltalk</label>
			</value>
	</Operation>
	<Operation Class="PatchOperationReplace">
			<xpath>*/InteractionDef[defName="Chitchat"]/logRulesInitiator/rulesStrings/li[1]</xpath>
			<value>
				<li>r_logentry->[INITIATOR_nameDef] exchanged pleasantries with [RECIPIENT_nameDef].</li>
			</value>
	</Operation>
	<Operation Class="PatchOperationReplace">
			<xpath>*/InteractionDef[defName="Chitchat"]/logRulesInitiator/rulesStrings/li[2]</xpath>
			<value>
				<li>r_logentry(p=0.8)->[INITIATOR_nameDef] greeted [RECIPIENT_nameDef] in passing.</li>
			</value>
	</Operation>
	<Operation Class="PatchOperationReplace">
			<xpath>*/InteractionDef[defName="Chitchat"]/logRulesInitiator/rulesStrings/li[3]</xpath>
			<value>
				<li>r_logentry(p=0.2)->[INITIATOR_nameDef] waved at [RECIPIENT_nameDef].</li>
			</value>
	</Operation>
	<Operation Class="PatchOperationReplace">
			<xpath>*/RulePackDef[defName="Sentence_RomanceAttemptAccepted"]/rulePack/rulesStrings/li[3]</xpath>
			<value>
				<li>sent->[RECIPIENT_nameDef] agreed to become [INITIATOR_nameDef]'s lover.</li>
			</value>
	</Operation>
	
</Patch>