<Patch>
	<Operation Class="PatchOperationSequence">
		<success>Always</success>
		<operations>
			<li Class="PatchOperationTest">
			  <xpath>*/ThoughtDef[defName="AteLavishMeal"]/nullifyingTraits</xpath>
			</li>
			<li Class="PatchOperationAdd">
				<xpath>*/ThoughtDef[defName="AteLavishMeal"]/nullifyingTraits</xpath>
				<value>
					<li>Gourmet</li>
				</value>
			</li>
		</operations>
	</Operation>
	
	<Operation Class="PatchOperationSequence">
		<success>Always</success>
		<operations>
			<li Class="PatchOperationTest">
			  <xpath>*/ThoughtDef[defName="AteFineMeal"]/nullifyingTraits</xpath>
			</li>
			<li Class="PatchOperationAdd">
				<xpath>*/ThoughtDef[defName="AteFineMeal"]/nullifyingTraits</xpath>
				<value>
					<li>Gourmet</li>
				</value>
			</li>
		</operations>
	</Operation>
	
	<Operation Class="PatchOperationSequence">
		<success>Always</success>
		<operations>
			<li Class="PatchOperationTest">
			  <xpath>*/ThoughtDef[defName="AteAwfulMeal"]/nullifyingTraits</xpath>
			</li>
			<li Class="PatchOperationAdd">
				<xpath>*/ThoughtDef[defName="AteAwfulMeal"]/nullifyingTraits</xpath>
				<value>
					<li>Gourmet</li>
				</value>
			</li>
		</operations>
	</Operation>
	
	<Operation Class="PatchOperationSequence">
		<success>Always</success>
		<operations>
			<li Class="PatchOperationTest">
			  <xpath>*/ThoughtDef[defName="AteRawFood"]/nullifyingTraits</xpath>
			</li>
			<li Class="PatchOperationAdd">
				<xpath>*/ThoughtDef[defName="AteRawFood"]/nullifyingTraits</xpath>
				<value>
					<li>Gourmet</li>
				</value>
			</li>
		</operations>
	</Operation>
	
	<Operation Class="PatchOperationSequence">
		<success>Always</success>
		<operations>
			<li Class="PatchOperationTest">
			  <xpath>*/ThoughtDef[defName="AteInsectMeatAsIngredient"]/nullifyingTraits</xpath>
			</li>
			<li Class="PatchOperationAdd">
				<xpath>*/ThoughtDef[defName="AteInsectMeatAsIngredient"]/nullifyingTraits</xpath>
				<value>
					<li>Gourmet</li>
				</value>
			</li>
		</operations>
	</Operation>
	
	<Operation Class="PatchOperationSequence">
		<success>Always</success>
		<operations>
			<li Class="PatchOperationTest">
			  <xpath>*/ThoughtDef[defName="AteInsectMeatDirect"]/nullifyingTraits</xpath>
			</li>
			<li Class="PatchOperationAdd">
				<xpath>*/ThoughtDef[defName="AteInsectMeatDirect"]/nullifyingTraits</xpath>
				<value>
					<li>Gourmet</li>
				</value>
			</li>
		</operations>
	</Operation>
	
	<Operation Class="PatchOperationSequence">
		<success>Always</success>
		<operations>
			<li Class="PatchOperationTest">
			  <xpath>*/ThoughtDef[defName="AteRottenFood"]/nullifyingTraits</xpath>
			</li>
			<li Class="PatchOperationAdd">
				<xpath>*/ThoughtDef[defName="AteRottenFood"]/nullifyingTraits</xpath>
				<value>
					<li>Gourmet</li>
				</value>
			</li>
		</operations>
	</Operation>
	
	<Operation Class="PatchOperationSequence">
		<success>Always</success>
		<operations>
			<li Class="PatchOperationTest">
			  <xpath>*/ThoughtDef[defName="SleepDisturbed"]/nullifyingTraits</xpath>
			</li>
			<li Class="PatchOperationAdd">
				<xpath>*/ThoughtDef[defName="SleepDisturbed"]/nullifyingTraits</xpath>
				<value>
					<li>HeavySleeper</li>
				</value>
			</li>
		</operations>
	</Operation>
	
	<Operation Class="PatchOperationSequence">
		<success>Always</success>
		<operations>
			<li Class="PatchOperationTest">
			  <xpath>*/ThoughtDef[defName="ObservedLayingCorpse"]/nullifyingTraits</xpath>
			</li>
			<li Class="PatchOperationAdd">
				<xpath>*/ThoughtDef[defName="ObservedLayingCorpse"]/nullifyingTraits</xpath>
				<value>
					<li>Desensitized</li>
				</value>
			</li>
		</operations>
	</Operation>
	
	<Operation Class="PatchOperationSequence">
		<success>Always</success>
		<operations>
			<li Class="PatchOperationTest">
			  <xpath>*/ThoughtDef[defName="DeadMansApparel"]/nullifyingTraits</xpath>
			</li>
			<li Class="PatchOperationAdd">
				<xpath>*/ThoughtDef[defName="DeadMansApparel"]/nullifyingTraits</xpath>
				<value>
					<li>Desensitized</li>
				</value>
			</li>
		</operations>
	</Operation>
	
	<Operation Class="PatchOperationSequence">
		<success>Always</success>
		<operations>
			<li Class="PatchOperationTest">
			  <xpath>*/ThoughtDef[defName="WitnessedDeathAlly"]/nullifyingTraits</xpath>
			</li>
			<li Class="PatchOperationAdd">
				<xpath>*/ThoughtDef[defName="WitnessedDeathAlly"]/nullifyingTraits</xpath>
				<value>
					<li>BleedingHeart</li>
					<li>Desensitized</li>
				</value>
			</li>
		</operations>
	</Operation>
	
	<Operation Class="PatchOperationSequence">
		<success>Always</success>
		<operations>
			<li Class="PatchOperationTest">
			  <xpath>*/ThoughtDef[defName="WitnessedDeathNonAlly"]/nullifyingTraits</xpath>
			</li>
			<li Class="PatchOperationAdd">
				<xpath>*/ThoughtDef[defName="WitnessedDeathNonAlly"]/nullifyingTraits</xpath>
				<value>
					<li>BleedingHeart</li>
					<li>Desensitized</li>
				</value>
			</li>
		</operations>
	</Operation>
	
	<Operation Class="PatchOperationSequence">
		<success>Always</success>
		<operations>
			<li Class="PatchOperationTest">
			  <xpath>*/ThoughtDef[defName="ColonistLeftUnburied"]/nullifyingTraits</xpath>
			</li>
			<li Class="PatchOperationAdd">
				<xpath>*/ThoughtDef[defName="ColonistLeftUnburied"]/nullifyingTraits</xpath>
				<value>
					<li>BleedingHeart</li>
				</value>
			</li>
		</operations>
	</Operation>
	
	<Operation Class="PatchOperationSequence">
		<success>Always</success>
		<operations>
			<li Class="PatchOperationTest">
			  <xpath>*/ThoughtDef[defName="FeelingRandom"]/nullifyingTraits</xpath>
			</li>
			<li Class="PatchOperationAdd">
				<xpath>*/ThoughtDef[defName="FeelingRandom"]/nullifyingTraits</xpath>
				<value>
					<li>Unstable</li>
				</value>
			</li>
		</operations>
	</Operation>
	
	<Operation Class="PatchOperationSequence">
		<success>Always</success>
		<operations>
			<li Class="PatchOperationTest">
			  <xpath>*/ThoughtDef[defName="ApparelDamaged"]/nullifyingTraits</xpath>
			</li>
			<li Class="PatchOperationAdd">
				<xpath>*/ThoughtDef[defName="ApparelDamaged"]/nullifyingTraits</xpath>
				<value>
					<li>Prude</li>
				</value>
			</li>
		</operations>
	</Operation>
	
	<Operation Class="PatchOperationSequence">
		<success>Always</success>
		<operations>
			<li Class="PatchOperationTest">
			  <xpath>*/ThoughtDef[defName="Naked"]/nullifyingTraits</xpath>
			</li>
			<li Class="PatchOperationAdd">
				<xpath>*/ThoughtDef[defName="Naked"]/nullifyingTraits</xpath>
				<value>
					<li>Prude</li>
				</value>
			</li>
		</operations>
	</Operation>
	
	<Operation Class="PatchOperationSequence">
		<success>Always</success>
		<operations>
			<li Class="PatchOperationTest">
			  <xpath>*/ThoughtDef[defName="EnvironmentDark"]/nullifyingTraits</xpath>
			</li>
			<li Class="PatchOperationAdd">
				<xpath>*/ThoughtDef[defName="EnvironmentDark"]/nullifyingTraits</xpath>
				<value>
					<li>Photosensitive</li>
				</value>
			</li>
		</operations>
	</Operation>
	
	<Operation Class="PatchOperationSequence">
		<success>Always</success>
		<operations>
			<li Class="PatchOperationTest">
			  <xpath>*/ThoughtDef[defName="CheatedOnMe"]/nullifyingTraits</xpath>
			</li>
			<li Class="PatchOperationAdd">
				<xpath>*/ThoughtDef[defName="CheatedOnMe"]/nullifyingTraits</xpath>
				<value>
					<li>Polygamous</li>
				</value>
			</li>
		</operations>
	</Operation>
	
	<Operation Class="PatchOperationSequence">
		<success>Always</success>
		<operations>
			<li Class="PatchOperationTest">
			  <xpath>*/ThoughtDef[defName="Affair"]/nullifyingTraits</xpath>
			</li>
			<li Class="PatchOperationAdd">
				<xpath>*/ThoughtDef[defName="Affair"]/nullifyingTraits</xpath>
				<value>
					<li>Polygamous</li>
				</value>
			</li>
		</operations>
	</Operation>
	
	<Operation Class="PatchOperationSequence">
		<success>Always</success>
		<operations>
			<li Class="PatchOperationTest">
			  <xpath>*/ThoughtDef[defName="Disfigured"]/nullifyingTraits</xpath>
			</li>
			<li Class="PatchOperationAdd">
				<xpath>*/ThoughtDef[defName="Disfigured"]/nullifyingTraits</xpath>
				<value>
					<li>OpenMinded</li>
				</value>
			</li>
		</operations>
	</Operation>
	
	<Operation Class="PatchOperationSequence">
		<success>Always</success>
		<operations>
			<li Class="PatchOperationTest">
			  <xpath>*/ThoughtDef[defName="Pretty"]/nullifyingTraits</xpath>
			</li>
			<li Class="PatchOperationAdd">
				<xpath>*/ThoughtDef[defName="Pretty"]/nullifyingTraits</xpath>
				<value>
					<li>OpenMinded</li>
				</value>
			</li>
		</operations>
	</Operation>
	
	<Operation Class="PatchOperationSequence">
		<success>Always</success>
		<operations>
			<li Class="PatchOperationTest">
			  <xpath>*/ThoughtDef[defName="Ugly"]/nullifyingTraits</xpath>
			</li>
			<li Class="PatchOperationAdd">
				<xpath>*/ThoughtDef[defName="Ugly"]/nullifyingTraits</xpath>
				<value>
					<li>OpenMinded</li>
				</value>
			</li>
		</operations>
	</Operation>
	
	<Operation Class="PatchOperationSequence">
		<success>Always</success>
		<operations>
			<li Class="PatchOperationTest">
			  <xpath>*/ThoughtDef[defName="SleptOutside"]/nullifyingTraits</xpath>
			</li>
			<li Class="PatchOperationAdd">
				<xpath>*/ThoughtDef[defName="SleptOutside"]/nullifyingTraits</xpath>
				<value>
					<li>Outdoorsy</li>
				</value>
			</li>
		</operations>
	</Operation>
	
	<Operation Class="PatchOperationSequence">
		<success>Always</success>
		<operations>
			<li Class="PatchOperationTest">
			  <xpath>*/ThoughtDef[defName="RebuffedMyRomanceAttempt"]/nullifyingTraits</xpath>
			</li>
			<li Class="PatchOperationAdd">
				<xpath>*/ThoughtDef[defName="RebuffedMyRomanceAttempt"]/nullifyingTraits</xpath>
				<value>
					<li>Lecher</li>
				</value>
			</li>
		</operations>
	</Operation>
	
	<Operation Class="PatchOperationAdd">
		<xpath>*/ThoughtDef[defName="MoodOffsetDepressive"]/stages</xpath>
		<value>
			  <li>
				<label>depressive</label>
				<description>Natural penalty from Depressive trait.</description>
				<baseMoodEffect>-6</baseMoodEffect>
			  </li>
		</value>
	</Operation>
	
	<Operation Class="PatchOperationReplace">
		<xpath>*/ThoughtDef[defName="Chitchat"]/stages/li[1]/label</xpath>
		<value>
			<label>Smalltalk</label>
		</value>
	</Operation>
	
	<!-- nullifyingTraits doesn't exist -->
	
	<Operation Class="PatchOperationSequence">
		<success>Always</success>
		<operations>
			<li Class="PatchOperationTest">
			  <xpath>*/ThoughtDef[defName="AteLavishMeal"]/nullifyingTraits</xpath>
			  <success>Invert</success>
			</li>
			<li Class="PatchOperationAdd">
				<xpath>*/ThoughtDef[defName="AteLavishMeal"]</xpath>
				<value>
					<nullifyingTraits>
						<li>Gourmet</li>
					</nullifyingTraits>
				</value>
			</li>
		</operations>
	</Operation>
	
	<Operation Class="PatchOperationSequence">
		<success>Always</success>
		<operations>
			<li Class="PatchOperationTest">
			  <xpath>*/ThoughtDef[defName="AteFineMeal"]/nullifyingTraits</xpath>
			  <success>Invert</success>
			</li>
			<li Class="PatchOperationAdd">
				<xpath>*/ThoughtDef[defName="AteFineMeal"]</xpath>
				<value>
					<nullifyingTraits>
						<li>Gourmet</li>
					</nullifyingTraits>
				</value>
			</li>
		</operations>
	</Operation>
	
	<Operation Class="PatchOperationSequence">
		<success>Always</success>
		<operations>
			<li Class="PatchOperationTest">
			  <xpath>*/ThoughtDef[defName="AteAwfulMeal"]/nullifyingTraits</xpath>
			  <success>Invert</success>
			</li>
			<li Class="PatchOperationAdd">
				<xpath>*/ThoughtDef[defName="AteAwfulMeal"]</xpath>
				<value>
					<nullifyingTraits>
						<li>Gourmet</li>
					</nullifyingTraits>
				</value>
			</li>
		</operations>
	</Operation>
	
	<Operation Class="PatchOperationSequence">
		<success>Always</success>
		<operations>
			<li Class="PatchOperationTest">
			  <xpath>*/ThoughtDef[defName="AteRawFood"]/nullifyingTraits</xpath>
			  <success>Invert</success>
			</li>
			<li Class="PatchOperationAdd">
				<xpath>*/ThoughtDef[defName="AteRawFood"]</xpath>
				<value>
					<nullifyingTraits>
						<li>Gourmet</li>
					</nullifyingTraits>
				</value>
			</li>
		</operations>
	</Operation>
	
	<Operation Class="PatchOperationSequence">
		<success>Always</success>
		<operations>
			<li Class="PatchOperationTest">
			  <xpath>*/ThoughtDef[defName="AteInsectMeatAsIngredient"]/nullifyingTraits</xpath>
			  <success>Invert</success>
			</li>
			<li Class="PatchOperationAdd">
				<xpath>*/ThoughtDef[defName="AteInsectMeatAsIngredient"]</xpath>
				<value>
					<nullifyingTraits>
						<li>Gourmet</li>
					</nullifyingTraits>
				</value>
			</li>
		</operations>
	</Operation>
	
	<Operation Class="PatchOperationSequence">
		<success>Always</success>
		<operations>
			<li Class="PatchOperationTest">
			  <xpath>*/ThoughtDef[defName="AteInsectMeatDirect"]/nullifyingTraits</xpath>
			  <success>Invert</success>
			</li>
			<li Class="PatchOperationAdd">
				<xpath>*/ThoughtDef[defName="AteInsectMeatDirect"]</xpath>
				<value>
					<nullifyingTraits>
						<li>Gourmet</li>
					</nullifyingTraits>
				</value>
			</li>
		</operations>
	</Operation>
	
	<Operation Class="PatchOperationSequence">
		<success>Always</success>
		<operations>
			<li Class="PatchOperationTest">
			  <xpath>*/ThoughtDef[defName="AteRottenFood"]/nullifyingTraits</xpath>
			  <success>Invert</success>
			</li>
			<li Class="PatchOperationAdd">
				<xpath>*/ThoughtDef[defName="AteRottenFood"]</xpath>
				<value>
					<nullifyingTraits>
						<li>Gourmet</li>
					</nullifyingTraits>
				</value>
			</li>
		</operations>
	</Operation>
	
	<Operation Class="PatchOperationSequence">
		<success>Always</success>
		<operations>
			<li Class="PatchOperationTest">
			  <xpath>*/ThoughtDef[defName="SleepDisturbed"]/nullifyingTraits</xpath>
			  <success>Invert</success>
			</li>
			<li Class="PatchOperationAdd">
				<xpath>*/ThoughtDef[defName="SleepDisturbed"]</xpath>
				<value>
					<nullifyingTraits>
						<li>HeavySleeper</li>
					</nullifyingTraits>
				</value>
			</li>
		</operations>
	</Operation>
	
	<Operation Class="PatchOperationSequence">
		<success>Always</success>
		<operations>
			<li Class="PatchOperationTest">
			  <xpath>*/ThoughtDef[defName="ObservedLayingCorpse"]/nullifyingTraits</xpath>
			  <success>Invert</success>
			</li>
			<li Class="PatchOperationAdd">
				<xpath>*/ThoughtDef[defName="ObservedLayingCorpse"]</xpath>
				<value>
					<nullifyingTraits>
						<li>Desensitized</li>
					</nullifyingTraits>
				</value>
			</li>
		</operations>
	</Operation>
	
	<Operation Class="PatchOperationSequence">
		<success>Always</success>
		<operations>
			<li Class="PatchOperationTest">
			  <xpath>*/ThoughtDef[defName="DeadMansApparel"]/nullifyingTraits</xpath>
			  <success>Invert</success>
			</li>
			<li Class="PatchOperationAdd">
				<xpath>*/ThoughtDef[defName="DeadMansApparel"]</xpath>
				<value>
					<nullifyingTraits>
						<li>Desensitized</li>
					</nullifyingTraits>
				</value>
			</li>
		</operations>
	</Operation>
	
	<Operation Class="PatchOperationSequence">
		<success>Always</success>
		<operations>
			<li Class="PatchOperationTest">
			  <xpath>*/ThoughtDef[defName="WitnessedDeathAlly"]/nullifyingTraits</xpath>
			  <success>Invert</success>
			</li>
			<li Class="PatchOperationAdd">
				<xpath>*/ThoughtDef[defName="WitnessedDeathAlly"]</xpath>
				<value>
					<nullifyingTraits>
						<li>BleedingHeart</li>
						<li>Desensitized</li>
					</nullifyingTraits>
				</value>
			</li>
		</operations>
	</Operation>
	
	<Operation Class="PatchOperationSequence">
		<success>Always</success>
		<operations>
			<li Class="PatchOperationTest">
			  <xpath>*/ThoughtDef[defName="WitnessedDeathNonAlly"]/nullifyingTraits</xpath>
			  <success>Invert</success>
			</li>
			<li Class="PatchOperationAdd">
				<xpath>*/ThoughtDef[defName="WitnessedDeathNonAlly"]</xpath>
				<value>
					<nullifyingTraits>
						<li>BleedingHeart</li>
						<li>Desensitized</li>
					</nullifyingTraits>
				</value>
			</li>
		</operations>
	</Operation>
	
	<Operation Class="PatchOperationSequence">
		<success>Always</success>
		<operations>
			<li Class="PatchOperationTest">
			  <xpath>*/ThoughtDef[defName="ColonistLeftUnburied"]/nullifyingTraits</xpath>
			  <success>Invert</success>
			</li>
			<li Class="PatchOperationAdd">
				<xpath>*/ThoughtDef[defName="ColonistLeftUnburied"]</xpath>
				<value>
					<nullifyingTraits>
						<li>BleedingHeart</li>
					</nullifyingTraits>
				</value>
			</li>
		</operations>
	</Operation>
	
	<Operation Class="PatchOperationSequence">
		<success>Always</success>
		<operations>
			<li Class="PatchOperationTest">
			  <xpath>*/ThoughtDef[defName="FeelingRandom"]/nullifyingTraits</xpath>
			  <success>Invert</success>
			</li>
			<li Class="PatchOperationAdd">
				<xpath>*/ThoughtDef[defName="FeelingRandom"]</xpath>
				<value>
					<nullifyingTraits>
						<li>Unstable</li>
					</nullifyingTraits>
				</value>
			</li>
		</operations>
	</Operation>
	
	<Operation Class="PatchOperationSequence">
		<success>Always</success>
		<operations>
			<li Class="PatchOperationTest">
			  <xpath>*/ThoughtDef[defName="ApparelDamaged"]/nullifyingTraits</xpath>
			  <success>Invert</success>
			</li>
			<li Class="PatchOperationAdd">
				<xpath>*/ThoughtDef[defName="ApparelDamaged"]</xpath>
				<value>
					<nullifyingTraits>
						<li>Prude</li>
					</nullifyingTraits>
				</value>
			</li>
		</operations>
	</Operation>
	
	<Operation Class="PatchOperationSequence">
		<success>Always</success>
		<operations>
			<li Class="PatchOperationTest">
			  <xpath>*/ThoughtDef[defName="Naked"]/nullifyingTraits</xpath>
			  <success>Invert</success>
			</li>
			<li Class="PatchOperationAdd">
				<xpath>*/ThoughtDef[defName="Naked"]</xpath>
				<value>
					<nullifyingTraits>
						<li>Prude</li>
					</nullifyingTraits>
				</value>
			</li>
		</operations>
	</Operation>
	
	<Operation Class="PatchOperationSequence">
		<success>Always</success>
		<operations>
			<li Class="PatchOperationTest">
			  <xpath>*/ThoughtDef[defName="EnvironmentDark"]/nullifyingTraits</xpath>
			  <success>Invert</success>
			</li>
			<li Class="PatchOperationAdd">
				<xpath>*/ThoughtDef[defName="EnvironmentDark"]</xpath>
				<value>
					<nullifyingTraits>
						<li>Photosensitive</li>
					</nullifyingTraits>
				</value>
			</li>
		</operations>
	</Operation>
	
	<Operation Class="PatchOperationSequence">
		<success>Always</success>
		<operations>
			<li Class="PatchOperationTest">
			  <xpath>*/ThoughtDef[defName="CheatedOnMe"]/nullifyingTraits</xpath>
			  <success>Invert</success>
			</li>
			<li Class="PatchOperationAdd">
				<xpath>*/ThoughtDef[defName="CheatedOnMe"]</xpath>
				<value>
					<nullifyingTraits>
						<li>Polygamous</li>
					</nullifyingTraits>
				</value>
			</li>
		</operations>
	</Operation>
	
	<Operation Class="PatchOperationSequence">
		<success>Always</success>
		<operations>
			<li Class="PatchOperationTest">
			  <xpath>*/ThoughtDef[defName="Affair"]/nullifyingTraits</xpath>
			  <success>Invert</success>
			</li>
			<li Class="PatchOperationAdd">
				<xpath>*/ThoughtDef[defName="Affair"]</xpath>
				<value>
					<nullifyingTraits>
						<li>Polygamous</li>
					</nullifyingTraits>
				</value>
			</li>
		</operations>
	</Operation>
	
	<Operation Class="PatchOperationSequence">
		<success>Always</success>
		<operations>
			<li Class="PatchOperationTest">
			  <xpath>*/ThoughtDef[defName="Disfigured"]/nullifyingTraits</xpath>
			  <success>Invert</success>
			</li>
			<li Class="PatchOperationAdd">
				<xpath>*/ThoughtDef[defName="Disfigured"]</xpath>
				<value>
					<nullifyingTraits>
						<li>OpenMinded</li>
					</nullifyingTraits>
				</value>
			</li>
		</operations>
	</Operation>
	
	<Operation Class="PatchOperationSequence">
		<success>Always</success>
		<operations>
			<li Class="PatchOperationTest">
			  <xpath>*/ThoughtDef[defName="Pretty"]/nullifyingTraits</xpath>
			  <success>Invert</success>
			</li>
			<li Class="PatchOperationAdd">
				<xpath>*/ThoughtDef[defName="Pretty"]</xpath>
				<value>
					<nullifyingTraits>
						<li>OpenMinded</li>
					</nullifyingTraits>
				</value>
			</li>
		</operations>
	</Operation>
	
	<Operation Class="PatchOperationSequence">
		<success>Always</success>
		<operations>
			<li Class="PatchOperationTest">
			  <xpath>*/ThoughtDef[defName="Ugly"]/nullifyingTraits</xpath>
			  <success>Invert</success>
			</li>
			<li Class="PatchOperationAdd">
				<xpath>*/ThoughtDef[defName="Ugly"]</xpath>
				<value>
					<nullifyingTraits>
						<li>OpenMinded</li>
					</nullifyingTraits>
				</value>
			</li>
		</operations>
	</Operation>
	
	<Operation Class="PatchOperationSequence">
		<success>Always</success>
		<operations>
			<li Class="PatchOperationTest">
			  <xpath>*/ThoughtDef[defName="SleptOutside"]/nullifyingTraits</xpath>
			  <success>Invert</success>
			</li>
			<li Class="PatchOperationAdd">
				<xpath>*/ThoughtDef[defName="SleptOutside"]</xpath>
				<value>
					<nullifyingTraits>
						<li>Outdoorsy</li>
					</nullifyingTraits>
				</value>
			</li>
		</operations>
	</Operation>
	
	<Operation Class="PatchOperationSequence">
		<success>Always</success>
		<operations>
			<li Class="PatchOperationTest">
			  <xpath>*/ThoughtDef[defName="RebuffedMyRomanceAttempt"]/nullifyingTraits</xpath>
			  <success>Invert</success>
			</li>
			<li Class="PatchOperationAdd">
				<xpath>*/ThoughtDef[defName="RebuffedMyRomanceAttempt"]</xpath>
				<value>
					<nullifyingTraits>
						<li>Lecher</li>
					</nullifyingTraits>
				</value>
			</li>
		</operations>
	</Operation>
	
	<Operation Class="PatchOperationSequence">
		<success>Always</success>
		<operations>
			<li Class="PatchOperationTest">
			  <xpath>*/ThoughtDef[defName="SoakingWet"]/nullifyingTraits</xpath>
			  <success>Invert</success>
			</li>
			<li Class="PatchOperationAdd">
				<xpath>*/ThoughtDef[defName="SoakingWet"]</xpath>
				<value>
					<nullifyingTraits>
						<li>Pluviophile</li>
					</nullifyingTraits>
				</value>
			</li>
		</operations>
	</Operation>
</Patch>