<?xml version="1.0" encoding="utf-8" ?>
<Patch>
	<Operation Class="PatchOperationFindMod">
		<success>Always</success>
		<mods>
			<li>SwimmingKit</li>
		</mods>
		<match Class="PatchOperationSequence">
			<operations>
				<li Class="PatchOperationFindMod">
					<success>Always</success>
					<mods>
						<li>Ultratech: Altered Carbon Remastered</li>
					</mods>
					<match Class="EvolvedOrgansRedux.PatchOperationChooseWorkbench">
						<modname>Ultratech: Altered Carbon Remastered</modname>
						<operations>
							<li Class="PatchOperationAdd">
								<xpath>/Defs</xpath>
								<value>
									<RecipeDef ParentName="UT_EVOR_Limbs2">
										<defName>UT_EVOR_Abd_Leg_Swim</defName>
										<label>hydrophobic webbed leg</label>
										<descriptionHyperlinks>
											<ThingDef>EVOR_Item_Leg_Swim</ThingDef>
										</descriptionHyperlinks>
										<products>
											<EVOR_Item_Leg_Swim>1</EVOR_Item_Leg_Swim>
										</products>
									</RecipeDef>
								</value>
							</li>
							<li Class="PatchOperationAdd">
								<xpath>/Defs/ThingDef[defName="UT_OrganIncubator"]/recipes</xpath>
								<value>
									<!-- Put here all the new recipe names for the organs -->
									<li>UT_EVOR_Abd_Leg_Swim</li>
								</value>
							</li>
						</operations>
					</match>
				</li>
			</operations>
		</match>
	</Operation>

</Patch>




