<?xml version="1.0" encoding="utf-8" ?>
<Patch>
	<Operation Class="PatchOperationSequence">
        <success>Always</success>
		<operations>
			<li Class="PatchOperationAdd">
				<xpath>/Defs/ResearchProjectDef[defName="EVOR_Research_Artifact_Lesions"]</xpath>
				<value>
					<heldByFactionCategoryTags>
						<li>Outlander</li>
						<li>Empire</li>
					</heldByFactionCategoryTags>
					<techprintCount>1</techprintCount>
					<techprintCommonality>1</techprintCommonality>
					<techprintMarketValue>3000</techprintMarketValue>
				</value>
			</li>
			<li Class="PatchOperationAdd">
				<xpath>/Defs/ResearchProjectDef[defName="EVOR_Research_Artifact_Tortoise"]</xpath>
				<value>
					<heldByFactionCategoryTags>
						<li>Outlander</li>
						<li>Empire</li>
					</heldByFactionCategoryTags>
					<techprintCount>1</techprintCount>
					<techprintCommonality>1</techprintCommonality>
					<techprintMarketValue>3000</techprintMarketValue>
				</value>
			</li>
		</operations>
	</Operation>
</Patch>