<?xml version="1.0" encoding="utf-8" ?>
<Defs>
  <!--==================================== 일반 연료 ====================================-->
  <RecipeDef>
    <defName>PN_Make_AutomatonFuel</defName>
    <label>make PNL fuel x4</label>
    <description>Make Automaton fuel.</description>
    <jobString>make Automaton fuel.</jobString>
    <effectWorking>Cremate</effectWorking>
    <workAmount>1200</workAmount>
    <workSpeedStat>GeneralLaborSpeed</workSpeedStat>
    <recipeUsers>
      <li>PN_AutomatonBench</li>
    </recipeUsers>
    <ingredients>
      <li>
        <filter>
          <thingDefs>
            <li>PsychoidLeaves</li>
          </thingDefs>
        </filter>
        <count>8</count>
      </li>
      <li>
        <filter>
          <thingDefs>
            <li>Chemfuel</li>
          </thingDefs>
        </filter>
        <count>4</count>
      </li>
    </ingredients>
    <fixedIngredientFilter>

    </fixedIngredientFilter>
    <products>
      <PN_AutomatonFuel>4</PN_AutomatonFuel>
    </products>
    <researchPrerequisite>PNRP_Production</researchPrerequisite>
  </RecipeDef>

  <RecipeDef>
    <defName>PN_Make_AutomatonFuel_bulk</defName>
    <label>make PNL fuel x16</label>
    <description>Make Automaton fuel.</description>
    <jobString>make Automaton fuel.</jobString>
    <effectWorking>Cremate</effectWorking>
    <workAmount>4800</workAmount>
    <workSpeedStat>GeneralLaborSpeed</workSpeedStat>
    <recipeUsers>
      <li>PN_AutomatonBench</li>
    </recipeUsers>
    <ingredients>
      <li>
        <filter>
          <thingDefs>
            <li>PsychoidLeaves</li>
          </thingDefs>
        </filter>
        <count>32</count>
      </li>
      <li>
        <filter>
          <thingDefs>
            <li>Chemfuel</li>
          </thingDefs>
        </filter>
        <count>16</count>
      </li>
    </ingredients>
    <fixedIngredientFilter>

    </fixedIngredientFilter>
    <products>
      <PN_AutomatonFuel>16</PN_AutomatonFuel>
    </products>
    <researchPrerequisite>PNRP_Production</researchPrerequisite>
  </RecipeDef>
</Defs>