<?xml version="1.0" encoding="utf-8" ?>
<Defs>
  <CustomizableRecipe.CustomizableRecipeDef>
    <defName>PN_Make_Automaton</defName>
    <label>make automaton</label>
    <description>make automaton</description>
    <jobString>Making automaton.</jobString>
    <workSpeedStat>GeneralLaborSpeed</workSpeedStat>
    <effectWorking>Cook</effectWorking>
    <soundWorking>Recipe_Machining</soundWorking>
    <workAmount>48000</workAmount>
    <unfinishedThingDef>UnfinishedAutomaton</unfinishedThingDef>
    <recipeUsers>
      <li>PN_AutomatonBench</li>
    </recipeUsers>
    <ingredients>
      <li>
        <filter>
          <categories>
            <li>PN_BrainCoreCatagory</li>
          </categories>
        </filter>
        <count>1</count>
      </li>
      <li>
        <filter>
          <thingDefs>
            <li>ComponentIndustrial</li>
          </thingDefs>
        </filter>
        <count>8</count>
      </li>
      <li>
        <filter>
          <thingDefs>
            <li>Steel</li>
          </thingDefs>
        </filter>
        <count>150</count>
      </li>
      <li>
        <filter>
          <thingDefs>
            <li>Leather_Automaton</li>
          </thingDefs>
        </filter>
        <count>50</count>
      </li>
      <li>
        <filter>
          <thingDefs>
            <li>Chemfuel</li>
          </thingDefs>
        </filter>
        <count>20</count>
      </li>
    </ingredients>
    <fixedIngredientFilter>
      <categories>
        <li>PN_BrainCoreCatagory</li>
      </categories>
    </fixedIngredientFilter>
    <products>
      <Packaged_NormalAutomaton>1</Packaged_NormalAutomaton>
    </products>
    <skillRequirements>
      <Crafting>1</Crafting>
    </skillRequirements>
    <workSkill>Crafting</workSkill>
    <researchPrerequisite></researchPrerequisite>

    <billWorker Class="AutomataRace.CustomizableBillWorker_MakeAutomata">
      <!-- configurations -->
      <baseMaterialCount>150</baseMaterialCount>
      <componentTotalCount>8</componentTotalCount>
      <componentIndustrialScore>32</componentIndustrialScore>
      <componentSpacerScore>200</componentSpacerScore>
      <useAIPersonaCoreScore>800</useAIPersonaCoreScore>
      <craftingSkillRequirementsMin>6</craftingSkillRequirementsMin>
      <craftingSkillRequirementsMax>16</craftingSkillRequirementsMax>

      <!-- default values -->
      <baseMaterial>Steel</baseMaterial>
      <componentIndustrialCount>8</componentIndustrialCount>
      <componentSpacerCount>0</componentSpacerCount>
      <useAIPersonaCore>false</useAIPersonaCore>
      <fixedIngredients>
        <li>
          <filter>
            <categories>
              <li>PN_BrainCoreCatagory</li>
            </categories>
          </filter>
          <count>1</count>
        </li>
        <li>
          <filter>
            <thingDefs>
              <li>Leather_Automaton</li>
            </thingDefs>
          </filter>
          <count>50</count>
        </li>
        <li>
          <filter>
            <thingDefs>
              <li>Chemfuel</li>
            </thingDefs>
          </filter>
          <count>20</count>
        </li>
      </fixedIngredients>
    </billWorker>
  </CustomizableRecipe.CustomizableRecipeDef>
</Defs>