﻿<?xml version="1.0" encoding="utf-8" ?>
<Defs>
  <TraitDef>
    <defName>Prude</defName>
    <!--<commonality>0.2</commonality>-->
    <commonality>0.7</commonality> <!-- Changed the commonality to match Nudist -->
    <degreeDatas>
      <li>
        <label>prude</label>
        <description>[PAWN_nameDef] hates the sight of the human body. [PAWN_pronoun] will be extremely unhappy when naked, more displeased than usual in tattered or worn-out clothing, and dislike the sight of other naked people.</description>
      </li>
    </degreeDatas>
    <conflictingTraits>
      <li>Nudist</li>
      <li>Lecher</li>
      <li>Polygamous</li>
      <li>OpenMinded</li>
    </conflictingTraits>
  </TraitDef>
  
  <TraitDef>
    <defName>Insomniac</defName>
    <!--<commonality>0.1</commonality>-->
    <commonality>0.5</commonality> 
    <degreeDatas>
      <li>
        <label>insomniac</label>
        <description>[PAWN_nameDef] finds it difficult to sleep because of [PAWN_possessive] condition. [PAWN_pronoun] will prioritize sleep less, wake up sooner, and get less rest from sleeping.</description>
        <statOffsets>
          <RestRateMultiplier>1.50</RestRateMultiplier>
        </statOffsets>
      </li>
    </degreeDatas>
    <conflictingTraits>
      <li>HeavySleeper</li>
      <li>QuickSleeper</li> <!--Added QuickSleeper -->
    </conflictingTraits>
  </TraitDef>
  
  <TraitDef>
    <defName>BleedingHeart</defName>
    <commonality>0.6</commonality>
    <degreeDatas>
      <li>
        <label>bleeding heart</label>
        <description>[PAWN_nameDef] has a big heart and gets very emotional. [PAWN_pronoun] loves helping people, and abhors violence and injustice. [PAWN_pronoun] is more affected by these things than others.</description>
      </li>
    </degreeDatas>
    <conflictingTraits>
      <li>Psychopath</li>
      <li>Bloodlust</li>
      <li>Cannibal</li>
      <li>Desensitized</li>
    </conflictingTraits>
  </TraitDef>
  
  <TraitDef>
    <defName>Gourmet</defName>
    <commonality>0.5</commonality>
    <degreeDatas>
      <li>
        <label>gourmet</label>
        <description>[PAWN_nameDef] is always a critic when it comes to food. [PAWN_pronoun] expects to be fed well and will complain if [PAWN_possessive] meals aren't up to par.</description>
      </li>
    </degreeDatas>
    <conflictingTraits>
      <li>Cannibal</li>
      <li>Ascetic</li>
    </conflictingTraits>
  </TraitDef>
  
  <TraitDef>
    <defName>Unstable</defName>
    <!--<commonality>0.08</commonality>-->
    <commonality>0.4</commonality>
    <degreeDatas>
      <li>
        <label>unstable</label>
        <description>[PAWN_nameDef] is more prone to random mood swings, which can be more severe than normal for others.</description>
      </li>
    </degreeDatas>
  </TraitDef>
  
  <TraitDef>
    <defName>Lecher</defName>
    <commonality>0.4</commonality>
    <commonalityFemale>0.1</commonalityFemale>
    <degreeDatas>
      <li>
        <label>lecher</label>
        <description>[PAWN_nameDef] is unabashedly lecherous and a thoughtless heartbreaker. [PAWN_pronoun] will hit on anyone [PAWN_pronoun] desires with no regard for the consequences.</description>
      </li>
    </degreeDatas>
    <conflictingTraits>
      <li>Codependent</li>
      <li>Prude</li>
      <li>OpenMinded</li>
    </conflictingTraits>
    <requiredWorkTags>
      <li>Social</li>
    </requiredWorkTags>
  </TraitDef>
  
  <TraitDef>
    <defName>Codependent</defName>
    <!--<commonality>0.2</commonality>-->
     <commonality>0.4</commonality>
    <degreeDatas>
      <li>
        <label>codependent</label>
        <description>[PAWN_nameDef] is romantically needy and won't be happy unless in a relationship. [PAWN_pronoun] will be devastated by infidelity and breakups.</description>
      </li>
    </degreeDatas>
    <conflictingTraits>
      <li>Lecher</li>
      <li>Polygamous</li>
    </conflictingTraits>
  </TraitDef>
  
  <TraitDef>
    <defName>Outdoorsy</defName>
    <commonality>1</commonality>
    <commonalityFemale>0.6</commonalityFemale>
    <degreeDatas>
      <li>
        <label>outdoorsy</label>
        <description>[PAWN_nameDef] loves to be outside. [PAWN_pronoun] gets a mood bonus when there is no roof over [PAWN_possessive] head.</description>
      </li>
    </degreeDatas>
    <conflictingTraits>
      <li>Undergrounder</li>
    </conflictingTraits>
  </TraitDef>
  
  <TraitDef>
    <defName>Pluviophile</defName>
    <commonality>1.5</commonality>
    <degreeDatas>
      <li>
        <label>pluviophile</label>
        <description>[PAWN_nameDef] likes the rain. [PAWN_pronoun] gets a mood bonus when it's pouring outside, especially if [PAWN_pronoun] gets to go out in it.</description>
      </li>
    </degreeDatas>
  </TraitDef>
  
  <TraitDef>
    <defName>Photosensitive</defName>
    <!--<commonality>0.08</commonality>-->
    <commonality>0.4</commonality>
    <degreeDatas>
      <li>
        <label>photosensitive</label>
        <description>[PAWN_nameDef] has eyes, either through gene modding or random mutation, that are extremely light-sensitive. [PAWN_pronoun] finds bright light extremely painful and indoor lighting bothersome, and will be happiest in the dark.</description>
      </li>
    </degreeDatas>
  </TraitDef>
  
  <TraitDef>
    <defName>Socialite</defName>
    <commonality>0.6</commonality>
    <degreeDatas>
      <li>
        <label>socialite</label>
        <description>[PAWN_nameDef] loves to party! [PAWN_possessive] mere presence inspires more parties in the colony, because everyone enjoys partying with [PAWN_objective].</description>
      </li>
    </degreeDatas>
    <requiredWorkTags>
      <li>Social</li>
    </requiredWorkTags>
  </TraitDef>
  
  <TraitDef>
    <defName>Desensitized</defName>
    <commonality>0.05</commonality>
    <degreeDatas>
      <li>
        <label>desensitized</label>
        <description>[PAWN_nameDef] has seen enough violence and death that it no longer shocks [PAWN_objective] like it used to.</description>
      </li>
    </degreeDatas>
    <conflictingTraits>
      <li>BleedingHeart</li>
      <li>Psychopath</li>
      <li>Bloodlust</li>
    </conflictingTraits>
  </TraitDef>
  
  <TraitDef>
    <defName>HeavySleeper</defName>
    <commonality>0.5</commonality>
    <degreeDatas>
      <li>
        <label>heavy sleeper</label>
        <description>[PAWN_nameDef] sleeps like a rock, never bothered by adverse sleeping conditions, but is difficult to wake up.</description>
      </li>
    </degreeDatas>
    <conflictingTraits>
      <li>Insomniac</li>
      <li>Neurotic</li>
      <li>QuickSleeper</li>  <!--Added QuickSleeper -->
    </conflictingTraits>
  </TraitDef>
  
  <TraitDef>
    <defName>Polygamous</defName>
    <!--<commonality>0.1</commonality>-->
    <commonality>0.4</commonality>
    <!--<commonalityFemale>0.08</commonalityFemale>-->
    <degreeDatas>
      <li>
        <label>polyamorous</label>
        <description>[PAWN_nameDef] doesn't see any problem with having multiple partners. [PAWN_pronoun] doesn't mind if [PAWN_possessive] partner romances other people, but will be less happy in a restraining, monogamous relationship.</description>
      </li>
    </degreeDatas>
    <conflictingTraits>
      <li>Prude</li>
      <li>Codependent</li>
    </conflictingTraits>
    <requiredWorkTags>
      <li>Social</li>
    </requiredWorkTags>
  </TraitDef>
  
  <TraitDef>
    <defName>OpenMinded</defName>
    <commonality>0.5</commonality>
    <degreeDatas>
      <li>
        <label>open-minded</label>
        <description>[PAWN_nameDef] sees people for what they are on the inside, not the outside. [PAWN_pronoun] doesn't judge others for their appearances.</description>
      </li>
    </degreeDatas>
    <conflictingTraits>
      <li>Prude</li>
      <li>Lecher</li>
      <li>DislikesMen</li>
      <li>DislikesWomen</li>
      <li>BodyPurist</li>
      <li>Psychopath</li>
    </conflictingTraits>
    <requiredWorkTags>
      <li>Social</li>
    </requiredWorkTags>
  </TraitDef>
  
  <TraitDef>
    <defName>Sedentary</defName>
    <commonality>1.3</commonality>
    <degreeDatas>
      <li>
        <label>sedentary</label>
        <description>[PAWN_nameDef] isn't a very active person. [PAWN_pronoun] isn't very physically fit, but [PAWN_pronoun] enjoys sitting around all day working on things.</description>
        <statOffsets>
          <MoveSpeed>-0.15</MoveSpeed>
        </statOffsets>
      </li>
    </degreeDatas>
    <conflictingTraits>
      <li>SpeedOffset</li>
    </conflictingTraits>
  </TraitDef>
  
  <TraitDef>
    <defName>Chatty</defName>
    <commonality>0.9</commonality> <!-- Added commonality -->
    <degreeDatas>
      <li>
        <label>chatty</label>
        <description>[PAWN_nameDef] just talks and talks and talks... and talks. [PAWN_pronoun] tends to have longer conversations than most, because [PAWN_pronoun] can't seem to end them.</description>
      </li>
    </degreeDatas>
    <requiredWorkTags>
      <li>Social</li>
    </requiredWorkTags>
  </TraitDef>
  
</Defs>