﻿<?xml version="1.0" encoding="utf-8"?>
<ModMetaData>
	<name>Functional Room</name>
	<author>miyamiya</author>
	<url></url>
	<supportedVersions>
    	<li>1.2</li>
    	<li>1.3</li>
    	<li>1.4</li>
	</supportedVersions>
	<packageId>miyamiya.functionalroom.latest</packageId>
	<modDependencies>
		<li>
			<packageId>brrainz.harmony</packageId>
			<displayName>Harmony</displayName>
			<steamWorkshopUrl>steam://url/CommunityFilePage/2009463077</steamWorkshopUrl>
			<downloadUrl>https://github.com/pardeike/HarmonyRimWorld/releases/latest</downloadUrl>
		</li>
	</modDependencies>
	<loadAfter>
		<li>brrainz.harmony</li>
	</loadAfter>
	<description>
Functional Room 1.4

One day you came to me with your sweetheart and you complained to me.
"I want to sleep with my lover!"

I turned the single bed into a double bed for you.

The next day you came to me and you complained to me again.
"The room has become too small!"

I re-educated you while you were asleep.

- About this mod -
This mod prevents the room Space rating from being lowered by furniture occupancy.
The room Space rating is calculated purely by the area of the room only.
No longer will the settlers have to abhor the furniture that they have been coveting.

- Install and Uninstall -
When installing, please be aware that this mod depends on the Harmony mod.
Also, this mod can be safely uninstalled.

- Special Thanks -
Contribution to translation.
English translation : Google, DeepL.

------------------------------------------------------------

Functional Room 1.2.2

ある日、あなたが私のもとに恋人を伴ってきました。
あなたは私に「この人と一緒に寝たい！」と不満をぶちまけました。

私はあなたのために、シングルベッドをダブルベッドに変えました。

次の日、あなたがまた私のもとに来ました。
あなたは私に「部屋が狭くなった！」と不満をぶちまけました。

私はあなたが眠っている間に再教育を施しました。

・このMODについて
このMODは家具の占有率によって部屋の広さ評価が下がるのを防ぐMODです。
部屋の広さ評価は純粋に部屋の面積によってのみ算出されます。
もはや、入植者が欲しがっていた家具を忌々しげに見つめることはありません。

・インストールとアンインストール
インストールする際は、このMODが Harmony MOD に依存していることに注意してください。
いらなくなったらいつでも安全にアンインストールできます。

・Special Thanks
翻訳協力
英語翻訳補助 : Google, DeepL.
</description>
</ModMetaData>