﻿<?xml version="1.0" encoding="utf-8" ?>
<Defs>
  
  <JobDef>
    <defName>Abuse</defName>
    <driverClass>Psychology.JobDriver_Abuse</driverClass>
    <reportString>verbally abusing TargetA.</reportString>
    <casualInterruptible>false</casualInterruptible>
  </JobDef>
  
  <JobDef>
    <defName>MakeAdvance</defName>
    <driverClass>Psychology.JobDriver_MakeAdvance</driverClass>
    <reportString>flirting with TargetA.</reportString>
    <casualInterruptible>false</casualInterruptible>
  </JobDef>
  
  <JobDef>
    <defName>BreakHunt</defName>
    <driverClass>Psychology.JobDriver_BreakHunt</driverClass>
    <reportString>hunting TargetA.</reportString>
    <casualInterruptible>false</casualInterruptible>
    <alwaysShowWeapon>true</alwaysShowWeapon>
    <suspendable>false</suspendable>
    <allowOpportunisticPrefix>true</allowOpportunisticPrefix>
  </JobDef>
  
</Defs>