﻿<?xml version="1.0" encoding="utf-8" ?>
<Defs>

  <BodyPartDef>
    <defName>LowerShoulder</defName>
    <label>lower shoulder</label>
    <hitPoints>30</hitPoints>
    <skinCovered>true</skinCovered>
	<canSuggestAmputation>true</canSuggestAmputation>
    <destroyableByDamage>false</destroyableByDamage>
    <tags>
      <li>ManipulationLimbCore</li>
    </tags>
	<permanentInjuryChanceFactor>0</permanentInjuryChanceFactor>
	<frostbiteVulnerability>0</frostbiteVulnerability>
	<canScarify>false</canScarify>
  </BodyPartDef>
  
  <BodyPartDef>
    <defName>BodyCavity1</defName>
    <label>left chest cavity</label>
    <hitPoints>15</hitPoints>
    <skinCovered>true</skinCovered>
	<canSuggestAmputation>true</canSuggestAmputation>
    <destroyableByDamage>false</destroyableByDamage>
	<permanentInjuryChanceFactor>0</permanentInjuryChanceFactor>
	<frostbiteVulnerability>0</frostbiteVulnerability>
	<canScarify>false</canScarify>
  </BodyPartDef>

  <BodyPartDef>
    <defName>BodyCavity2</defName>
    <label>right chest cavity</label>
    <hitPoints>15</hitPoints>
    <skinCovered>true</skinCovered>
	<canSuggestAmputation>true</canSuggestAmputation>
    <destroyableByDamage>false</destroyableByDamage>
	<permanentInjuryChanceFactor>0</permanentInjuryChanceFactor>
	<frostbiteVulnerability>0</frostbiteVulnerability>
	<canScarify>false</canScarify>
  </BodyPartDef>

  <BodyPartDef>
    <defName>BodyCavityA</defName>
    <label>abdominal cavity</label>
    <hitPoints>15</hitPoints>
    <skinCovered>true</skinCovered>
	<canSuggestAmputation>true</canSuggestAmputation>
    <destroyableByDamage>false</destroyableByDamage>
	<permanentInjuryChanceFactor>0</permanentInjuryChanceFactor>
	<frostbiteVulnerability>0</frostbiteVulnerability>
	<canScarify>false</canScarify>
  </BodyPartDef>

  <BodyPartDef>
    <defName>Back</defName>
    <label>back</label>
    <hitPoints>20</hitPoints>
    <skinCovered>true</skinCovered>
	<canSuggestAmputation>true</canSuggestAmputation>
    <destroyableByDamage>false</destroyableByDamage>
    <tags>
      <li>MovingLimbCore</li>
      <li>ManipulationLimbCore</li>
    </tags>
	<permanentInjuryChanceFactor>0</permanentInjuryChanceFactor>
	<frostbiteVulnerability>0</frostbiteVulnerability>
	<canScarify>false</canScarify>
  </BodyPartDef>

  <BodyPartDef>
    <defName>Tail</defName>
    <label>tail</label>
    <hitPoints>20</hitPoints>
    <skinCovered>true</skinCovered>
	<canSuggestAmputation>true</canSuggestAmputation>
    <destroyableByDamage>false</destroyableByDamage>
    <tags>
      <li>ManipulationLimbCore</li>
    </tags>
	<permanentInjuryChanceFactor>0</permanentInjuryChanceFactor>
	<frostbiteVulnerability>0</frostbiteVulnerability>
	<canScarify>false</canScarify>
  </BodyPartDef>
</Defs>
