<?xml version="1.0" encoding="utf-8" ?>
<Defs>

	<ThingDef Name="EVOR_Item_Base_NornCrown_300protein6mechanites" ParentName="EVOR_Item_Base_300protein6mechanites" Abstract="True">
		<recipeMaker>
			<researchPrerequisite>EVOR_Research_Artifact_NornCrown</researchPrerequisite>
		</recipeMaker>
	</ThingDef>
	
	<ThingDef Name="EVOR_Item_Base_ShimmerWorm_300protein6mechanites" ParentName="EVOR_Item_Base_300protein6mechanites" Abstract="True">
		<recipeMaker>
			<researchPrerequisite>EVOR_Research_Artifact_ShimmerWorm</researchPrerequisite>
		</recipeMaker>
	</ThingDef>
	
  <ThingDef ParentName="EVOR_Item_Base_NornCrown_300protein6mechanites">
    <defName>EVOR_Item_Artifact_Royalty_NornCrown</defName>
    <label>the Norn Crown</label>
    <description>Despite the name, the Norn Crown is actually a writhing mass of psychically tuned flesh. Implanted in the sternum, it allows the user to influence the moods of beings around them.</description>
    <descriptionHyperlinks><RecipeDef>EVOR_Surgery_Artifact_Royalty_NornCrown</RecipeDef></descriptionHyperlinks>
  </ThingDef>

  <ThingDef ParentName="EVOR_Item_Base_ShimmerWorm_300protein6mechanites">
    <defName>EVOR_Item_Artifact_Royalty_ReactiveWorms</defName>
    <label>reactive shimmerworms</label>
    <description>Once these worms feel pain, they immediately make themselves psychically invisible to anyone around them. By melding their nervous system with the hosts, these worms cause the host to go invisible whenever the host feels pain.</description>
    <descriptionHyperlinks><RecipeDef>EVOR_Surgery_Artifact_Royalty_ReactiveWorms</RecipeDef></descriptionHyperlinks>
  </ThingDef>
</Defs>