<?xml version="1.0" encoding="utf-8" ?>
<Defs>

  <RecipeDef ParentName="SurgeryFlesh">
    <defName>EVOR_Surgery_Primary_NormalArm</defName>
    <label>&lt;color=#00FFF7&gt;implant extradextrous arm&lt;/color&gt;</label>
    <description>Implant an extradextrous arm.</description>
    <workerClass>Recipe_InstallArtificialBodyPart</workerClass>
    <jobString>Implanting extradextrous arm.</jobString>
    <workAmount>3000</workAmount>
    <skillRequirements>
      <Medicine>10</Medicine>
    </skillRequirements>
    <recipeUsers>
      <li>Human</li>
    </recipeUsers>
    <ingredients>
      <li>
        <filter>
          <categories>
            <li>Medicine</li>
          </categories>
        </filter>
        <count>2</count>
      </li>
      <li>
        <filter>
          <thingDefs>
            <li>EVOR_Item_NormalArm</li>
          </thingDefs>
        </filter>
        <count>1</count>
      </li>
    </ingredients>
    <fixedIngredientFilter>
      <categories>
        <li>Medicine</li>
      </categories>
      <thingDefs>
        <li>EVOR_Item_NormalArm</li>
      </thingDefs>
    </fixedIngredientFilter>
    <appliedOnFixedBodyParts>
      <li>Shoulder</li>
    </appliedOnFixedBodyParts>
    <addsHediff>EVOR_Hediff_Primary_NormalArm</addsHediff>
    <descriptionHyperlinks><ThingDef>EVOR_Item_NormalArm</ThingDef></descriptionHyperlinks>
  </RecipeDef>

  <RecipeDef ParentName="SurgeryFlesh">
    <defName>EVOR_Surgery_Primary_BoneSaber</defName>
    <label>&lt;color=#00FFF7&gt;implant ossified bone saber&lt;/color&gt;</label>
    <description>Implant an ossified bone saber.</description>
    <workerClass>Recipe_InstallArtificialBodyPart</workerClass>
    <jobString>Implanting ossified bone saber.</jobString>
    <workAmount>3000</workAmount>
    <skillRequirements>
      <Medicine>10</Medicine>
    </skillRequirements>
    <recipeUsers>
      <li>Human</li>
    </recipeUsers>
    <ingredients>
      <li>
        <filter>
          <categories>
            <li>Medicine</li>
          </categories>
        </filter>
        <count>2</count>
      </li>
      <li>
        <filter>
          <thingDefs>
            <li>EVOR_Item_BoneSaber</li>
          </thingDefs>
        </filter>
        <count>1</count>
      </li>
    </ingredients>
    <fixedIngredientFilter>
      <categories>
        <li>Medicine</li>
      </categories>
      <thingDefs>
        <li>EVOR_Item_BoneSaber</li>
      </thingDefs>
    </fixedIngredientFilter>
    <appliedOnFixedBodyParts>
      <li>Shoulder</li>
    </appliedOnFixedBodyParts>
    <addsHediff>EVOR_Hediff_Primary_BoneSaber</addsHediff>
    <descriptionHyperlinks><ThingDef>EVOR_Item_BoneSaber</ThingDef></descriptionHyperlinks>
  </RecipeDef>

  <RecipeDef ParentName="SurgeryFlesh">
    <defName>EVOR_Surgery_Leg_Blade</defName>
    <label>&lt;color=#00FFF7&gt;implant ossified bone blade leg&lt;/color&gt;</label>
    <description>Implant an ossified bone blade leg.</description>
    <workerClass>Recipe_InstallArtificialBodyPart</workerClass>
    <jobString>Implanting ossified bone blade leg.</jobString>
    <workAmount>3000</workAmount>
    <skillRequirements>
      <Medicine>10</Medicine>
    </skillRequirements>
    <recipeUsers>
      <li>Human</li>
    </recipeUsers>
    <ingredients>
      <li>
        <filter>
          <categories>
            <li>Medicine</li>
          </categories>
        </filter>
        <count>2</count>
      </li>
      <li>
        <filter>
          <thingDefs>
            <li>EVOR_Item_BoneSaber</li>
          </thingDefs>
        </filter>
        <count>1</count>
      </li>
    </ingredients>
    <fixedIngredientFilter>
      <categories>
        <li>Medicine</li>
      </categories>
      <thingDefs>
        <li>EVOR_Item_BoneSaber</li>
      </thingDefs>
    </fixedIngredientFilter>
    <appliedOnFixedBodyParts>
      <li>Leg</li>
    </appliedOnFixedBodyParts>
    <addsHediff>EVOR_Hediff_Leg_Blade</addsHediff>
    <researchPrerequisite>EVOR_Research_Limbs2</researchPrerequisite>
    <descriptionHyperlinks><ThingDef>EVOR_Item_BoneSaber</ThingDef></descriptionHyperlinks>
  </RecipeDef>

  <RecipeDef ParentName="SurgeryFlesh">
    <defName>EVOR_Surgery_Primary_RendingClaw</defName>
    <label>&lt;color=#00FFF7&gt;implant rending claw&lt;/color&gt;</label>
    <description>Implant a rending claw.</description>
    <workerClass>Recipe_InstallArtificialBodyPart</workerClass>
    <jobString>Implanting rending claw.</jobString>
    <workAmount>3000</workAmount>
    <skillRequirements>
      <Medicine>10</Medicine>
    </skillRequirements>
    <recipeUsers>
      <li>Human</li>
    </recipeUsers>
    <ingredients>
      <li>
        <filter>
          <categories>
            <li>Medicine</li>
          </categories>
        </filter>
        <count>2</count>
      </li>
      <li>
        <filter>
          <thingDefs>
            <li>EVOR_Item_RendingClaw</li>
          </thingDefs>
        </filter>
        <count>1</count>
      </li>
    </ingredients>
    <fixedIngredientFilter>
      <categories>
        <li>Medicine</li>
      </categories>
      <thingDefs>
        <li>EVOR_Item_RendingClaw</li>
      </thingDefs>
    </fixedIngredientFilter>
    <appliedOnFixedBodyParts>
      <li>Shoulder</li>
    </appliedOnFixedBodyParts>
    <addsHediff>EVOR_Hediff_Primary_RendingClaw</addsHediff>
    <descriptionHyperlinks><ThingDef>EVOR_Item_RendingClaw</ThingDef></descriptionHyperlinks>
  </RecipeDef>

  <RecipeDef ParentName="SurgeryFlesh">
    <defName>EVOR_Surgery_Leg_Normal</defName>
    <label>&lt;color=#00FFF7&gt;implant reinforced leg&lt;/color&gt;</label>
    <description>Implant a reinforced leg.</description>
    <workerClass>Recipe_InstallArtificialBodyPart</workerClass>
    <jobString>Implanting reinforced leg.</jobString>
    <workAmount>3000</workAmount>
    <skillRequirements>
      <Medicine>10</Medicine>
    </skillRequirements>
    <recipeUsers>
      <li>Human</li>
    </recipeUsers>
    <ingredients>
      <li>
        <filter>
          <categories>
            <li>Medicine</li>
          </categories>
        </filter>
        <count>2</count>
      </li>
      <li>
        <filter>
          <thingDefs>
            <li>EVOR_Item_Leg_Normal</li>
          </thingDefs>
        </filter>
        <count>1</count>
      </li>
    </ingredients>
    <fixedIngredientFilter>
      <categories>
        <li>Medicine</li>
      </categories>
      <thingDefs>
        <li>EVOR_Item_Leg_Normal</li>
      </thingDefs>
    </fixedIngredientFilter>
    <appliedOnFixedBodyParts>
      <li>Leg</li>
    </appliedOnFixedBodyParts>
    <addsHediff>EVOR_Hediff_Leg_Normal</addsHediff>
    <descriptionHyperlinks><ThingDef>EVOR_Item_Leg_Normal</ThingDef></descriptionHyperlinks>
  </RecipeDef>
</Defs>
