<?xml version="1.0" encoding="utf-8" ?>
<Defs>

  <RecipeDef ParentName="SurgeryInstallImplantBase">
    <defName>EVOR_Surgery_Brain_Hyper</defName>
    <label>&lt;color=#00FFF7&gt;implant neural hyperthreader&lt;/color&gt;</label>
    <description>Implant neural hyperthreader.</description>
    <jobString>Implanting neural hyperthreader.</jobString>
    <workAmount>3000</workAmount>
    <skillRequirements>
      <Medicine>10</Medicine>
    </skillRequirements>
    <recipeUsers>
      <li>Human</li>
    </recipeUsers>
    <ingredients>
      <li>
        <filter>
          <categories>
            <li>Medicine</li>
          </categories>
        </filter>
        <count>2</count>
      </li>
      <li>
        <filter>
          <thingDefs>
            <li>EVOR_Item_Brain_Hyper</li>
          </thingDefs>
        </filter>
        <count>1</count>
      </li>
    </ingredients>
    <fixedIngredientFilter>
      <categories>
        <li>Medicine</li>
      </categories>
      <thingDefs>
        <li>EVOR_Item_Brain_Hyper</li>
      </thingDefs>
    </fixedIngredientFilter>
    <appliedOnFixedBodyParts>
      <li>Brain</li>
    </appliedOnFixedBodyParts>
    <addsHediff>EVOR_Hediff_Brain_Hyper</addsHediff>
    <descriptionHyperlinks><ThingDef>EVOR_Item_Brain_Hyper</ThingDef></descriptionHyperlinks>
  </RecipeDef>

  <RecipeDef ParentName="SurgeryInstallImplantBase">
    <defName>EVOR_Surgery_Brain_Nails</defName>
    <label>&lt;color=#00FFF7&gt;implant butcher's nails&lt;/color&gt;</label>
    <description>Implant butcher's nails.</description>
    <jobString>Implanting butcher's nails.</jobString>
    <workAmount>3000</workAmount>
    <skillRequirements>
      <Medicine>10</Medicine>
    </skillRequirements>
    <recipeUsers>
      <li>Human</li>
    </recipeUsers>
    <ingredients>
      <li>
        <filter>
          <categories>
            <li>Medicine</li>
          </categories>
        </filter>
        <count>2</count>
      </li>
      <li>
        <filter>
          <thingDefs>
            <li>EVOR_Item_Brain_Nails</li>
          </thingDefs>
        </filter>
        <count>1</count>
      </li>
    </ingredients>
    <fixedIngredientFilter>
      <categories>
        <li>Medicine</li>
      </categories>
      <thingDefs>
        <li>EVOR_Item_Brain_Nails</li>
      </thingDefs>
    </fixedIngredientFilter>
    <appliedOnFixedBodyParts>
      <li>Brain</li>
    </appliedOnFixedBodyParts>
    <addsHediff>EVOR_Hediff_Brain_Nails</addsHediff>
    <descriptionHyperlinks><ThingDef>EVOR_Item_Brain_Nails</ThingDef></descriptionHyperlinks>
  </RecipeDef>

  
</Defs>
