<?xml version="1.0" encoding="utf-8" ?>
<Defs>
	<RecipeDef>
		<defName>EVOR_Production_Mechanites</defName>
		<label>make nano mechanites</label>
		<description>Make some nano mechanites by reprograming parts of mechanoids.</description>
		<jobString>Making nano mechanites.</jobString>
		<workSpeedStat>ButcheryMechanoidSpeed</workSpeedStat>
		<effectWorking>ButcherMechanoid</effectWorking>
		<soundWorking>Recipe_ButcherCorpseMechanoid</soundWorking>
		<workAmount>250</workAmount>
		<recipeUsers>
			<li>TableMachining</li>
		</recipeUsers>
		<ingredients>
			<li>
				<filter>
					<categories>
						<li>Corpses</li>
					</categories>
				</filter>
				<count>1</count>
      		</li>
			<li>
				<filter>
					<thingDefs>
						<li>ComponentIndustrial</li>
					</thingDefs>
				</filter>
				<count>1</count>
			</li>
		</ingredients>
		<fixedIngredientFilter>
			<categories>
				<li>CorpsesMechanoid</li>
			</categories>
			<thingDefs>
				<li>ComponentIndustrial</li>
			</thingDefs>
		</fixedIngredientFilter>
		<products>
			<EVOR_Resource_Mechanites>4</EVOR_Resource_Mechanites>
		</products>
		<researchPrerequisite>EVOR_Research_Start2</researchPrerequisite>
		<skillRequirements>
			<Crafting>10</Crafting>
		</skillRequirements>
		<workSkill>Crafting</workSkill>
	</RecipeDef>
	
	<RecipeDef>
		<defName>EVOR_Production_Protein</defName>
		<label>refine proteins using animal meat</label>
		<description>Refine proteins from butchered animal meat.</description>
		<jobString>Refining protein.</jobString>
		<workSpeedStat>CookSpeed</workSpeedStat>
		    <allowMixingIngredients>true</allowMixingIngredients>
		<effectWorking>Cook</effectWorking>
		<soundWorking>Recipe_ButcherCorpseFlesh</soundWorking>
		<workAmount>250</workAmount>
		<recipeUsers>
			<li>BiofuelRefinery</li>
		</recipeUsers>
		<ingredients>
			<li>
				<filter>
					<categories>
						<li>MeatRaw</li>
					</categories>
				</filter>
				<count>3</count>
			</li>
			<li>
				<filter>
					<thingDefs>
						<li>MedicineIndustrial</li>
					</thingDefs>
				</filter>
				<count>1</count>
			</li>
		</ingredients>
		<fixedIngredientFilter>
			<categories>
				<li>MeatRaw</li>
			</categories>
			<thingDefs>
				<li>MedicineIndustrial</li>
			</thingDefs>
		</fixedIngredientFilter>
		<products>
			<EVOR_Resource_Protein>20</EVOR_Resource_Protein>
		</products>
		<researchPrerequisite>EVOR_Research_Start1</researchPrerequisite>
		<skillRequirements>
			<Crafting>5</Crafting>
			<Medicine>5</Medicine>
		</skillRequirements>
		<workSkill>Crafting</workSkill>
	</RecipeDef>

	<RecipeDef>
		<defName>EVOR_Production_Protein_Humie</defName>
		<label>refine proteins using humanoid meat</label>
		<description>Refine proteins from butchered humanoid meat.</description>
		<jobString>Refining protein.</jobString>
		<workSpeedStat>CookSpeed</workSpeedStat>
		<allowMixingIngredients>true</allowMixingIngredients>
		<effectWorking>Cook</effectWorking>
		<soundWorking>Recipe_ButcherCorpseFlesh</soundWorking>
		<workAmount>250</workAmount>
		<recipeUsers>
			<li>BiofuelRefinery</li>
		</recipeUsers>
		<ingredients>
			<li>
				<filter>
					<categories>
						<li>MeatRaw</li>
					</categories>
				</filter>
				<count>4</count>
			</li>
		</ingredients>
		<fixedIngredientFilter>
			<thingDefs>
				<li>Meat_Human</li>
			</thingDefs>
		</fixedIngredientFilter>
		<products>
			<EVOR_Resource_Protein>25</EVOR_Resource_Protein>
		</products>
		<researchPrerequisite>EVOR_Research_Start1</researchPrerequisite>
		<skillRequirements>
			<Crafting>5</Crafting>
			<Medicine>5</Medicine>
		</skillRequirements>
		<workSkill>Crafting</workSkill>
	</RecipeDef>

	<RecipeDef>
		<defName>EVOR_Production_Protein_Humie_Bulk</defName>
		<label>refine proteins using humanoid meat (3x)</label>
		<description>Refine proteins from butchered humanoid meat.(3x)</description>
		<jobString>Refining protein.</jobString>
		<workSpeedStat>CookSpeed</workSpeedStat>
		<allowMixingIngredients>true</allowMixingIngredients>
		<effectWorking>Cook</effectWorking>
		<soundWorking>Recipe_ButcherCorpseFlesh</soundWorking>
		<workAmount>250</workAmount>
		<recipeUsers>
			<li>BiofuelRefinery</li>
		</recipeUsers>
		<ingredients>
			<li>
				<filter>
					<categories>
						<li>MeatRaw</li>
					</categories>
				</filter>
				<count>12</count>
			</li>
		</ingredients>
		<fixedIngredientFilter>
			<thingDefs>
				<li>Meat_Human</li>
			</thingDefs>
		</fixedIngredientFilter>
		<products>
			<EVOR_Resource_Protein>75</EVOR_Resource_Protein>
		</products>
		<researchPrerequisite>EVOR_Research_Start1</researchPrerequisite>
		<skillRequirements>
			<Crafting>5</Crafting>
			<Medicine>5</Medicine>
		</skillRequirements>
		<workSkill>Crafting</workSkill>
	</RecipeDef>

	<RecipeDef>
		<defName>EVOR_Production_Protein_Bulk</defName>
		<label>refine proteins using animal meat (3x)</label>
		<description>Refine proteins from butchered animal meat.(3x)</description>
		<jobString>Refining protein.</jobString>
		<workSpeedStat>CookSpeed</workSpeedStat>
		    <allowMixingIngredients>true</allowMixingIngredients>
		<effectWorking>Cook</effectWorking>
		<soundWorking>Recipe_ButcherCorpseFlesh</soundWorking>
		<workAmount>250</workAmount>
		<recipeUsers>
			<li>BiofuelRefinery</li>
		</recipeUsers>
		<ingredients>
			<li>
				<filter>
					<categories>
						<li>MeatRaw</li>
					</categories>
				</filter>
				<count>12</count>
			</li>
			<li>
				<filter>
					<thingDefs>
						<li>MedicineIndustrial</li>
					</thingDefs>
				</filter>
				<count>3</count>
			</li>
		</ingredients>
		<fixedIngredientFilter>
			<categories>
				<li>MeatRaw</li>
			</categories>
			<thingDefs>
				<li>MedicineIndustrial</li>
			</thingDefs>
		</fixedIngredientFilter>
		<products>
			<EVOR_Resource_Protein>60</EVOR_Resource_Protein>
		</products>
		<researchPrerequisite>EVOR_Research_Start1</researchPrerequisite>
		<skillRequirements>
			<Crafting>5</Crafting>
			<Medicine>5</Medicine>
		</skillRequirements>
		<workSkill>Crafting</workSkill>
	</RecipeDef>
</Defs>
