<?xml version="1.0" encoding="utf-8" ?>
<Defs>
  <RecipeDef ParentName="SurgeryFlesh">
    <defName>EVOR_Surgery_Eye</defName>
    <label>&lt;color=#00FFF7&gt;implant multispectrum eye&lt;/color&gt;</label>
    <description>Implant a multispectrum eye.</description>
    <workerClass>Recipe_InstallArtificialBodyPart</workerClass>
    <jobString>Implanting multispectrum eye.</jobString>
    <workAmount>3000</workAmount>
    <skillRequirements>
      <Medicine>10</Medicine>
    </skillRequirements>
    <recipeUsers>
      <li>Human</li>
    </recipeUsers>
    <ingredients>
      <li>
        <filter>
          <categories>
            <li>Medicine</li>
          </categories>
        </filter>
        <count>2</count>
      </li>
      <li>
        <filter>
          <thingDefs>
            <li>EVOR_Item_Eye</li>
          </thingDefs>
        </filter>
        <count>1</count>
      </li>
    </ingredients>
    <fixedIngredientFilter>
      <categories>
        <li>Medicine</li>
      </categories>
      <thingDefs>
        <li>EVOR_Item_Eye</li>
      </thingDefs>
    </fixedIngredientFilter>
    <appliedOnFixedBodyParts>
      <li>Eye</li>
    </appliedOnFixedBodyParts>
    <addsHediff>EVOR_Hediff_Eye</addsHediff>
    <descriptionHyperlinks><ThingDef>EVOR_Item_Eye</ThingDef></descriptionHyperlinks>
  </RecipeDef>

  <RecipeDef ParentName="SurgeryFlesh">
    <defName>EVOR_Surgery_Nose</defName>
    <label>&lt;color=#00FFF7&gt;implant micro-analyzer nose&lt;/color&gt;</label>
    <description>Implant a micro-analyzer nose.</description>
    <workerClass>Recipe_InstallArtificialBodyPart</workerClass>
    <jobString>Implanting micro-analyzer nose.</jobString>
    <workAmount>3000</workAmount>
    <skillRequirements>
      <Medicine>10</Medicine>
    </skillRequirements>
    <recipeUsers>
      <li>Human</li>
    </recipeUsers>
    <ingredients>
      <li>
        <filter>
          <categories>
            <li>Medicine</li>
          </categories>
        </filter>
        <count>2</count>
      </li>
      <li>
        <filter>
          <thingDefs>
            <li>EVOR_Item_Nose</li>
          </thingDefs>
        </filter>
        <count>1</count>
      </li>
    </ingredients>
    <fixedIngredientFilter>
      <categories>
        <li>Medicine</li>
      </categories>
      <thingDefs>
        <li>EVOR_Item_Nose</li>
      </thingDefs>
    </fixedIngredientFilter>
    <appliedOnFixedBodyParts>
      <li>Nose</li>
    </appliedOnFixedBodyParts>
    <addsHediff>EVOR_Hediff_Nose</addsHediff>
    <descriptionHyperlinks><ThingDef>EVOR_Item_Nose</ThingDef></descriptionHyperlinks>
  </RecipeDef>

  <RecipeDef ParentName="SurgeryFlesh">
    <defName>EVOR_Surgery_Nose_Pheromones</defName>
    <label>&lt;color=#00FFF7&gt;implant pheromone releaser nose&lt;/color&gt;</label>
    <description>Implant a pheromone releaser nose.</description>
    <workerClass>Recipe_InstallArtificialBodyPart</workerClass>
    <jobString>Implanting pheromone releaser nose.</jobString>
    <workAmount>3000</workAmount>
    <skillRequirements>
      <Medicine>10</Medicine>
    </skillRequirements>
    <recipeUsers>
      <li>Human</li>
    </recipeUsers>
    <ingredients>
      <li>
        <filter>
          <categories>
            <li>Medicine</li>
          </categories>
        </filter>
        <count>2</count>
      </li>
      <li>
        <filter>
          <thingDefs>
            <li>EVOR_Item_Nose_Pheromones</li>
          </thingDefs>
        </filter>
        <count>1</count>
      </li>
    </ingredients>
    <fixedIngredientFilter>
      <categories>
        <li>Medicine</li>
      </categories>
      <thingDefs>
        <li>EVOR_Item_Nose_Pheromones</li>
      </thingDefs>
    </fixedIngredientFilter>
    <appliedOnFixedBodyParts>
      <li>Nose</li>
    </appliedOnFixedBodyParts>
    <addsHediff>EVOR_Hediff_Nose_Pheromones</addsHediff>
    <descriptionHyperlinks><ThingDef>EVOR_Item_Nose_Pheromones</ThingDef></descriptionHyperlinks>
  </RecipeDef>

  <RecipeDef ParentName="SurgeryFlesh">
    <defName>EVOR_Surgery_Ear</defName>
    <label>&lt;color=#00FFF7&gt;implant multifrequency ear&lt;/color&gt;</label>
    <description>Implant a multifrequency ear.</description>
    <workerClass>Recipe_InstallArtificialBodyPart</workerClass>
    <jobString>Implanting multifrequency ear.</jobString>
    <workAmount>3000</workAmount>
    <skillRequirements>
      <Medicine>10</Medicine>
    </skillRequirements>
    <recipeUsers>
      <li>Human</li>
    </recipeUsers>
    <ingredients>
      <li>
        <filter>
          <categories>
            <li>Medicine</li>
          </categories>
        </filter>
        <count>2</count>
      </li>
      <li>
        <filter>
          <thingDefs>
            <li>EVOR_Item_Ear</li>
          </thingDefs>
        </filter>
        <count>1</count>
      </li>
    </ingredients>
    <fixedIngredientFilter>
      <categories>
        <li>Medicine</li>
      </categories>
      <thingDefs>
        <li>EVOR_Item_Ear</li>
      </thingDefs>
    </fixedIngredientFilter>
    <appliedOnFixedBodyParts>
      <li>Ear</li>
    </appliedOnFixedBodyParts>
    <addsHediff>EVOR_Hediff_Ear</addsHediff>
    <descriptionHyperlinks><ThingDef>EVOR_Item_Ear</ThingDef></descriptionHyperlinks>
  </RecipeDef>

  <RecipeDef ParentName="SurgeryFlesh">
    <defName>EVOR_Surgery_Jaw_Distend</defName>
    <label>&lt;color=#00FFF7&gt;implant distendable jaw&lt;/color&gt;</label>
    <description>Implant a distendable jaw.</description>
    <workerClass>Recipe_InstallArtificialBodyPart</workerClass>
    <jobString>Implanting distendable jaw.</jobString>
    <workAmount>3000</workAmount>
    <skillRequirements>
      <Medicine>10</Medicine>
    </skillRequirements>
    <recipeUsers>
      <li>Human</li>
    </recipeUsers>
    <ingredients>
      <li>
        <filter>
          <categories>
            <li>Medicine</li>
          </categories>
        </filter>
        <count>2</count>
      </li>
      <li>
        <filter>
          <thingDefs>
            <li>EVOR_Item_Jaw_Distend</li>
          </thingDefs>
        </filter>
        <count>1</count>
      </li>
    </ingredients>
    <fixedIngredientFilter>
      <categories>
        <li>Medicine</li>
      </categories>
      <thingDefs>
        <li>EVOR_Item_Jaw_Distend</li>
      </thingDefs>
    </fixedIngredientFilter>
    <appliedOnFixedBodyParts>
      <li>Jaw</li>
    </appliedOnFixedBodyParts>
    <addsHediff>EVOR_Hediff_Jaw_Distend</addsHediff>
    <descriptionHyperlinks><ThingDef>EVOR_Item_Jaw_Distend</ThingDef></descriptionHyperlinks>
  </RecipeDef>

  <RecipeDef ParentName="SurgeryFlesh">
    <defName>EVOR_Surgery_Jaw_Venom</defName>
    <label>&lt;color=#00FFF7&gt;implant venomous fangs&lt;/color&gt;</label>
    <description>Implant venomous fangs.</description>
    <workerClass>Recipe_InstallArtificialBodyPart</workerClass>
    <jobString>Implanting venomous fangs.</jobString>
    <workAmount>3000</workAmount>
    <skillRequirements>
      <Medicine>10</Medicine>
    </skillRequirements>
    <recipeUsers>
      <li>Human</li>
    </recipeUsers>
    <ingredients>
      <li>
        <filter>
          <categories>
            <li>Medicine</li>
          </categories>
        </filter>
        <count>2</count>
      </li>
      <li>
        <filter>
          <thingDefs>
            <li>EVOR_Item_Jaw_Venom</li>
          </thingDefs>
        </filter>
        <count>1</count>
      </li>
    </ingredients>
    <fixedIngredientFilter>
      <categories>
        <li>Medicine</li>
      </categories>
      <thingDefs>
        <li>EVOR_Item_Jaw_Venom</li>
      </thingDefs>
    </fixedIngredientFilter>
    <appliedOnFixedBodyParts>
      <li>Jaw</li>
    </appliedOnFixedBodyParts>
    <addsHediff>EVOR_Hediff_Jaw_Venom</addsHediff>
    <descriptionHyperlinks><ThingDef>EVOR_Item_Jaw_Venom</ThingDef></descriptionHyperlinks>
  </RecipeDef>

</Defs>