﻿<?xml version="1.0" encoding="utf-8" ?>
<Defs>

  <WorkGiverDef>
    <defName>DoBillsMending</defName>
    <label>mend</label>
    <giverClass>MendAndRecycle.WorkGiver_DoBill</giverClass>
    <workType>Crafting</workType>
    <priorityInType>95</priorityInType>
    <fixedBillGiverDefs>
      <li>TableMending</li>
    </fixedBillGiverDefs>
    <verb>mend</verb>
    <gerund>mending</gerund>
     <requiredCapacities>
      <li>Manipulation</li>
    </requiredCapacities>
    <prioritizeSustains>true</prioritizeSustains>
  </WorkGiverDef>
  
  <WorkGiverDef>
    <defName>DoBillsMakeApparel</defName>
    <label>make apparel</label>
    <giverClass>MendAndRecycle.WorkGiver_DoBill</giverClass>
    <workType>Tailoring</workType>
    <priorityInType>110</priorityInType>
    <fixedBillGiverDefs>
      <li>ElectricTailoringBench</li>
      <li>HandTailoringBench</li>
    </fixedBillGiverDefs>
    <verb>tailor</verb>
    <gerund>tailoring at</gerund>
    <requiredCapacities>
      <li>Manipulation</li>
    </requiredCapacities>
    <prioritizeSustains>true</prioritizeSustains>
  </WorkGiverDef>

</Defs>






