<?xml version="1.0" encoding="utf-8" ?>
<Defs>
  <GeneDef Name="GeneRelationship" Abstract="True">
    <displayCategory>Relationship</displayCategory>
  </GeneDef>

  <GeneDef ParentName="GeneRelationship">
    <defName>Abrasive</defName>
    <label>Abrasive</label>
    <labelShortAdj>Abrasive</labelShortAdj>
    <description>No description.</description>
    <iconPath>UI/Icons/Genes/Gene_Aggressive</iconPath>
    <displayOrderInCategory>20</displayOrderInCategory>
    <exclusionTags>
      <li>VerbalConflict</li>
    </exclusionTags>
    <forcedTraits>
      <li>
        <def>Abrasive</def>
      </li>
    </forcedTraits>
    <biostatCpx>1</biostatCpx>
    <biostatMet>1</biostatMet>
  </GeneDef>

  <GeneDef ParentName="GeneRelationship">
    <defName>AnnoyingVoice</defName>
    <label>Annoying voice</label>
    <labelShortAdj>Annoying voice</labelShortAdj>
    <description>No description.</description>
    <iconPath>UI/Icons/Genes/Gene_Aggressive</iconPath>
    <displayOrderInCategory>30</displayOrderInCategory>
    <forcedTraits>
      <li>
        <def>AnnoyingVoice</def>
      </li>
    </forcedTraits>
    <biostatCpx>1</biostatCpx>
    <biostatMet>1</biostatMet>
  </GeneDef>

  <GeneDef ParentName="GeneRelationship">
    <defName>CreepyBreathing</defName>
    <label>Creepy breathing</label>
    <labelShortAdj>Creepy breathing</labelShortAdj>
    <description>No description.</description>
    <iconPath>UI/Icons/Genes/Gene_Aggressive</iconPath>
    <displayOrderInCategory>40</displayOrderInCategory>
    <forcedTraits>
      <li>
        <def>CreepyBreathing</def>
      </li>
    </forcedTraits>
    <biostatCpx>1</biostatCpx>
    <biostatMet>1</biostatMet>
  </GeneDef>

  <GeneDef ParentName="GeneRelationship">
    <defName>DislikesMen</defName>
    <label>Misandrist</label>
    <labelShortAdj>Misandrist</labelShortAdj>
    <description>No description.</description>
    <iconPath>UI/Icons/Genes/Gene_Aggressive</iconPath>
    <displayOrderInCategory>50</displayOrderInCategory>
    <forcedTraits>
      <li>
        <def>DislikesMen</def>
      </li>
    </forcedTraits>
    <exclusionTags>
      <li>DislikesMen</li>
    </exclusionTags>
    <biostatCpx>1</biostatCpx>
    <biostatMet>1</biostatMet>
  </GeneDef>

  <GeneDef ParentName="GeneRelationship">
    <defName>DislikesWomen</defName>
    <label>Misogynist</label>
    <labelShortAdj>Misogynist</labelShortAdj>
    <description>No description.</description>
    <iconPath>UI/Icons/Genes/Gene_Aggressive</iconPath>
    <displayOrderInCategory>60</displayOrderInCategory>
    <forcedTraits>
      <li>
        <def>DislikesWomen</def>
      </li>
    </forcedTraits>
    <exclusionTags>
      <li>DislikesWomen</li>
    </exclusionTags>
    <biostatCpx>1</biostatCpx>
    <biostatMet>1</biostatMet>
  </GeneDef>
</Defs>
