<?xml version="1.0" encoding="utf-8" ?>
<Defs>
  <GeneDef>
    <defName>Resurrect</defName>
    <label>resurrect</label>
    <description>Carriers have a reserve of unique resurrector archites which can infuse a corpse, rebuild degenerated tissue and kickstart the vital processes. This brings the dead back to life - though possibly with health issues. This can only be done very rarely, and comes at a steep hemogen cost.</description>
    <iconPath>UI/Icons/Genes/Gene_Resurrect</iconPath>
    <prerequisite>Hemogenic</prerequisite>
    <displayCategory>Archite</displayCategory>
    <marketValueFactor>1.5</marketValueFactor>
    <abilities>
      <li>Resurrect</li>
    </abilities>
    <descriptionHyperlinks>
      <AbilityDef>Resurrect</AbilityDef>
    </descriptionHyperlinks>
    <biostatCpx>4</biostatCpx>
    <biostatArc>1</biostatArc>
    <minAgeActive>3</minAgeActive>
    <symbolPack>
      <wholeNameSymbols>
        <li><symbol>resurrector</symbol></li>
      </wholeNameSymbols>
      <prefixSymbols>
        <li><symbol>life</symbol></li>
      </prefixSymbols>
    </symbolPack>
  </GeneDef>
</Defs>