<?xml version="1.0" encoding="utf-8" ?>
<Defs>
<!--
  <GeneCategoryDef>
    <defName>Hidden</defName>
    <label>Hidden</label>
    <displayPriorityInXenotype>1010</displayPriorityInXenotype>
  </GeneCategoryDef>
  <GeneDef>
    <defName>PigAnimalType</defName>
    <label>Pork</label>
    <labelShortAdj>Pork</labelShortAdj>
    <description>No description.</description>
    <iconPath>UI/Icons/Genes/Gene_StrongStomach</iconPath>
    <displayOrderInCategory>4</displayOrderInCategory>
    <biostatCpx>1</biostatCpx>
    <biostatMet>-2</biostatMet>
  </GeneDef>
-->
</Defs>
