<?xml version="1.0" encoding="utf-8" ?>
<Defs>
  <!-- Brawler(physics) and Accurancy trait blocker category(hidden) -->
  <GeneCategoryDef>
    <defName>WeaponPreference</defName>
    <label>WeaponPreference</label>
    <displayPriorityInXenotype>-1000</displayPriorityInXenotype>
  </GeneCategoryDef>

  <!-- Kind and Abrasive blocker category(hidden) -->
  <GeneCategoryDef>
    <defName>VerbalConflict</defName>
    <label>VerbalConflict</label>
    <displayPriorityInXenotype>-1010</displayPriorityInXenotype>
  </GeneCategoryDef>

  <!-- Psychopath to kind blocker category(hidden) -->
  <GeneCategoryDef>
    <defName>Psychopath</defName>
    <label>Psychopath</label>
    <displayPriorityInXenotype>-1020</displayPriorityInXenotype>
  </GeneCategoryDef>

  <!-- Psychopath to Misandrist blocker category(hidden) -->
  <GeneCategoryDef>
    <defName>DislikesMen</defName>
    <label>DislikesMen</label>
    <displayPriorityInXenotype>-1030</displayPriorityInXenotype>
  </GeneCategoryDef>

  <!-- Psychopath to Misogynist blocker category(hidden) -->
  <GeneCategoryDef>
    <defName>DislikesWomen</defName>
    <label>DislikesWomen</label>
    <displayPriorityInXenotype>-1040</displayPriorityInXenotype>
  </GeneCategoryDef>

  <!-- Wimp and Brawler blocker category(hidden) -->
  <GeneCategoryDef>
    <defName>BodyStrength</defName>
    <label>BodyStrength</label>
    <displayPriorityInXenotype>-1050</displayPriorityInXenotype>
  </GeneCategoryDef>

  <!-- Gourmand and Ascetic blocker category(hidden) -->
  <GeneCategoryDef>
    <defName>Gourmand</defName>
    <label>Gourmand</label>
    <displayPriorityInXenotype>-1060</displayPriorityInXenotype>
  </GeneCategoryDef>

  <!-- Growth rate block for young childhood(hidden) -->
  <GeneCategoryDef>
    <defName>YouthAging</defName>
    <label>YouthAging</label>
    <displayPriorityInXenotype>-1070</displayPriorityInXenotype>
  </GeneCategoryDef>

  <!-- Growth rate block for adult(hidden) -->
  <GeneCategoryDef>
    <defName>AdultAging</defName>
    <label>AdultAging</label>
    <displayPriorityInXenotype>-1080</displayPriorityInXenotype>
  </GeneCategoryDef>

  <!-- Growth rate block for pyromaniac(hidden) -->
  <GeneCategoryDef>
    <defName>Pyromaniac</defName>
    <label>Pyromaniac</label>
    <displayPriorityInXenotype>-1090</displayPriorityInXenotype>
  </GeneCategoryDef>

  <!-- Category block for Psychics traits(hidden) -->
  <GeneCategoryDef>
    <defName>PsychicTraits</defName>
    <label>PsychicTraits</label>
    <displayPriorityInXenotype>-1100</displayPriorityInXenotype>
  </GeneCategoryDef>

  <!-- Too smart and slow learner trait blocks(hidden) -->
  <GeneCategoryDef>
    <defName>SlowLearner</defName>
    <label>SlowLearner</label>
    <displayPriorityInXenotype>-1110</displayPriorityInXenotype>
  </GeneCategoryDef>

  <GeneCategoryDef>
    <defName>BodySize</defName>
    <label>Body size(More genes)</label>
    <displayPriorityInXenotype>-1120</displayPriorityInXenotype>
  </GeneCategoryDef>

  <GeneCategoryDef>
    <defName>BodyModification</defName>
    <label>Body Modification(More genes)</label>
    <displayPriorityInXenotype>-1130</displayPriorityInXenotype>
  </GeneCategoryDef>

  <GeneCategoryDef>
    <defName>GrowthRate</defName>
    <label>Growth rate(More genes)</label>
    <displayPriorityInXenotype>-1140</displayPriorityInXenotype>
  </GeneCategoryDef>

  <GeneCategoryDef>
    <defName>Lifespan</defName>
    <label>Lifespan(More genes)</label>
    <displayPriorityInXenotype>-1150</displayPriorityInXenotype>
  </GeneCategoryDef>

  <GeneCategoryDef>
    <defName>Mental</defName>
    <label>Mental thresholds(More genes)</label>
    <displayPriorityInXenotype>-1160</displayPriorityInXenotype>
  </GeneCategoryDef>

  <GeneCategoryDef>
    <defName>Relationship</defName>
    <label>Relationship(More genes)</label>
    <displayPriorityInXenotype>-1170</displayPriorityInXenotype>
  </GeneCategoryDef>

  <GeneCategoryDef>
    <defName>Works</defName>
    <label>Works(More genes)</label>
    <displayPriorityInXenotype>-1180</displayPriorityInXenotype>
  </GeneCategoryDef>

  <GeneCategoryDef>
    <defName>Living</defName>
    <label>Living(More genes)</label>
    <displayPriorityInXenotype>-1190</displayPriorityInXenotype>
  </GeneCategoryDef>

  <GeneCategoryDef>
    <defName>MoreGeneMiscellaneous</defName>
    <label>Miscellaneous(More genes)</label>
    <displayPriorityInXenotype>-1200</displayPriorityInXenotype>
  </GeneCategoryDef>
</Defs>
