<?xml version="1.0" encoding="utf-8" ?>
<loadFolders>
  <v1.3>
    <li>1.3</li>
    <li>Content</li>
    <li IfModActive="Ludeon.Rimworld.Royalty">1.3 Royalty</li>
    <li IfModActive="Ludeon.RimWorld.Ideology">1.3 Ideology</li>
  </v1.3>
  <v1.4>
    <li>1.4</li>
    <li>Content</li>
    <li IfModActive="Ludeon.Rimworld.Royalty">1.4 Royalty</li>
    <li IfModActive="Ludeon.RimWorld.Ideology">1.4 Ideology</li>
    <li IfModActive="Ludeon.RimWorld.Biotech">1.4 Biotech</li>
  </v1.4>
</loadFolders>