﻿<?xml version="1.0" encoding="utf-8" ?>
<Defs>

  <ThoughtDef>
    <defName>FeelingRandomBipolar</defName>
    <workerClass>Psychology.ThoughtWorker_RandomMoodBipolar</workerClass>
    <requiredTraits>
      <li>Unstable</li>
    </requiredTraits>
    <stages>
      <li>
        <label>Feeling manic</label>
        <description>For no apparent reason, I just feel absolutely fantastic right now!</description>
        <baseMoodEffect>15</baseMoodEffect>
      </li>
      <li>
        <label>Feeling great</label>
        <description>For no apparent reason, I just feel great right now.</description>
        <baseMoodEffect>8</baseMoodEffect>
      </li>
      <li>
        <label>Feeling good</label>
        <description>For no apparent reason, I just feel good right now.</description>
        <baseMoodEffect>4</baseMoodEffect>
      </li>
      <li>
        <label>Feeling bad</label>
        <description>For no apparent reason, I just feel bad right now.</description>
        <baseMoodEffect>-4</baseMoodEffect>
      </li>
      <li>
        <label>Feeling terrible</label>
        <description>For no apparent reason, I just feel terrible right now.</description>
        <baseMoodEffect>-8</baseMoodEffect>
      </li>
      <li>
        <label>Feeling depressive</label>
        <description>For no apparent reason, I just feel utterly miserable right now...</description>
        <baseMoodEffect>-15</baseMoodEffect>
      </li>
    </stages>
  </ThoughtDef>

  <ThoughtDef>
    <defName>Codependency</defName>
    <workerClass>Psychology.ThoughtWorker_Codependency</workerClass>
    <requiredTraits>
      <li>Codependent</li>
    </requiredTraits>
    <stages>
      <li>
        <label>feeling alone</label>
        <description>I'm so lonely... I need a partner.</description>
        <baseMoodEffect>-3</baseMoodEffect>
      </li>
      <li>
        <label>in a codependent relationship</label>
        <description>I love my partner. I couldn't live without them.</description>
        <baseMoodEffect>5</baseMoodEffect>
      </li>
      <li>
        <label>in a codependent marriage</label>
        <description>I love my spouse. I would die without them.</description>
        <baseMoodEffect>8</baseMoodEffect>
      </li>
      <li>
        <label>desolate</label>
        <description>My partner is gone... what do I do now?</description>
        <baseMoodEffect>-12</baseMoodEffect>
      </li>
    </stages>
  </ThoughtDef>

  <ThoughtDef>
    <defName>Outdoorsy</defName>
    <workerClass>Psychology.ThoughtWorker_Outdoorsy</workerClass>
    <requiredTraits>
      <li>Outdoorsy</li>
    </requiredTraits>
    <stages>
      <li>
        <label>in the open</label>
        <description>I like feeling the sky above me.</description>
        <baseMoodEffect>3</baseMoodEffect>
      </li>
      <li>
        <label>in the open</label>
        <description>Ahhh, the great outdoors!</description>
        <baseMoodEffect>5</baseMoodEffect>
      </li>
    </stages>
  </ThoughtDef>

  <ThoughtDef>
    <defName>Pluviophile</defName>
    <workerClass>Psychology.ThoughtWorker_Pluviophile</workerClass>
    <requiredTraits>
      <li>Pluviophile</li>
    </requiredTraits>
    <stages>
      <li>
        <label>raining outside</label>
        <description>I like the sound of the rain beating down above me.</description>
        <baseMoodEffect>3</baseMoodEffect>
      </li>
      <li>
        <label>in the rain</label>
        <description>The rain is so relaxing. I don't mind getting wet.</description>
        <baseMoodEffect>8</baseMoodEffect>
      </li>
    </stages>
  </ThoughtDef>
  
  <ThoughtDef>
    <defName>PolygamousRelationship</defName>
    <workerClass>Psychology.ThoughtWorker_Polygamous</workerClass>
    <requiredTraits>
      <li>Polygamous</li>
    </requiredTraits>
    <stages>
      <li>
        <label>in a monogamous relationship</label>
        <description>I wish my love didn't have to be limited to one person.</description>
        <baseMoodEffect>-3</baseMoodEffect>
      </li>
    </stages>
  </ThoughtDef>

  <!-- ToDo: Make this interact with Darkness memes and precepts -->
  <ThoughtDef>
    <defName>EnvironmentDarkLightSensitive</defName>
    <workerClass>Psychology.ThoughtWorker_Light</workerClass>
    <requiredTraits>
      <li>Photosensitive</li>
    </requiredTraits>
    <stages>
      <li>
        <label>in darkness</label>
        <description>Ah... the comfort of darkness.</description>
        <baseMoodEffect>5</baseMoodEffect>
      </li>
      <li>
        <label>in the light</label>
        <description>Ouch... that smarts a little.</description>
        <baseMoodEffect>-5</baseMoodEffect>
      </li>
      <li>
        <label>in bright light</label>
        <description>My eyes! It hurts so much!</description>
        <baseMoodEffect>-15</baseMoodEffect>
      </li>
    </stages>
  </ThoughtDef>

  <ThoughtDef>
    <defName>Sedentary</defName>
    <workerClass>Psychology.ThoughtWorker_Sedentary</workerClass>
    <requiredTraits>
      <li>Sedentary</li>
    </requiredTraits>
    <stages>
      <li>
        <label>settled in</label>
        <description>It's nice to not have to run around so much.</description>
        <baseMoodEffect>3</baseMoodEffect>
      </li>
      <li>
        <label>comfortably settled in</label>
        <description>A nice, comfortable place to rest for a while. Just the way I like it.</description>
        <baseMoodEffect>5</baseMoodEffect>
      </li>
    </stages>
  </ThoughtDef>
  
</Defs>