﻿<?xml version="1.0" encoding="utf-8" ?>
<Defs>

  <ThoughtDef>
    <defName>AttendedFuneral</defName>
    <durationDays>20</durationDays>
    <nullifyingTraits>
      <li>Psychopath</li>
      <li>Desensitized</li>
    </nullifyingTraits>
    <stages>
      <li>
        <label>attended a funeral</label>
        <description>I attended the funeral of a colonist. It made me feel a little better.</description>
        <baseMoodEffect>2</baseMoodEffect>
      </li>
    </stages>
  </ThoughtDef>

  <ThoughtDef>
    <defName>WitnessedDeathAllyBleedingHeart</defName>
    <durationDays>1.5</durationDays>
    <stackedEffectMultiplier>0.4</stackedEffectMultiplier>
    <stackLimit>5</stackLimit>
    <requiredTraits>
      <li>BleedingHeart</li>
    </requiredTraits>
    <stages>
      <li>
        <label>witnessed ally's death</label>
        <description>I saw one of my people die. I can't believe they're gone. I'll never speak to them again.</description>
        <baseMoodEffect>-8</baseMoodEffect>
      </li>
    </stages>
  </ThoughtDef>

  <ThoughtDef>
    <defName>WitnessedDeathNonAllyBleedingHeart</defName>
    <durationDays>1</durationDays>
    <stackedEffectMultiplier>0.4</stackedEffectMultiplier>
    <stackLimit>5</stackLimit>
    <requiredTraits>
      <li>BleedingHeart</li>
    </requiredTraits>
    <stages>
      <li>
        <label>witnessed outsider's death</label>
        <description>I saw someone die. I saw the light in their eyes, snuffed out as they fell.</description>
        <baseMoodEffect>-5</baseMoodEffect>
      </li>
    </stages>
  </ThoughtDef>
  
  <!--=================== executions and prisoner deaths ===================-->
  
  <ThoughtDef ParentName="DeathMemory">
    <defName>KnowGuestExecutedBleedingHeart</defName>
    <durationDays>8</durationDays>
    <requiredTraits>
      <li>BleedingHeart</li>
    </requiredTraits>
    <stages>
			<li>
				<label>justified execution</label>
				<description>A guilty prisoner or guest was executed. It was justified, but I still can't abide the loss of life.</description>
				<baseMoodEffect>-2</baseMoodEffect>
			</li>
      <li>
        <label>someone was euthanized</label>
        <!-- generic humane -->
        <description>A prisoner or guest was euthanized. It was humane, but still heartbreaking.</description>
        <baseMoodEffect>-4</baseMoodEffect>
      </li>
      <li>
        <label>someone was executed</label>
        <!-- generic brutal -->
        <description>A prisoner or guest was killed in cold blood. I can't believe this!</description>
        <baseMoodEffect>-8</baseMoodEffect>
      </li>
      <li>
        <label>someone killed by organ harvest</label>
        <!-- died because of organ harvesting -->
        <description>A prisoner or guest died because the colony took body parts from him. I'm livid!</description>
        <baseMoodEffect>-10</baseMoodEffect>
      </li>
    </stages>
  </ThoughtDef>

  <ThoughtDef ParentName="DeathMemory">
    <defName>KnowColonistExecutedBleedingHeart</defName>
    <durationDays>8</durationDays>
    <stackLimit>5</stackLimit>
    <requiredTraits>
      <li>BleedingHeart</li>
    </requiredTraits>
    <stages>
			<li>
				<label>justified execution of colonist</label>
				<description>A guilty colonist was executed. It was justified, but I still can't abide the loss of life.</description>
				<baseMoodEffect>-2</baseMoodEffect>
			</li>
      <li>
        <label>colonist euthanized</label>
        <!-- generic humane, can't be worse than KnowColonistDied -->
        <description>A colonist was euthanized. It was humane, but still heartbreaking.</description>
        <baseMoodEffect>-4</baseMoodEffect>
      </li>
      <li>
        <label>colonist executed</label>
        <!-- generic brutal -->
        <description>A colonist was killed in cold blood. I can't believe this!</description>
        <baseMoodEffect>-8</baseMoodEffect>
      </li>
      <li>
        <label>colonist killed by organ harvest</label>
        <!-- died because of organ harvesting -->
        <description>A colonist died because someone took body parts from him. I'm livid!</description>
        <baseMoodEffect>-10</baseMoodEffect>
      </li>
    </stages>
  </ThoughtDef>
  
  <ThoughtDef ParentName="DeathMemory">
    <defName>KnowPrisonerDiedInnocentBleedingHeart</defName>
    <durationDays>8</durationDays>
    <stackLimit>5</stackLimit>
    <requiredTraits>
      <li>BleedingHeart</li>
    </requiredTraits>
    <stages>
      <li>
        <label>innocent prisoner died</label>
        <description>One of our prisoners died despite being harmless. We have a duty to take care of our prisoners. If we wanted them dead, we could have at least conducted an orderly execution rather than permit that barbarism.</description>
        <baseMoodEffect>-7</baseMoodEffect>
      </li>
    </stages>
  </ThoughtDef>
  
  <ThoughtDef ParentName="DeathMemory">
    <defName>KnowColonistDiedBleedingHeart</defName>
    <durationDays>8</durationDays>
    <stackLimit>5</stackLimit>
    <requiredTraits>
      <li>BleedingHeart</li>
    </requiredTraits>
    <stages>
      <li>
        <label>colonist died</label>
        <description>One of our people died. If only we'd done something differently...</description>
        <baseMoodEffect>-4</baseMoodEffect>
      </li>
    </stages>
  </ThoughtDef>

</Defs>