﻿<?xml version="1.0" encoding="utf-8"?>
<ModMetaData>
	<name>Medical Training</name>
	<author>ItchyFlea</author>
	<supportedVersions>
		<li>1.0</li>
		<li>1.1</li>
		<li>1.2</li>
		<li>1.3</li>
		<li>1.4</li>
	</supportedVersions>
	<packageId>itchyflea.medicaltraining</packageId>
	<description>
	
Lets you train your doctors by dissecting the corpses of your friends and enemies.

Updated for 1.4

Credits:
============
ItchyFlea:			Mod Creator
Kylie "Shadowtajun" Halley:	Texture Artist
	</description>
</ModMetaData>