﻿<?xml version="1.0" encoding="utf-8" ?>
<Defs>
  
  <JobDef>
    <defName>Abuse</defName>
    <driverClass>Psychology.JobDriver_Abuse</driverClass>
    <reportString>verbally abusing TargetA.</reportString>
    <casualInterruptible>false</casualInterruptible>
  </JobDef>
  
  <JobDef>
    <defName>MakeAdvance</defName>
    <driverClass>Psychology.JobDriver_MakeAdvance</driverClass>
    <reportString>flirting with TargetA.</reportString>
    <casualInterruptible>false</casualInterruptible>
  </JobDef>
  
  <JobDef>
    <defName>BreakHunt</defName>
    <driverClass>Psychology.JobDriver_BreakHunt</driverClass>
    <reportString>hunting TargetA.</reportString>
    <casualInterruptible>false</casualInterruptible>
    <alwaysShowWeapon>true</alwaysShowWeapon>
    <suspendable>false</suspendable>
    <allowOpportunisticPrefix>true</allowOpportunisticPrefix>
  </JobDef>

  <!-- Hookups -->
  <!--<JobDef>
    <defName>LeadHookup</defName>
    <driverClass>Psychology.JobDriver_LeadHookup</driverClass>
    <reportString>attempting hookup.</reportString>
    <joyDuration>4000</joyDuration>
    <joyMaxParticipants>1</joyMaxParticipants>
    <joyKind>Lewd</joyKind>
  </JobDef>
  <JobDef>
    <defName>DoLovinCasual</defName>
    <driverClass>Psychology.JobDriver_DoLovinCasual</driverClass>
    <reportString>lovin'.</reportString>
    <joySkill>Social</joySkill>
    <joyXpPerTick>0.004</joyXpPerTick>
    <joyKind>Lewd</joyKind>
  </JobDef>-->
  
</Defs>