<?xml version="1.0" encoding="utf-8"?>
<Patch>

	<Operation Class="PatchOperationAdd">
		<xpath>/Defs/ThingDef[defName="MechSerumHealer"]/comps/li[@Class="CompProperties_Usable"]</xpath>
		<value>
			<compClass>HMSChoice.CompUsable_FixHealthConditionChoice</compClass>
		</value>
	</Operation>
	<Operation Class="PatchOperationReplace">
		<xpath>/Defs/ThingDef[defName="MechSerumHealer"]/comps/li[@Class="CompProperties_UseEffect" and compClass="CompUseEffect_FixWorstHealthCondition"]/compClass</xpath>
		<value>
			<compClass>HMSChoice.CompUseEffect_FixHealthConditionChoice</compClass>
		</value>
	</Operation>
	
	
	<!-- Patch "Archotech Medicine" from "More Archotech Garbage Reupload" -->
	<Operation Class="PatchOperationConditional">
		<xpath>/Defs/ThingDef[defName="ArchotechishMedicine"]</xpath>
		<match Class="PatchOperationSequence">
			<operations>
				
				<li Class="PatchOperationAdd">
					<xpath>/Defs/ThingDef[defName="ArchotechishMedicine"]/comps/li[@Class="CompProperties_Usable"]</xpath>
					<value>
						<compClass>HMSChoice.CompUsable_FixHealthConditionChoice</compClass>
					</value>
				</li>
				<li Class="PatchOperationReplace">
					<xpath>/Defs/ThingDef[defName="ArchotechishMedicine"]/comps/li[@Class="CompProperties_UseEffect" and compClass="CompUseEffect_FixWorstHealthCondition"]/compClass</xpath>
					<value>
						<compClass>HMSChoice.CompUseEffect_FixHealthConditionChoice</compClass>
					</value>
				</li>
	
			</operations>
		</match>
	</Operation>

</Patch>