﻿<?xml version="1.0" encoding="utf-8"?>
<ModMetaData>
  <name>Beat Your Prisoners (Continued)</name>
  <packageId>Mlie.BeatYourPrisoners</packageId>
  <author>Captain Muscles (Nathan Harbour)</author>
  <url>https://github.com/emipa606/BeatYourPrisoners</url>
  <supportedVersions>
    <li>1.2</li>
    <li>1.3</li>
    <li>1.4</li>
  </supportedVersions>
  <modDependencies>
    <li>
      <packageId>brrainz.harmony</packageId>
      <displayName>Harmony</displayName>
      <steamWorkshopUrl>steam://url/CommunityFilePage/2009463077</steamWorkshopUrl>
      <downloadUrl>https://github.com/pardeike/HarmonyRimWorld/releases/latest</downloadUrl>
    </li>
  </modDependencies>
  <loadAfter>
    <li>brrainz.harmony</li>
  </loadAfter>
  <description>[img]https://i.imgur.com/buuPQel.png[/img]
Update of Captain Muscles (Nathan Harbour)s mod
https://steamcommunity.com/sharedfiles/filedetails/?id=2380798255

[img]https://i.imgur.com/pufA0kM.png[/img]

[table]
    [tr]
        [td][url=https://invite.gg/Mlie][img]https://i.imgur.com/zdzzBrc.png[/img][/url][/td]
        [td][url=https://github.com/emipa606/BeatYourPrisoners][img]https://i.imgur.com/kTkpTOE.png[/img][/url][/td]
    [/tr]
    [tr]
        [td][img]https://i.imgur.com/WjDSfUn.png[/img][/td]
        [td][img]https://i.imgur.com/Be8E2qJ.png[/img][/td]
    [/tr]
[/table]
	
[img]https://i.imgur.com/Z4GOv8H.png[/img]
[img]https://i.imgur.com/Mi8ecQv.gif[/img]
[i]Beat Your Prisoners[/i] lets you... well, beat the hell out of your prisoners. You can use this to speed up recruitment time, train melee skill, or purely for amusement.

[b]As always, I appreciate any feedback you can give on this mod. For this one I could especially use feedback on balance aspects, such as whether beatings need to be more/less effective, are the mood penalties reasonable, do prisoners fight back or prison break too often, etc.[/b]

[h2]Details[/h2]
[hr][/hr]
Adds a new work type called "Break". Pawns set to break will occasionally go beat up prisoners who are marked for "Reduce Resistance". This will reduce the resistance of the prisoner in addition to any recruiting being done by wardens.

Prisoners may fight back depending on their traits and melee skill. If they fight back, the beating will last until they are downed.

If the prisoner should down their assailant, there is a 50% chance they will immediately trigger a prison break, so make sure your breakers are well armed and/or capable fighters.

When the beating is complete, the prisoners resistance will be reduced based on the pain received during the beating, the negotiation skill of the breaker, and the traits of both the prisoner and the breaker.

Beating prisoners gives a stackable colony-wide mood penalty to most colonists.

Prisoners will only be beaten when at full health, and breakers will deliver no more than 2 beatings in 24 hours.

[b][u]Base chance of fighting back (checked on each attack received):[/u][/b]
(5% + (2% x melee skill))

[b][u]Traits that affect beatings:[/u][/b]
[i]Masochist[/i] - Loves to be beaten, will never fight back, easier to "break".
[i]Wimp[/i] - Greater mood penalty from being beaten, less likely to fight back, less effective at breaking, easier to break.
[i]Kind[/i] - Greater mood penalty when prisoner beaten, less likely to fight back, less effective at breaking.
[i]Brawler[/i] -  Loves to give beatings, more likely to fight back, more effective at breaking, harder to break.
[i]Bloodlust[/i] - Mood buff when prisoner beaten, loves to give beatings, more likely to fight back, more effective at breaking, harder to break.
[i]Psychopath[/i] - More effective at breaking, harder to break.
[i]Tough[/i] - Harder to break.


[h2]F.A.Q.[/h2]
[hr][/hr]
[b][u]Q. Can you add feature X?[/u][/b]
A. Join my Discord server (button somewhere below) and request new features there.

[h2]Credits[/h2]
[hr][/hr]
Concept and design: PistFissed
Coding: Captain Muscles

[hr][/hr]
Github download link:
[url=https://github.com/CaptainMuscles/CM_Beat_Prisoners/releases]https://github.com/CaptainMuscles/CM_Beat_Prisoners/releases[/url]

[h2]Mods by Captain Muscles[/h2]
[hr][/hr]
[url=https://steamcommunity.com/sharedfiles/filedetails/?id=2307817213][img]https://i.imgur.com/VoByiic.png[/img][/url][url=https://steamcommunity.com/sharedfiles/filedetails/?id=2329172147][img]https://i.imgur.com/74JDWuZ.png[/img][/url][url=https://steamcommunity.com/sharedfiles/filedetails/?id=2362736503][img]https://i.imgur.com/WG8os6d.png[/img][/url][url=https://steamcommunity.com/sharedfiles/filedetails/?id=2375902187][img]https://i.imgur.com/fCN25Ys.png[/img][/url]
[url=https://steamcommunity.com/sharedfiles/filedetails/?id=2336610918][img]https://i.imgur.com/jxSOtsD.png[/img][/url][url=https://steamcommunity.com/sharedfiles/filedetails/?id=2353882085][img]https://i.imgur.com/rta4B3f.png[/img][/url][url=https://steamcommunity.com/sharedfiles/filedetails/?id=2355912467][img]https://i.imgur.com/iEJE3WP.png[/img][/url][url=https://steamcommunity.com/sharedfiles/filedetails/?id=2359566858][img]https://i.imgur.com/e85mMAF.png[/img][/url][url=https://steamcommunity.com/sharedfiles/filedetails/?id=2366255005][img]https://i.imgur.com/liOYDNc.png[/img][/url][url=https://steamcommunity.com/sharedfiles/filedetails/?id=2369675899][img]https://i.imgur.com/NtLQOev.png[/img][/url][url=https://steamcommunity.com/sharedfiles/filedetails/?id=2369307661][img]https://i.imgur.com/smZOUK8.png[/img][/url][url=https://steamcommunity.com/sharedfiles/filedetails/?id=2375193973][img]https://i.imgur.com/YwDNpdl.png[/img][/url]
[url=https://steamcommunity.com/sharedfiles/filedetails/?id=2380798255][img]https://i.imgur.com/HYnv9r5.png[/img][/url][url=https://steamcommunity.com/sharedfiles/filedetails/?id=2385755478][img]https://i.imgur.com/lA8ImyW.png[/img][/url][url=https://steamcommunity.com/sharedfiles/filedetails/?id=2401146569][img]https://i.imgur.com/t7SaJpC.png[/img][/url][url=https://steamcommunity.com/sharedfiles/filedetails/?id=2403595130][img]https://i.imgur.com/rvZg6ly.png[/img][/url]
[url=https://steamcommunity.com/sharedfiles/filedetails/?id=2411212162][img]https://i.imgur.com/MYa8nY7.png[/img][/url][url=https://steamcommunity.com/sharedfiles/filedetails/?id=2446986597][img]https://i.imgur.com/DMXfSaJ.png[/img][/url]
[hr][/hr]
	
[img]https://i.imgur.com/PwoNOj4.png[/img]
[list]
[*] See if the the error persists if you just have this mod and its requirements active.
[*] If not, try adding your other mods until it happens again.
[*] Post your error-log using [url=https://steamcommunity.com/workshop/filedetails/?id=818773962]HugsLib[/url] and command Ctrl+F12
[*] For best support, please use the Discord-channel for error-reporting.
[*] Do not report errors by making a discussion-thread, I get no notification of that.
[*] If you have the solution for a problem, please post it to the GitHub repository.
[/list]</description>
</ModMetaData>