<?xml version="1.0" encoding="utf-8" ?>
<Patch>
	<Operation Class="PatchOperationFindMod">
		<success>Always</success>
		<mods>
			<li>Dubs Bad Hygiene</li>
		</mods>
		<match Class="PatchOperationSequence">
			<operations>

				<li Class="PatchOperationAdd">
					<xpath>/Defs/HediffDef[defName="EVOR_Hediff_Kidney"]/stages/li[1]/statOffsets</xpath>
					<value>
						<ThirstRateMultiplier>-0.15</ThirstRateMultiplier>
					</value>
					<success>Always</success>
				</li>

				
			</operations>
			<!--NEED ELITE BIONICS PATCH-->
		</match>
	</Operation>

</Patch>




