<?xml version="1.0" encoding="utf-8" ?>
<Patch>
	<Operation Class="PatchOperationFindMod">
		<success>Always</success>
		<mods>
			<li>Prosthetic Combat Framework</li>
		</mods>
		<match Class="PatchOperationSequence">
			<operations>

				<!--Adding Surgeries-->
				<li Class="PatchOperationAdd">
					<xpath>/Defs</xpath>
					<value>
						<!--Maggot Bolter-->
						<RecipeDef ParentName="SurgeryFlesh">
							<defName>EVOR_Surgery_Primary_MaggotBolter</defName>
							<label>&lt;color=#00FFF7&gt;implant voracious maggot bolter&lt;/color&gt;</label>
							<description>Implant a voracious maggot bolter.</description>
							<workerClass>Recipe_InstallArtificialBodyPart</workerClass>
							<jobString>Implanting voracious maggot bolter.</jobString>
							<workAmount>3000</workAmount>
							<skillRequirements>
								<Medicine>10</Medicine>
							</skillRequirements>
							<recipeUsers>
								<li>Human</li>
							</recipeUsers>
							<ingredients>
								<li>
									<filter>
										<categories>
											<li>Medicine</li>
										</categories>
									</filter>
									<count>2</count>
								</li>
								<li>
									<filter>
										<thingDefs>
											<li>EVOR_Item_MaggotBolter</li>
										</thingDefs>
									</filter>
									<count>1</count>
								</li>
							</ingredients>
							<fixedIngredientFilter>
								<categories>
									<li>Medicine</li>
								</categories>
								<thingDefs>
									<li>EVOR_Item_MaggotBolter</li>
								</thingDefs>
							</fixedIngredientFilter>
							<appliedOnFixedBodyParts>
								<li>Shoulder</li>
							</appliedOnFixedBodyParts>
							<addsHediff>EVOR_Hediff_Primary_MaggotBolter</addsHediff>
							<descriptionHyperlinks><ThingDef>EVOR_Item_MaggotBolter</ThingDef></descriptionHyperlinks>
						</RecipeDef>

						<RecipeDef ParentName="SurgeryFlesh">
							<defName>EVOR_Surgery_Secondary_MaggotBolter</defName>
							<label>&lt;color=#00FFF7&gt;implant voracious maggot bolter&lt;/color&gt;</label>
							<description>Implant a voracious maggot bolter.</description>
							<workerClass>Recipe_InstallArtificialBodyPart</workerClass>
							<jobString>Implanting voracious maggot bolter.</jobString>
							<workAmount>3000</workAmount>
							<skillRequirements>
								<Medicine>10</Medicine>
							</skillRequirements>
							<recipeUsers>
								<li>Human</li>
							</recipeUsers>
							<ingredients>
								<li>
									<filter>
										<categories>
											<li>Medicine</li>
										</categories>
									</filter>
									<count>2</count>
								</li>
								<li>
									<filter>
										<thingDefs>
											<li>EVOR_Item_MaggotBolter</li>
										</thingDefs>
									</filter>
									<count>1</count>
								</li>
							</ingredients>
							<fixedIngredientFilter>
								<categories>
									<li>Medicine</li>
								</categories>
								<thingDefs>
									<li>EVOR_Item_MaggotBolter</li>
								</thingDefs>
							</fixedIngredientFilter>
							<appliedOnFixedBodyParts>
								<li>LowerShoulder</li>
							</appliedOnFixedBodyParts>
							<addsHediff>EVOR_Hediff_Secondary_MaggotBolter</addsHediff>
							<researchPrerequisite>EVOR_Research_Limbs3</researchPrerequisite>
							<descriptionHyperlinks><ThingDef>EVOR_Item_MaggotBolter</ThingDef></descriptionHyperlinks>
						</RecipeDef>

						<!--Venomcrystal-->
						<RecipeDef ParentName="SurgeryFlesh">
							<defName>EVOR_Surgery_Primary_VenomCrystal</defName>
							<label>&lt;color=#00FFF7&gt;implant venom crystal cannon&lt;/color&gt;</label>
							<description>Implant a venom crystal cannon.</description>
							<workerClass>Recipe_InstallArtificialBodyPart</workerClass>
							<jobString>Implanting venom crystal cannon.</jobString>
							<workAmount>3000</workAmount>
							<skillRequirements>
								<Medicine>10</Medicine>
							</skillRequirements>
							<recipeUsers>
								<li>Human</li>
							</recipeUsers>
							<ingredients>
								<li>
									<filter>
										<categories>
											<li>Medicine</li>
										</categories>
									</filter>
									<count>2</count>
								</li>
								<li>
									<filter>
										<thingDefs>
											<li>EVOR_Item_VenomCrystal</li>
										</thingDefs>
									</filter>
									<count>1</count>
								</li>
							</ingredients>
							<fixedIngredientFilter>
								<categories>
									<li>Medicine</li>
								</categories>
								<thingDefs>
									<li>EVOR_Item_VenomCrystal</li>
								</thingDefs>
							</fixedIngredientFilter>
							<appliedOnFixedBodyParts>
								<li>Shoulder</li>
							</appliedOnFixedBodyParts>
							<addsHediff>EVOR_Hediff_Primary_VenomCrystal</addsHediff>
							<descriptionHyperlinks><ThingDef>EVOR_Item_VenomCrystal</ThingDef></descriptionHyperlinks>
						</RecipeDef>

						<RecipeDef ParentName="SurgeryFlesh">
							<defName>EVOR_Surgery_Secondary_VenomCrystal</defName>
							<label>&lt;color=#00FFF7&gt;implant venom crystal cannon&lt;/color&gt;</label>
							<description>Implant a venom crystal cannon.</description>
							<workerClass>Recipe_InstallArtificialBodyPart</workerClass>
							<jobString>Implanting venom crystal cannon.</jobString>
							<workAmount>3000</workAmount>
							<skillRequirements>
								<Medicine>10</Medicine>
							</skillRequirements>
							<recipeUsers>
								<li>Human</li>
							</recipeUsers>
							<ingredients>
								<li>
									<filter>
										<categories>
											<li>Medicine</li>
										</categories>
									</filter>
									<count>2</count>
								</li>
								<li>
									<filter>
										<thingDefs>
											<li>EVOR_Item_VenomCrystal</li>
										</thingDefs>
									</filter>
									<count>1</count>
								</li>
							</ingredients>
							<fixedIngredientFilter>
								<categories>
									<li>Medicine</li>
								</categories>
								<thingDefs>
									<li>EVOR_Item_VenomCrystal</li>
								</thingDefs>
							</fixedIngredientFilter>
							<appliedOnFixedBodyParts>
								<li>LowerShoulder</li>
							</appliedOnFixedBodyParts>
							<addsHediff>EVOR_Hediff_Secondary_VenomCrystal</addsHediff>
							<researchPrerequisite>EVOR_Research_Limbs3</researchPrerequisite>
							<descriptionHyperlinks><ThingDef>EVOR_Item_VenomCrystal</ThingDef></descriptionHyperlinks>
						</RecipeDef>

						<!--cryoslime-->
						<RecipeDef ParentName="SurgeryFlesh">
							<defName>EVOR_Surgery_Primary_CryoSlime</defName>
							<label>&lt;color=#00FFF7&gt;implant cryogenic slime cannon&lt;/color&gt;</label>
							<description>Implant a cryogenic slime cannon.</description>
							<workerClass>Recipe_InstallArtificialBodyPart</workerClass>
							<jobString>Implanting cryogenic slime cannon.</jobString>
							<workAmount>3000</workAmount>
							<skillRequirements>
								<Medicine>10</Medicine>
							</skillRequirements>
							<recipeUsers>
								<li>Human</li>
							</recipeUsers>
							<ingredients>
								<li>
									<filter>
										<categories>
											<li>Medicine</li>
										</categories>
									</filter>
									<count>2</count>
								</li>
								<li>
									<filter>
										<thingDefs>
											<li>EVOR_Item_CryoSlime</li>
										</thingDefs>
									</filter>
									<count>1</count>
								</li>
							</ingredients>
							<fixedIngredientFilter>
								<categories>
									<li>Medicine</li>
								</categories>
								<thingDefs>
									<li>EVOR_Item_CryoSlime</li>
								</thingDefs>
							</fixedIngredientFilter>
							<appliedOnFixedBodyParts>
								<li>Shoulder</li>
							</appliedOnFixedBodyParts>
							<addsHediff>EVOR_Hediff_Primary_CryoSlime</addsHediff>
							<descriptionHyperlinks><ThingDef>EVOR_Item_CryoSlime</ThingDef></descriptionHyperlinks>
						</RecipeDef>

						<RecipeDef ParentName="SurgeryFlesh">
							<defName>EVOR_Surgery_Secondary_CryoSlime</defName>
							<label>&lt;color=#00FFF7&gt;implant cryogenic slime cannon&lt;/color&gt;</label>
							<description>Implant a cryogenic slime cannon.</description>
							<workerClass>Recipe_InstallArtificialBodyPart</workerClass>
							<jobString>Implanting cryogenic slime cannon.</jobString>
							<workAmount>3000</workAmount>
							<skillRequirements>
								<Medicine>10</Medicine>
							</skillRequirements>
							<recipeUsers>
								<li>Human</li>
							</recipeUsers>
							<ingredients>
								<li>
									<filter>
										<categories>
											<li>Medicine</li>
										</categories>
									</filter>
									<count>2</count>
								</li>
								<li>
									<filter>
										<thingDefs>
											<li>EVOR_Item_CryoSlime</li>
										</thingDefs>
									</filter>
									<count>1</count>
								</li>
							</ingredients>
							<fixedIngredientFilter>
								<categories>
									<li>Medicine</li>
								</categories>
								<thingDefs>
									<li>EVOR_Item_CryoSlime</li>
								</thingDefs>
							</fixedIngredientFilter>
							<appliedOnFixedBodyParts>
								<li>LowerShoulder</li>
							</appliedOnFixedBodyParts>
							<addsHediff>EVOR_Hediff_Secondary_CryoSlime</addsHediff>
							<researchPrerequisite>EVOR_Research_Limbs3</researchPrerequisite>
							<descriptionHyperlinks><ThingDef>EVOR_Item_CryoSlime</ThingDef></descriptionHyperlinks>
						</RecipeDef>

						<!--impulse shock-->
						<RecipeDef ParentName="SurgeryFlesh">
							<defName>EVOR_Surgery_Primary_ImpulseShock</defName>
							<label>&lt;color=#00FFF7&gt;implant impulse shock blaster&lt;/color&gt;</label>
							<description>Implant an impulse shock blaster.</description>
							<workerClass>Recipe_InstallArtificialBodyPart</workerClass>
							<jobString>Implanting impulse shock blaster.</jobString>
							<workAmount>3000</workAmount>
							<skillRequirements>
								<Medicine>10</Medicine>
							</skillRequirements>
							<recipeUsers>
								<li>Human</li>
							</recipeUsers>
							<ingredients>
								<li>
									<filter>
										<categories>
											<li>Medicine</li>
										</categories>
									</filter>
									<count>2</count>
								</li>
								<li>
									<filter>
										<thingDefs>
											<li>EVOR_Item_ImpulseShock</li>
										</thingDefs>
									</filter>
									<count>1</count>
								</li>
							</ingredients>
							<fixedIngredientFilter>
								<categories>
									<li>Medicine</li>
								</categories>
								<thingDefs>
									<li>EVOR_Item_ImpulseShock</li>
								</thingDefs>
							</fixedIngredientFilter>
							<appliedOnFixedBodyParts>
								<li>Shoulder</li>
							</appliedOnFixedBodyParts>
							<addsHediff>EVOR_Hediff_Primary_ImpulseShock</addsHediff>
							<descriptionHyperlinks><ThingDef>EVOR_Item_ImpulseShock</ThingDef></descriptionHyperlinks>
						</RecipeDef>

						<RecipeDef ParentName="SurgeryFlesh">
							<defName>EVOR_Surgery_Secondary_ImpulseShock</defName>
							<label>&lt;color=#00FFF7&gt;implant impulse shock blaster&lt;/color&gt;</label>
							<description>Implant an impulse shock blaster.</description>
							<workerClass>Recipe_InstallArtificialBodyPart</workerClass>
							<jobString>Implanting impulse shock blaster.</jobString>
							<workAmount>3000</workAmount>
							<skillRequirements>
								<Medicine>10</Medicine>
							</skillRequirements>
							<recipeUsers>
								<li>Human</li>
							</recipeUsers>
							<ingredients>
								<li>
									<filter>
										<categories>
											<li>Medicine</li>
										</categories>
									</filter>
									<count>2</count>
								</li>
								<li>
									<filter>
										<thingDefs>
											<li>EVOR_Item_ImpulseShock</li>
										</thingDefs>
									</filter>
									<count>1</count>
								</li>
							</ingredients>
							<fixedIngredientFilter>
								<categories>
									<li>Medicine</li>
								</categories>
								<thingDefs>
									<li>EVOR_Item_ImpulseShock</li>
								</thingDefs>
							</fixedIngredientFilter>
							<appliedOnFixedBodyParts>
								<li>LowerShoulder</li>
							</appliedOnFixedBodyParts>
							<addsHediff>EVOR_Hediff_Secondary_ImpulseShock</addsHediff>
							<researchPrerequisite>EVOR_Research_Limbs3</researchPrerequisite>
							<descriptionHyperlinks><ThingDef>EVOR_Item_ImpulseShock</ThingDef></descriptionHyperlinks>
						</RecipeDef>

						<!--Spore Launcher-->
						<RecipeDef ParentName="SurgeryFlesh">
							<defName>EVOR_Surgery_Back_KaboomSpore</defName>
							<label>&lt;color=#00FFF7&gt;implant volatile spore array&lt;/color&gt;</label>
							<description>Implant a volatile spore array.</description>
							<workerClass>Recipe_InstallArtificialBodyPart</workerClass>
							<jobString>Implanting volatile spore array.</jobString>
							<workAmount>3000</workAmount>
							<skillRequirements>
								<Medicine>10</Medicine>
							</skillRequirements>
							<recipeUsers>
								<li>Human</li>
							</recipeUsers>
							<ingredients>
								<li>
									<filter>
										<categories>
											<li>Medicine</li>
										</categories>
									</filter>
									<count>2</count>
								</li>
								<li>
									<filter>
										<thingDefs>
											<li>EVOR_Item_KaboomSpore</li>
										</thingDefs>
									</filter>
									<count>1</count>
								</li>
							</ingredients>
							<fixedIngredientFilter>
								<categories>
									<li>Medicine</li>
								</categories>
								<thingDefs>
									<li>EVOR_Item_KaboomSpore</li>
								</thingDefs>
							</fixedIngredientFilter>
							<appliedOnFixedBodyParts>
								<li>Back</li>
							</appliedOnFixedBodyParts>
							<addsHediff>EVOR_Hediff_Back_KaboomSpore</addsHediff>
							<descriptionHyperlinks><ThingDef>EVOR_Item_KaboomSpore</ThingDef></descriptionHyperlinks>
						</RecipeDef>
					</value>
					<success>Always</success>
				</li>

			</operations>
		</match>
	</Operation>

</Patch>




