<?xml version="1.0" encoding="utf-8" ?>
<Patch>
	<Operation Class="PatchOperationFindMod">
		<success>Always</success>
		<mods>
			<li>Prosthetic Combat Framework</li>
		</mods>
		<match Class="PatchOperationSequence">
			<operations>

				<!--ADDING ITEM / QEE + EBF stuff-->
				<li Class="PatchOperationAdd">
					<xpath>/Defs</xpath>
					<value>
						<ResearchProjectDef>
							<defName>EVOR_Research_Limbs4</defName>
							<tab>EVOR_EvolvedOrgansResearchTab</tab>
							<label>Bio-weapon Symbiosis</label>
							<description>By creating specialized organisms to live in our limbs, we can create bio-weapons utilizing them that are part of our very own bodies.</description>
							<baseCost>4000</baseCost>
							<techLevel>Spacer</techLevel>
							<prerequisites>
								<li>EVOR_Research_Limbs3</li>
							</prerequisites>
							<requiredResearchBuilding>HiTechResearchBench</requiredResearchBuilding>
							<requiredResearchFacilities>
								<li>MultiAnalyzer</li>
							</requiredResearchFacilities>
							<researchViewX>6</researchViewX>
							<researchViewY>1</researchViewY>
						</ResearchProjectDef>
						<ThingDef ParentName="EVOR_Item_Base">
							<defName>EVOR_Item_MaggotBolter</defName>
							<label>voracious maggot bolter</label>
							<description>By creating a rapidly growing strain of maggots and adapting them to life in our bodies, we can use them as bullet-like ammunition in our bio-weapons.</description>
							<recipeMaker>
								<researchPrerequisite>EVOR_Research_Limbs4</researchPrerequisite>
							</recipeMaker>
							<costList>
								<EVOR_Resource_Protein>140</EVOR_Resource_Protein>
								<EVOR_Resource_Mechanites>3</EVOR_Resource_Mechanites>
							</costList>
							<descriptionHyperlinks><RecipeDef>EVOR_Surgery_Primary_MaggotBolter</RecipeDef></descriptionHyperlinks>
						</ThingDef>

						<ThingDef ParentName="EVOR_Item_Base">
							<defName>EVOR_Item_VenomCrystal</defName>
							<label>venom crystal cannon</label>
							<description>The crystals fired from this cannon are made of a durable chunk of solid venom, able to punch through the strongest armor and then eat though anything underneath.</description>
							<recipeMaker>
								<researchPrerequisite>EVOR_Research_Limbs4</researchPrerequisite>
							</recipeMaker>
							<costList>
								<EVOR_Resource_Protein>140</EVOR_Resource_Protein>
								<EVOR_Resource_Mechanites>3</EVOR_Resource_Mechanites>
							</costList>
							<descriptionHyperlinks><RecipeDef>EVOR_Surgery_Primary_VenomCrystal</RecipeDef></descriptionHyperlinks>
						</ThingDef>

						<ThingDef ParentName="EVOR_Item_Base">
							<defName>EVOR_Item_CryoSlime</defName>
							<label>cryogenic slime cannon</label>
							<description>This limb fires a carefully cooled bodily fluid that rapidly cools the target upon impact, in some cases chilling the enemy to the bone</description>
							<recipeMaker>
								<researchPrerequisite>EVOR_Research_Limbs4</researchPrerequisite>
							</recipeMaker>
							<costList>
								<EVOR_Resource_Protein>140</EVOR_Resource_Protein>
								<EVOR_Resource_Mechanites>3</EVOR_Resource_Mechanites>
							</costList>
							<descriptionHyperlinks><RecipeDef>EVOR_Surgery_Primary_CryoSlime</RecipeDef></descriptionHyperlinks>
						</ThingDef>

						<ThingDef ParentName="EVOR_Item_Base">
							<defName>EVOR_Item_ImpulseShock</defName>
							<label>impulse shock blaster</label>
							<description>Instead of being tuned to be a lethal shock, the electrified rods fired by this limb are tuned to incapacitate, working equally well on organic and mechanical targets</description>
							<recipeMaker>
								<researchPrerequisite>EVOR_Research_Limbs4</researchPrerequisite>
							</recipeMaker>
							<costList>
								<EVOR_Resource_Protein>140</EVOR_Resource_Protein>
								<EVOR_Resource_Mechanites>3</EVOR_Resource_Mechanites>
							</costList>
							<descriptionHyperlinks><RecipeDef>EVOR_Surgery_Primary_ImpulseShock</RecipeDef></descriptionHyperlinks>
						</ThingDef>

						<ThingDef ParentName="EVOR_Item_Base">
							<defName>EVOR_Item_KaboomSpore</defName>
							<label>volatile spore array</label>
							<description>These spores on the host's back can be launched in a certain direction, where they glide to the target and explode.</description>
							<recipeMaker>
								<researchPrerequisite>EVOR_Research_Limbs4</researchPrerequisite>
							</recipeMaker>
							<costList>
								<EVOR_Resource_Protein>140</EVOR_Resource_Protein>
								<EVOR_Resource_Mechanites>3</EVOR_Resource_Mechanites>
							</costList>
							<descriptionHyperlinks><RecipeDef>EVOR_Surgery_Back_KaboomSpore</RecipeDef></descriptionHyperlinks>
						</ThingDef>

					</value>
					<success>Always</success>
				</li>

				<li Class="PatchOperationFindMod">
					<mods>
						<li>Elite Bionics Framework</li>
					</mods>
					<match Class="PatchOperationSequence">
						<operations>

							<li Class="PatchOperationAdd">
								<xpath>/Defs/HediffDef[defName="EVOR_Hediff_Primary_MaggotBolter"]/comps</xpath>
								<value>
									<li Class="EBF.Hediffs.HediffCompProperties_MaxHPAdjust">
										<linearAdjustment>15</linearAdjustment>
									</li>
								</value>
								<success>Always</success>
							</li>
							<li Class="PatchOperationAdd">
								<xpath>/Defs/HediffDef[defName="EVOR_Hediff_Secondary_MaggotBolter"]/comps</xpath>
								<value>
									<li Class="EBF.Hediffs.HediffCompProperties_MaxHPAdjust">
										<linearAdjustment>15</linearAdjustment>
									</li>
								</value>
								<success>Always</success>
							</li>
							<li Class="PatchOperationAdd">
								<xpath>/Defs/HediffDef[defName="EVOR_Hediff_Primary_VenomCrystal"]/comps</xpath>
								<value>
									<li Class="EBF.Hediffs.HediffCompProperties_MaxHPAdjust">
										<linearAdjustment>15</linearAdjustment>
									</li>
								</value>
								<success>Always</success>
							</li>
							<li Class="PatchOperationAdd">
								<xpath>/Defs/HediffDef[defName="EVOR_Hediff_Secondary_VenomCrystal"]/comps</xpath>
								<value>
									<li Class="EBF.Hediffs.HediffCompProperties_MaxHPAdjust">
										<linearAdjustment>15</linearAdjustment>
									</li>
								</value>
								<success>Always</success>
							</li>
							<li Class="PatchOperationAdd">
								<xpath>/Defs/HediffDef[defName="EVOR_Hediff_Primary_CryoSlime"]/comps</xpath>
								<value>
									<li Class="EBF.Hediffs.HediffCompProperties_MaxHPAdjust">
										<linearAdjustment>15</linearAdjustment>
									</li>
								</value>
								<success>Always</success>
							</li>
							<li Class="PatchOperationAdd">
								<xpath>/Defs/HediffDef[defName="EVOR_Hediff_Secondary_CryoSlime"]/comps</xpath>
								<value>
									<li Class="EBF.Hediffs.HediffCompProperties_MaxHPAdjust">
										<linearAdjustment>15</linearAdjustment>
									</li>
								</value>
								<success>Always</success>
							</li>
							<li Class="PatchOperationAdd">
								<xpath>/Defs/HediffDef[defName="EVOR_Hediff_Primary_ImpulseShock"]/comps</xpath>
								<value>
									<li Class="EBF.Hediffs.HediffCompProperties_MaxHPAdjust">
										<linearAdjustment>15</linearAdjustment>
									</li>
								</value>
								<success>Always</success>
							</li>
							<li Class="PatchOperationAdd">
								<xpath>/Defs/HediffDef[defName="EVOR_Hediff_Secondary_ImpulseShock"]/comps</xpath>
								<value>
									<li Class="EBF.Hediffs.HediffCompProperties_MaxHPAdjust">
										<linearAdjustment>15</linearAdjustment>
									</li>
								</value>
								<success>Always</success>
							</li>
							<li Class="PatchOperationAdd">
								<xpath>/Defs/HediffDef[defName="EVOR_Hediff_Back_KaboomSpore"]/comps</xpath>
								<value>
									<li Class="EBF.Hediffs.HediffCompProperties_MaxHPAdjust">
										<linearAdjustment>15</linearAdjustment>
									</li>
								</value>
								<success>Always</success>
							</li>
							
						</operations>
					</match>
				</li>

				<li Class="PatchOperationFindMod">
					<mods>
						<li>Questionable Ethics Enhanced</li>
						<li>Questionable Ethics Enhanced (Continued)</li>
					</mods>
					<match Class="EvolvedOrgansRedux.PatchOperationChooseWorkbench">
						<modname>Questionable Ethics Enhanced</modname>
						<operations>
							<li Class="PatchOperationRemove">
								<xpath>/Defs/ThingDef[defName="EVOR_Item_MaggotBolter"]/recipeMaker</xpath>
							</li>
							<li Class="PatchOperationRemove">
								<xpath>/Defs/ThingDef[defName="EVOR_Item_MaggotBolter"]/costList</xpath>
							</li>
							<li Class="PatchOperationRemove">
								<xpath>/Defs/ThingDef[defName="EVOR_Item_VenomCrystal"]/recipeMaker</xpath>
							</li>
							<li Class="PatchOperationRemove">
								<xpath>/Defs/ThingDef[defName="EVOR_Item_VenomCrystal"]/costList</xpath>
							</li>
							<li Class="PatchOperationRemove">
								<xpath>/Defs/ThingDef[defName="EVOR_Item_CryoSlime"]/recipeMaker</xpath>
							</li>
							<li Class="PatchOperationRemove">
								<xpath>/Defs/ThingDef[defName="EVOR_Item_CryoSlime"]/costList</xpath>
							</li>
							<li Class="PatchOperationRemove">
								<xpath>/Defs/ThingDef[defName="EVOR_Item_ImpulseShock"]/recipeMaker</xpath>
							</li>
							<li Class="PatchOperationRemove">
								<xpath>/Defs/ThingDef[defName="EVOR_Item_ImpulseShock"]/costList</xpath>
							</li>
							<li Class="PatchOperationRemove">
								<xpath>/Defs/ThingDef[defName="EVOR_Item_KaboomSpore"]/recipeMaker</xpath>
							</li>
							<li Class="PatchOperationRemove">
								<xpath>/Defs/ThingDef[defName="EVOR_Item_KaboomSpore"]/costList</xpath>
							</li>

							<li Class="PatchOperationAdd">
								<xpath>/Defs</xpath>
								<value>
									<RecipeDef ParentName="EVOR_Grower_Recipe_LimbMech">
										<defName>EVOR_QEE_MaggotBolter</defName>
										<label>&lt;color=#00FFF7&gt;voracious maggot bolter&lt;/color&gt;</label>
										<products>
											<EVOR_Item_MaggotBolter>1</EVOR_Item_MaggotBolter>
										</products>
										<researchPrerequisite>EVOR_Research_Limbs4</researchPrerequisite>
									</RecipeDef>

									<RecipeDef ParentName="EVOR_Grower_Recipe_LimbMech">
										<defName>EVOR_QEE_VenomCrystal</defName>
										<label>&lt;color=#00FFF7&gt;venom crystal cannon&lt;/color&gt;</label>
										<products>
											<EVOR_Item_VenomCrystal>1</EVOR_Item_VenomCrystal>
										</products>
										<researchPrerequisite>EVOR_Research_Limbs4</researchPrerequisite>
									</RecipeDef>

									<RecipeDef ParentName="EVOR_Grower_Recipe_LimbMech">
										<defName>EVOR_QEE_CryoSlime</defName>
										<label>&lt;color=#00FFF7&gt;cryogenic slime cannon&lt;/color&gt;</label>
										<products>
											<EVOR_Item_CryoSlime>1</EVOR_Item_CryoSlime>
										</products>
										<researchPrerequisite>EVOR_Research_Limbs4</researchPrerequisite>
									</RecipeDef>

									<RecipeDef ParentName="EVOR_Grower_Recipe_LimbMech">
										<defName>EVOR_QEE_ImpulseShock</defName>
										<label>&lt;color=#00FFF7&gt;impulse shock blaster&lt;/color&gt;</label>
										<products>
											<EVOR_Item_ImpulseShock>1</EVOR_Item_ImpulseShock>
										</products>
										<researchPrerequisite>EVOR_Research_Limbs4</researchPrerequisite>
									</RecipeDef>

									<RecipeDef ParentName="EVOR_Grower_Recipe_LimbMech">
										<defName>EVOR_QEE_KaboomSpore</defName>
										<label>&lt;color=#00FFF7&gt;volatile spore array&lt;/color&gt;</label>
										<products>
											<EVOR_Item_KaboomSpore>1</EVOR_Item_KaboomSpore>
										</products>
										<researchPrerequisite>EVOR_Research_Limbs4</researchPrerequisite>
									</RecipeDef>
								</value>
							</li>
						</operations>
					</match>
				</li>
			</operations>
		</match>
	</Operation>

</Patch>




