<?xml version="1.0" encoding="utf-8" ?>
<Patch>
	<Operation Class="PatchOperationFindMod">
		<success>Always</success>
		<mods>
			<li>Rah's Bionics and Surgery Expansion</li>
		</mods>
		<match Class="PatchOperationSequence">
			<operations>
				<li Class="PatchOperationAdd">
					<xpath>/Defs/ThingDef[defName="EVOR_Item_Base"]</xpath>
					<value>
						<tickerType>Rare</tickerType>
						<comps>
							<li Class="CompProperties_Rottable">
								<daysToRotStart>0.6</daysToRotStart>
								<rotDestroys>true</rotDestroys>
							</li>
						</comps>
					</value>
					<success>Always</success>
				</li>


			</operations>
		</match>
	</Operation>

</Patch>