<?xml version="1.0" encoding="utf-8" ?>
<Patch>
	<Operation Class="PatchOperationFindMod">
		<success>Always</success>
		<mods>
			<li>Supreme Melee (Continued)</li>
		</mods>
		<match Class="PatchOperationSequence">
			<operations>
				<li Class="PatchOperationAdd">
					<xpath>/Defs/HediffDef[defName='EVOR_Hediff_Primary_PlatedLimb']/stages/li/statOffsets</xpath>
					<order>Append</order>
					<value>
						<SupremeMelee_MeleeParryMeleeChance>12</SupremeMelee_MeleeParryMeleeChance>
						<SupremeMelee_MeleeParryProjectileChance>5</SupremeMelee_MeleeParryProjectileChance>
					</value>
				</li>
				<li Class="PatchOperationAdd">
					<xpath>/Defs/HediffDef[defName='EVOR_Hediff_Secondary_PlatedLimb']/stages/li/statOffsets</xpath>
					<order>Append</order>
					<value>
						<SupremeMelee_MeleeParryMeleeChance>4</SupremeMelee_MeleeParryMeleeChance>
						<SupremeMelee_MeleeParryProjectileChance>2</SupremeMelee_MeleeParryProjectileChance>
					</value>
				</li>
				<li Class="PatchOperationAdd">
					<xpath>/Defs/HediffDef[defName='EVOR_Hediff_Brain_Nails']/stages/li/statOffsets</xpath>
					<order>Append</order>
					<value>
						<SupremeMelee_MeleeParryMeleeChance>15</SupremeMelee_MeleeParryMeleeChance>
						<SupremeMelee_MeleeParryProjectileChance>15</SupremeMelee_MeleeParryProjectileChance>
					</value>
				</li>
				<li Class="PatchOperationAdd">
					<xpath>/Defs/HediffDef[defName='EVOR_Hediff_Abd_Combat']/stages/li/statOffsets</xpath>
					<order>Append</order>
					<value>
						<SupremeMelee_MeleeParryMeleeChance>3</SupremeMelee_MeleeParryMeleeChance>
						<SupremeMelee_MeleeParryProjectileChance>1</SupremeMelee_MeleeParryProjectileChance>
					</value>
				</li>
				<li Class="PatchOperationAdd">
					<xpath>/Defs/HediffDef[defName='EVOR_Hediff_Back_Muscle']/stages/li/statOffsets</xpath>
					<order>Append</order>
					<value>
						<SupremeMelee_MeleeParryMeleeChance>5</SupremeMelee_MeleeParryMeleeChance>
						<SupremeMelee_MeleeParryProjectileChance>3</SupremeMelee_MeleeParryProjectileChance>
					</value>
				</li>
			</operations>
		</match>
	</Operation>

</Patch>




