<?xml version="1.0" encoding="utf-8" ?>
<Defs>
	<ThingDef ParentName="BenchBase">
		<defName>EVOR_Building_Cellbench</defName>
		<label>organ growing worksbench</label>
		<description>A place to grow organs that are far more capable than what nature would have given us.</description>
		<thingClass>Building_WorkTable</thingClass>
		<graphicData>
			<texPath>Things/Building/Production/EVOR_Texture_Vat</texPath>
			<graphicClass>Graphic_Multi</graphicClass>
			<shaderType>CutoutComplex</shaderType>
			<drawSize>(3,2)</drawSize>
			<shadowData>
				<volume>(2.22, 0.8, 0.62)</volume>
				<offset>(0, 0, -0.13)</offset>
			</shadowData>
			<damageData>
				<rect>(0.3,0.1,2.4,1.8)</rect>
			</damageData>
		</graphicData>
		<costList>
			<ComponentIndustrial>12</ComponentIndustrial>
			<ComponentSpacer>10</ComponentSpacer>
			<Steel>500</Steel>
		</costList>
		<constructEffect>ConstructMetal</constructEffect>
		<altitudeLayer>Building</altitudeLayer>
		<fillPercent>0.5</fillPercent>
		<useHitPoints>True</useHitPoints>
		<statBases>
			<WorkToBuild>5000</WorkToBuild>
			<MaxHitPoints>500</MaxHitPoints>
			<Flammability>0</Flammability>
			<Cleanliness>3</Cleanliness>
		</statBases>
		<size>(3,2)</size>
		<designationCategory>Production</designationCategory>
		<passability>PassThroughOnly</passability>
		<pathCost>70</pathCost>
		<hasInteractionCell>True</hasInteractionCell>
		<interactionCellOffset>(0,0,-1)</interactionCellOffset>
		<surfaceType>Item</surfaceType>
		<constructionSkillPrerequisite>10</constructionSkillPrerequisite>
		<inspectorTabs>
			<li>ITab_Bills</li>
		</inspectorTabs>
		<building>
			<spawnedConceptLearnOpportunity>BillsTab</spawnedConceptLearnOpportunity>
		</building>
		<comps>
			<li Class="CompProperties_Power">
				<compClass>CompPowerTrader</compClass>
				<shortCircuitInRain>true</shortCircuitInRain>
				<basePowerConsumption>600</basePowerConsumption>
			</li>
			<li Class="CompProperties_Flickable"/>
			<li Class="CompProperties_Breakdownable"/>
			<li Class="CompProperties_AffectedByFacilities">
				<linkableFacilities>
					<li>ToolCabinet</li>
				</linkableFacilities>
			</li>
			<li Class="CompProperties_HeatPusher">
				<compClass>CompHeatPusherPowered</compClass>
				<heatPerSecond>-4</heatPerSecond>
			</li>
		</comps>
		<placeWorkers>
			<li>PlaceWorker_ShowFacilitiesConnections</li>
		</placeWorkers>
		<researchPrerequisites>
			<li>EVOR_Research_Start3</li>
		</researchPrerequisites>
	</ThingDef>
</Defs>
