<?xml version="1.0" encoding="utf-8" ?>
<Patch>
	<Operation Class="PatchOperationFindMod">
		<success>Always</success>
		<mods>
			<li>Questionable Ethics Enhanced</li>
			<li>Questionable Ethics Enhanced (Continued)</li>
		</mods>
		<match Class="PatchOperationSequence">
			<operations>
				<li Class ="PatchOperationAddModExtension">
					<xpath>Defs/HediffDef[contains(defName, "EVOR_Hediff_") and not(contains(defName, "EVOR_Hediff_Damage_"))]</xpath>
					<value>
						<li Class="QEthics.HediffTemplateProperties">
							<includeInGenomeTemplate>true</includeInGenomeTemplate>
							<includeInBrainTemplate>false</includeInBrainTemplate>
						</li>
					</value>
				</li>
			</operations>
		</match>
	</Operation>
	<Operation Class="PatchOperationFindMod">
		<success>Always</success>
		<mods>
			<li>Questionable Ethics Enhanced</li>
			<li>Questionable Ethics Enhanced (Continued)</li>
		</mods>
		<match Class="EvolvedOrgansRedux.PatchOperationChooseWorkbench">
			<modname>Questionable Ethics Enhanced</modname>
			<operations>
				<li Class="PatchOperationAdd">
					<xpath>/Defs</xpath>
					<value>
						<RecipeDef ParentName="EVOR_Grower_170protein4mechanites">
							<defName>EVOR_QEE_Sternum_NornCrown</defName>
							<label>&lt;color=#00FFF7&gt;The Norn Crown&lt;/color&gt;</label>
							<products>
								<EVOR_Item_Sternum_NornCrown>1</EVOR_Item_Sternum_NornCrown>
							</products>
							<researchPrerequisite>EVOR_Research_Artifact_NornCrown</researchPrerequisite>
						</RecipeDef>

						<RecipeDef ParentName="EVOR_Grower_500protein10mechanites">
							<defName>EVOR_QEE_Sternum_ReactiveShimmerworms</defName>
							<label>&lt;color=#00FFF7&gt;reactive shimmerworms&lt;/color&gt;</label>
							<products>
								<EVOR_Item_Sternum_ReactiveShimmerworms>1</EVOR_Item_Sternum_ReactiveShimmerworms>
							</products>
							<researchPrerequisite>EVOR_Research_Artifact_ShimmerWorm</researchPrerequisite>
						</RecipeDef>
						<RecipeDef ParentName="EVOR_Grower_120protein2mechanites">
							<defName>EVOR_QEE_Torso_MucousGland</defName>
							<label>&lt;color=#00FFF7&gt;mucous gland&lt;/color&gt;</label>
							<products>
								<EVOR_Item_Torso_MucousGland>1</EVOR_Item_Torso_MucousGland>
							</products>
							<researchPrerequisite>SkinHardening</researchPrerequisite>
						</RecipeDef>
					</value>
				</li>
			</operations>
		</match>
	</Operation>
</Patch>