<?xml version="1.0" encoding="utf-8" ?>
<Patch>
	<Operation Class="PatchOperationFindMod">
		<success>Always</success>
		<mods>
			<li>Ultratech: Altered Carbon Remastered</li>
		</mods>
		<match Class="EvolvedOrgansRedux.PatchOperationChooseWorkbench">
			<modname>Ultratech: Altered Carbon Remastered</modname>
			<operations>
				<!--Replace the prerequisites of the other researches with the one AC adds to grow it's own organs.-->
				<li Class="PatchOperationReplace">
					<xpath>/Defs/ResearchProjectDef[defName="EVOR_Research_Artifact_NornCrown"]/prerequisites</xpath>
					<value>
						<prerequisites>
							<li>UT_OrganProduction</li>
						</prerequisites>
					</value>
				</li>
				<li Class="PatchOperationReplace">
					<xpath>/Defs/ResearchProjectDef[defName="EVOR_Research_Artifact_ShimmerWorm"]/prerequisites</xpath>
					<value>
						<prerequisites>
							<li>UT_OrganProduction</li>
						</prerequisites>
					</value>
				</li>
				<li Class="PatchOperationAdd">
					<xpath>/Defs</xpath>
					<value>
						<!-- Psychic Area Mood Proliferation -->
						<RecipeDef Name="UT_EVOR_Artifact_NornCrown" ParentName="EVOR_UT_300protein6mechanites" Abstract="True">
							<researchPrerequisite>EVOR_Research_Artifact_NornCrown</researchPrerequisite>
						</RecipeDef>
						<RecipeDef ParentName="UT_EVOR_Artifact_NornCrown">
							<defName>UT_EVOR_Sternum_NornCrown</defName>
							<label>&lt;color=#00FFF7&gt;the Norn Crown&lt;/color&gt;</label>
							<descriptionHyperlinks>
								<RecipeDef>EVOR_SurgeryInstall_Sternum_NornCrown</RecipeDef>
								<HediffDef>EVOR_Hediff_Sternum_NornCrown</HediffDef>
							</descriptionHyperlinks>
							<products>
								<EVOR_Item_Sternum_NornCrown>1</EVOR_Item_Sternum_NornCrown>
							</products>
						</RecipeDef>
						<!-- Pseudo-Invisibility Studies -->
						<RecipeDef Name="UT_EVOR_Artifact_ShimmerWorm" ParentName="EVOR_UT_300protein6mechanites" Abstract="True">
							<researchPrerequisite>EVOR_Research_Artifact_ShimmerWorm</researchPrerequisite>
						</RecipeDef>
						<RecipeDef ParentName="UT_EVOR_Artifact_ShimmerWorm">
							<defName>UT_EVOR_Sternum_ReactiveShimmerworms</defName>
							<label>&lt;color=#00FFF7&gt;reactive shimmerworms&lt;/color&gt;</label>
							<descriptionHyperlinks>
								<RecipeDef>EVOR_SurgeryInstall_Sternum_ReactiveShimmerworms</RecipeDef>
								<HediffDef>EVOR_Hediff_Sternum_ReactiveShimmerworms</HediffDef>
							</descriptionHyperlinks>
							<products>
								<EVOR_Item_Sternum_ReactiveShimmerworms>1</EVOR_Item_Sternum_ReactiveShimmerworms>
							</products>
						</RecipeDef>
						<!-- SkinHardening -->
						<RecipeDef ParentName="EVOR_UT_120protein2mechanites">
							<defName>EVOR_UT_Torso_MucousGland</defName>
							<label>&lt;color=#00FFF7&gt;mucous gland&lt;/color&gt;</label>
							<descriptionHyperlinks>
								<RecipeDef>EVOR_SurgeryInstall_Torso_MucousGland</RecipeDef>
								<HediffDef>EVOR_Hediff_Torso_MucousGland</HediffDef>
							</descriptionHyperlinks>
							<products>
								<EVOR_Item_Torso_MucousGland>1</EVOR_Item_Torso_MucousGland>
							</products>
								<researchPrerequisite>SkinHardening</researchPrerequisite>
						</RecipeDef>
						</value>
				</li>
				<li Class="PatchOperationAdd">
					<xpath>/Defs/ThingDef[defName="UT_OrganIncubator"]/recipes</xpath>
					<value>
						<!-- Put here all the new recipe names for the organs -->
						<li>UT_EVOR_Sternum_NornCrown</li>
						<li>UT_EVOR_Sternum_ReactiveShimmerworms</li>
						<li>EVOR_UT_Torso_MucousGland</li>
					</value>
				</li>
			</operations>
		</match>
	</Operation>
</Patch>